2025-07-17 20:56:01,153 - __main__ - INFO - ============================================================
2025-07-17 20:56:01,153 - __main__ - INFO - SIP Algorithmic Trading System - Starting Up
2025-07-17 20:56:01,153 - __main__ - INFO - ============================================================
2025-07-17 20:56:01,153 - __main__ - INFO - Initializing database...
2025-07-17 20:56:01,155 - data.storage - INFO - Database initialized successfully
2025-07-17 20:56:01,155 - __main__ - INFO - ✓ Database initialized successfully
2025-07-17 20:56:01,155 - __main__ - INFO - Initializing market data provider...
2025-07-17 20:56:01,155 - __main__ - INFO - ✓ Market data provider initialized
2025-07-17 20:56:01,155 - __main__ - INFO - Initializing broker connection...
2025-07-17 20:56:01,155 - brokers.zerodha_broker - INFO - Connecting to Zerodha API...
2025-07-17 20:56:01,155 - brokers.zerodha_broker - ERROR - API key or secret not provided
2025-07-17 20:56:01,155 - __main__ - ERROR - ✗ Failed to connect to broker
2025-07-17 20:58:54,239 - __main__ - INFO - ============================================================
2025-07-17 20:58:54,240 - __main__ - INFO - SIP Algorithmic Trading System - Starting Up
2025-07-17 20:58:54,240 - __main__ - INFO - ============================================================
2025-07-17 20:58:54,240 - __main__ - INFO - Initializing database...
2025-07-17 20:58:54,240 - data.storage - INFO - Database initialized successfully
2025-07-17 20:58:54,240 - __main__ - INFO - ✓ Database initialized successfully
2025-07-17 20:58:54,240 - __main__ - INFO - Initializing market data provider...
2025-07-17 20:58:54,240 - __main__ - INFO - ✓ Market data provider initialized
2025-07-17 20:58:54,240 - __main__ - INFO - Initializing broker connection...
2025-07-17 20:58:54,240 - brokers.zerodha_broker - INFO - Connecting to Zerodha API...
2025-07-17 20:58:54,240 - brokers.zerodha_broker - ERROR - API key or secret not provided
2025-07-17 20:58:54,240 - __main__ - ERROR - ✗ Failed to connect to broker
2025-07-17 20:59:16,731 - __main__ - INFO - ============================================================
2025-07-17 20:59:16,731 - __main__ - INFO - SIP Algorithmic Trading System - Starting Up
2025-07-17 20:59:16,731 - __main__ - INFO - ============================================================
2025-07-17 20:59:16,731 - __main__ - INFO - Initializing database...
2025-07-17 20:59:16,732 - data.storage - INFO - Database initialized successfully
2025-07-17 20:59:16,732 - __main__ - INFO - ✓ Database initialized successfully
2025-07-17 20:59:16,732 - __main__ - INFO - Initializing market data provider...
2025-07-17 20:59:16,732 - __main__ - INFO - ✓ Market data provider initialized
2025-07-17 20:59:16,732 - __main__ - INFO - Initializing broker connection...
2025-07-17 20:59:16,732 - brokers.zerodha_broker - INFO - Connecting to Zerodha API...
2025-07-17 20:59:16,732 - brokers.zerodha_broker - ERROR - API key or secret not provided
2025-07-17 20:59:16,732 - __main__ - ERROR - ✗ Failed to connect to broker
2025-07-17 21:02:09,057 - __main__ - INFO - ============================================================
2025-07-17 21:02:09,057 - __main__ - INFO - SIP Algorithmic Trading System - Starting Up
2025-07-17 21:02:09,057 - __main__ - INFO - ============================================================
2025-07-17 21:02:09,057 - __main__ - INFO - Initializing database...
2025-07-17 21:02:09,058 - data.storage - INFO - Database initialized successfully
2025-07-17 21:02:09,058 - __main__ - INFO - ✓ Database initialized successfully
2025-07-17 21:02:09,058 - __main__ - INFO - Initializing market data provider...
2025-07-17 21:02:09,058 - __main__ - INFO - ✓ Market data provider initialized
2025-07-17 21:02:09,058 - __main__ - INFO - Initializing broker connection...
2025-07-17 21:02:09,058 - brokers.zerodha_broker - INFO - Zerodha broker initialized in demo mode
2025-07-17 21:02:09,058 - brokers.zerodha_broker - INFO - Connecting to Zerodha API...
2025-07-17 21:02:09,058 - brokers.zerodha_broker - INFO - Running in DEMO mode - using mock broker
2025-07-17 21:02:09,058 - __main__ - INFO - ✓ Broker connected successfully
2025-07-17 21:02:09,058 - __main__ - INFO - Initializing order manager...
2025-07-17 21:02:09,058 - __main__ - INFO - ✓ Order manager initialized
2025-07-17 21:02:09,058 - __main__ - INFO - Account balance: ₹100000.00
2025-07-17 21:02:09,058 - __main__ - INFO - Current positions: 2
2025-07-17 21:02:09,058 - __main__ - INFO - ✓ System initialization completed successfully
2025-07-17 21:02:09,058 - __main__ - INFO - Running in demonstration mode...
2025-07-17 21:02:09,058 - __main__ - INFO - Updating market data for 3 symbols...
2025-07-17 21:02:09,058 - __main__ - INFO - Fetching data for NIFTY50...
2025-07-17 21:02:10,041 - data.storage - INFO - Stored 5 records for NIFTY50
2025-07-17 21:02:10,041 - data.market_data - INFO - Fetched 5 records for NIFTY50
2025-07-17 21:02:10,041 - __main__ - INFO - ✓ Updated 5 records for NIFTY50
2025-07-17 21:02:10,542 - __main__ - INFO - Fetching data for RELIANCE...
2025-07-17 21:02:10,909 - data.storage - INFO - Stored 5 records for RELIANCE
2025-07-17 21:02:10,909 - data.market_data - INFO - Fetched 5 records for RELIANCE
2025-07-17 21:02:10,910 - __main__ - INFO - ✓ Updated 5 records for RELIANCE
2025-07-17 21:02:11,415 - __main__ - INFO - Fetching data for TCS...
2025-07-17 21:02:11,682 - data.storage - INFO - Stored 5 records for TCS
2025-07-17 21:02:11,682 - data.market_data - INFO - Fetched 5 records for TCS
2025-07-17 21:02:11,682 - __main__ - INFO - ✓ Updated 5 records for TCS
2025-07-17 21:02:12,183 - __main__ - INFO - ✓ Market data update completed
2025-07-17 21:02:12,184 - __main__ - INFO - Fetching current prices for 3 symbols...
2025-07-17 21:02:12,563 - data.market_data - INFO - Current price for NIFTY50: 25111.45
2025-07-17 21:02:12,953 - data.market_data - INFO - Current price for RELIANCE: 1476.4
2025-07-17 21:02:13,340 - data.market_data - INFO - Current price for TCS: 3209.2
2025-07-17 21:02:13,446 - __main__ - INFO -   NIFTY50: ₹25111.45
2025-07-17 21:02:13,447 - __main__ - INFO -   RELIANCE: ₹1476.40
2025-07-17 21:02:13,447 - __main__ - INFO -   TCS: ₹3209.20
2025-07-17 21:02:13,447 - __main__ - INFO - Executing SIP strategy...
2025-07-17 21:02:13,447 - __main__ - INFO - Market is closed, skipping SIP execution
2025-07-17 21:02:13,447 - __main__ - INFO - Portfolio Summary:
2025-07-17 21:02:13,447 - __main__ - INFO - ----------------------------------------
2025-07-17 21:02:13,448 - __main__ - INFO - Cash Balance: ₹100000.00
2025-07-17 21:02:13,448 - __main__ - INFO - Used Margin: ₹25000.00
2025-07-17 21:02:13,448 - __main__ - INFO - Holdings: 2 positions
2025-07-17 21:02:13,448 - __main__ - INFO -   {'symbol': 'RELIANCE', 'quantity': 10, 'average_price': 2650.0, 'current_price': 2680.0, 'pnl': 300.0}
2025-07-17 21:02:13,448 - __main__ - INFO -   {'symbol': 'TCS', 'quantity': 5, 'average_price': 3500.0, 'current_price': 3520.0, 'pnl': 100.0}
2025-07-17 21:02:13,448 - __main__ - INFO - No active orders
2025-07-17 21:02:13,448 - __main__ - INFO - ✓ System execution completed successfully
2025-07-17 21:02:13,448 - __main__ - INFO - Cleaning up system resources...
2025-07-17 21:02:13,448 - __main__ - INFO - ✓ Cleanup completed
2025-07-17 21:08:57,682 - test_logger - INFO - Test log message
2025-07-17 21:08:57,682 - data.storage - INFO - Database initialized successfully
2025-07-17 21:08:57,682 - brokers.zerodha_broker - INFO - Zerodha broker initialized in demo mode
2025-07-17 21:08:57,682 - brokers.zerodha_broker - INFO - Connecting to Zerodha API...
2025-07-17 21:08:57,682 - brokers.zerodha_broker - INFO - Running in DEMO mode - using mock broker
2025-07-17 21:08:57,780 - data.market_data - INFO - Current price for RELIANCE: 1476.4
2025-07-17 21:08:57,919 - data.market_data - INFO - Current price for TCS: 3209.2
2025-07-17 21:11:25,929 - test_logger - INFO - Test log message
2025-07-17 21:11:25,929 - data.storage - INFO - Database initialized successfully
2025-07-17 21:11:25,929 - brokers.zerodha_broker - INFO - Zerodha broker initialized in demo mode
2025-07-17 21:11:25,929 - brokers.zerodha_broker - INFO - Connecting to Zerodha API...
2025-07-17 21:11:25,929 - brokers.zerodha_broker - INFO - Running in DEMO mode - using mock broker
2025-07-17 21:11:26,042 - data.market_data - INFO - Current price for RELIANCE: 1476.4
2025-07-17 21:11:26,217 - data.market_data - INFO - Current price for TCS: 3209.2
2025-07-17 21:13:41,574 - __main__ - INFO - ============================================================
2025-07-17 21:13:41,574 - __main__ - INFO - SIP Algorithmic Trading System - Starting Up
2025-07-17 21:13:41,574 - __main__ - INFO - ============================================================
2025-07-17 21:13:41,574 - __main__ - INFO - Initializing database...
2025-07-17 21:13:41,575 - data.storage - INFO - Database initialized successfully
2025-07-17 21:13:41,575 - __main__ - INFO - ✓ Database initialized successfully
2025-07-17 21:13:41,575 - __main__ - INFO - Initializing market data provider...
2025-07-17 21:13:41,575 - __main__ - INFO - ✓ Market data provider initialized
2025-07-17 21:13:41,575 - __main__ - INFO - Initializing broker connection...
2025-07-17 21:13:41,575 - brokers.zerodha_broker - INFO - Zerodha broker initialized in demo mode
2025-07-17 21:13:41,575 - brokers.zerodha_broker - INFO - Connecting to Zerodha API...
2025-07-17 21:13:41,575 - brokers.zerodha_broker - INFO - Running in DEMO mode - using mock broker
2025-07-17 21:13:41,575 - __main__ - INFO - ✓ Broker connected successfully
2025-07-17 21:13:41,575 - __main__ - INFO - Initializing order manager...
2025-07-17 21:13:41,575 - __main__ - INFO - ✓ Order manager initialized
2025-07-17 21:13:41,575 - __main__ - INFO - Account balance: ₹100000.00
2025-07-17 21:13:41,575 - __main__ - INFO - Current positions: 2
2025-07-17 21:13:41,575 - __main__ - INFO - ✓ System initialization completed successfully
2025-07-17 21:13:41,575 - __main__ - INFO - Running in demonstration mode...
2025-07-17 21:13:41,575 - __main__ - INFO - Updating market data for 3 symbols...
2025-07-17 21:13:41,575 - __main__ - INFO - Fetching data for NIFTY50...
2025-07-17 21:13:42,284 - data.storage - INFO - Stored 5 records for NIFTY50
2025-07-17 21:13:42,284 - data.market_data - INFO - Fetched 5 records for NIFTY50
2025-07-17 21:13:42,284 - __main__ - INFO - ✓ Updated 5 records for NIFTY50
2025-07-17 21:13:42,790 - __main__ - INFO - Fetching data for RELIANCE...
2025-07-17 21:13:42,928 - data.storage - INFO - Stored 5 records for RELIANCE
2025-07-17 21:13:42,928 - data.market_data - INFO - Fetched 5 records for RELIANCE
2025-07-17 21:13:42,928 - __main__ - INFO - ✓ Updated 5 records for RELIANCE
2025-07-17 21:13:43,433 - __main__ - INFO - Fetching data for TCS...
2025-07-17 21:13:43,636 - data.storage - INFO - Stored 5 records for TCS
2025-07-17 21:13:43,636 - data.market_data - INFO - Fetched 5 records for TCS
2025-07-17 21:13:43,636 - __main__ - INFO - ✓ Updated 5 records for TCS
2025-07-17 21:13:44,141 - __main__ - INFO - ✓ Market data update completed
2025-07-17 21:13:44,142 - __main__ - INFO - Fetching current prices for 3 symbols...
2025-07-17 21:13:44,379 - data.market_data - INFO - Current price for NIFTY50: 25111.45
2025-07-17 21:13:44,733 - data.market_data - INFO - Current price for RELIANCE: 1476.4
2025-07-17 21:13:45,227 - data.market_data - INFO - Current price for TCS: 3209.2
2025-07-17 21:13:45,332 - __main__ - INFO -   NIFTY50: ₹25111.45
2025-07-17 21:13:45,332 - __main__ - INFO -   RELIANCE: ₹1476.40
2025-07-17 21:13:45,333 - __main__ - INFO -   TCS: ₹3209.20
2025-07-17 21:13:45,333 - __main__ - INFO - Executing SIP strategy...
2025-07-17 21:13:45,333 - __main__ - INFO - Market is closed, skipping SIP execution
2025-07-17 21:13:45,333 - __main__ - INFO - Portfolio Summary:
2025-07-17 21:13:45,333 - __main__ - INFO - ----------------------------------------
2025-07-17 21:13:45,334 - __main__ - INFO - Cash Balance: ₹100000.00
2025-07-17 21:13:45,334 - __main__ - INFO - Used Margin: ₹25000.00
2025-07-17 21:13:45,334 - __main__ - INFO - Holdings: 2 positions
2025-07-17 21:13:45,334 - __main__ - INFO -   {'symbol': 'RELIANCE', 'quantity': 10, 'average_price': 2650.0, 'current_price': 2680.0, 'pnl': 300.0}
2025-07-17 21:13:45,334 - __main__ - INFO -   {'symbol': 'TCS', 'quantity': 5, 'average_price': 3500.0, 'current_price': 3520.0, 'pnl': 100.0}
2025-07-17 21:13:45,334 - __main__ - INFO - No active orders
2025-07-17 21:13:45,334 - __main__ - INFO - ✓ System execution completed successfully
2025-07-17 21:13:45,334 - __main__ - INFO - Cleaning up system resources...
2025-07-17 21:13:45,334 - __main__ - INFO - ✓ Cleanup completed
2025-07-17 21:13:55,840 - test_logger - INFO - Test log message
2025-07-17 21:13:55,840 - data.storage - INFO - Database initialized successfully
2025-07-17 21:13:55,841 - brokers.zerodha_broker - INFO - Zerodha broker initialized in demo mode
2025-07-17 21:13:55,841 - brokers.zerodha_broker - INFO - Connecting to Zerodha API...
2025-07-17 21:13:55,841 - brokers.zerodha_broker - INFO - Running in DEMO mode - using mock broker
2025-07-17 21:13:55,864 - data.market_data - INFO - Current price for RELIANCE: 1476.4
2025-07-17 21:13:56,042 - data.market_data - INFO - Current price for TCS: 3209.2
2025-07-17 21:15:57,116 - data.storage - INFO - Database initialized successfully
2025-07-17 21:15:57,116 - brokers.zerodha_broker - INFO - Zerodha broker initialized in demo mode
2025-07-17 21:15:57,116 - brokers.zerodha_broker - INFO - Connecting to Zerodha API...
2025-07-17 21:15:57,116 - brokers.zerodha_broker - INFO - Running in DEMO mode - using mock broker
2025-07-17 21:15:57,116 - __main__ - INFO - SIP Scheduler initialized successfully
2025-07-17 21:15:57,116 - __main__ - INFO - Starting SIP scheduler...
2025-07-17 21:15:57,116 - __main__ - INFO - Setting up scheduled tasks...
2025-07-17 21:15:57,116 - __main__ - ERROR - Failed to start scheduler: 'Job' object has no attribute 'month'
2025-07-17 21:16:23,653 - data.storage - INFO - Database initialized successfully
2025-07-17 21:18:12,507 - __main__ - INFO - Initializing SIP Scheduler...
2025-07-17 21:18:12,508 - data.storage - INFO - Database initialized successfully
2025-07-17 21:18:12,508 - brokers.zerodha_broker - INFO - Zerodha broker initialized in demo mode
2025-07-17 21:18:12,508 - brokers.zerodha_broker - INFO - Connecting to Zerodha API...
2025-07-17 21:18:12,508 - brokers.zerodha_broker - INFO - Running in DEMO mode - using mock broker
2025-07-17 21:18:12,508 - __main__ - INFO - SIP Scheduler initialized successfully
2025-07-17 21:18:12,508 - __main__ - INFO - Starting SIP scheduler...
2025-07-17 21:18:12,508 - __main__ - INFO - Setting up scheduled tasks...
2025-07-17 21:18:12,509 - __main__ - INFO - Scheduled tasks configured successfully
2025-07-17 21:18:12,509 - __main__ - INFO - Schedule summary:
2025-07-17 21:18:12,509 - __main__ - INFO -   - Market data update: Every 30 minutes
2025-07-17 21:18:12,509 - __main__ - INFO -   - Monthly SIP check: Daily at 10:00 AM and 2:00 PM
2025-07-17 21:18:12,509 - __main__ - INFO -   - Order monitoring: Every 5 minutes
2025-07-17 21:18:12,509 - __main__ - INFO -   - Daily data update: 9:00 AM
2025-07-17 21:18:12,509 - __main__ - INFO - Scheduler is running. Press Ctrl+C to stop.
2025-07-17 21:18:12,509 - __main__ - INFO - Next scheduled tasks:
2025-07-17 21:18:12,509 - __main__ - INFO -   - Job(interval=30, unit=minutes, do=update_market_data, args=(), kwargs={})
2025-07-17 21:18:12,509 - __main__ - INFO -   - Job(interval=1, unit=days, do=check_monthly_sip, args=(), kwargs={})
2025-07-17 21:18:12,509 - __main__ - INFO -   - Job(interval=5, unit=minutes, do=monitor_orders, args=(), kwargs={})
2025-07-17 21:18:12,509 - __main__ - INFO -   - Job(interval=1, unit=days, do=daily_market_data_update, args=(), kwargs={})
2025-07-17 21:18:12,509 - __main__ - INFO -   - Job(interval=1, unit=days, do=check_monthly_sip, args=(), kwargs={})
2025-07-17 21:18:39,688 - __main__ - INFO - Scheduler stopped by user
2025-07-17 21:24:45,447 - test_logger - INFO - Test log message
2025-07-17 21:24:45,447 - data.storage - INFO - Database initialized successfully
2025-07-17 21:24:45,447 - brokers.zerodha_broker - INFO - Zerodha broker initialized in demo mode
2025-07-17 21:24:45,447 - brokers.zerodha_broker - INFO - Connecting to Zerodha API...
2025-07-17 21:24:45,447 - brokers.zerodha_broker - INFO - Running in DEMO mode - using mock broker
2025-07-17 21:24:45,509 - data.market_data - INFO - Current price for RELIANCE: 1476.4
2025-07-17 21:24:45,681 - data.market_data - INFO - Current price for TCS: 3209.2
2025-07-17 21:24:51,445 - __main__ - INFO - ============================================================
2025-07-17 21:24:51,445 - __main__ - INFO - SIP Algorithmic Trading System - Starting Up
2025-07-17 21:24:51,445 - __main__ - INFO - ============================================================
2025-07-17 21:24:51,445 - __main__ - INFO - Initializing database...
2025-07-17 21:24:51,446 - data.storage - INFO - Database initialized successfully
2025-07-17 21:24:51,446 - __main__ - INFO - ✓ Database initialized successfully
2025-07-17 21:24:51,446 - __main__ - INFO - Initializing market data provider...
2025-07-17 21:24:51,446 - __main__ - INFO - ✓ Market data provider initialized
2025-07-17 21:24:51,446 - __main__ - INFO - Initializing broker connection...
2025-07-17 21:24:51,446 - brokers.zerodha_broker - INFO - Zerodha broker initialized in demo mode
2025-07-17 21:24:51,446 - brokers.zerodha_broker - INFO - Connecting to Zerodha API...
2025-07-17 21:24:51,447 - brokers.zerodha_broker - INFO - Running in DEMO mode - using mock broker
2025-07-17 21:24:51,447 - __main__ - INFO - ✓ Broker connected successfully
2025-07-17 21:24:51,447 - __main__ - INFO - Initializing order manager...
2025-07-17 21:24:51,447 - __main__ - INFO - ✓ Order manager initialized
2025-07-17 21:24:51,447 - __main__ - INFO - Account balance: ₹100000.00
2025-07-17 21:24:51,447 - __main__ - INFO - Current positions: 2
2025-07-17 21:24:51,447 - __main__ - INFO - ✓ System initialization completed successfully
2025-07-17 21:24:51,447 - __main__ - INFO - Running in demonstration mode...
2025-07-17 21:24:51,447 - __main__ - INFO - Updating market data for 3 symbols...
2025-07-17 21:24:51,447 - __main__ - INFO - Fetching data for NIFTY50...
2025-07-17 21:24:52,165 - data.storage - INFO - Stored 5 records for NIFTY50
2025-07-17 21:24:52,165 - data.market_data - INFO - Fetched 5 records for NIFTY50
2025-07-17 21:24:52,166 - __main__ - INFO - ✓ Updated 5 records for NIFTY50
2025-07-17 21:24:52,671 - __main__ - INFO - Fetching data for RELIANCE...
2025-07-17 21:24:52,835 - data.storage - INFO - Stored 5 records for RELIANCE
2025-07-17 21:24:52,836 - data.market_data - INFO - Fetched 5 records for RELIANCE
2025-07-17 21:24:52,836 - __main__ - INFO - ✓ Updated 5 records for RELIANCE
2025-07-17 21:24:53,341 - __main__ - INFO - Fetching data for TCS...
2025-07-17 21:24:53,473 - data.storage - INFO - Stored 5 records for TCS
2025-07-17 21:24:53,473 - data.market_data - INFO - Fetched 5 records for TCS
2025-07-17 21:24:53,473 - __main__ - INFO - ✓ Updated 5 records for TCS
2025-07-17 21:24:53,974 - __main__ - INFO - ✓ Market data update completed
2025-07-17 21:24:53,975 - __main__ - INFO - Fetching current prices for 3 symbols...
2025-07-17 21:24:54,242 - data.market_data - INFO - Current price for NIFTY50: 25111.45
2025-07-17 21:24:54,612 - data.market_data - INFO - Current price for RELIANCE: 1476.4
2025-07-17 21:24:54,996 - data.market_data - INFO - Current price for TCS: 3209.2
2025-07-17 21:24:55,102 - __main__ - INFO -   NIFTY50: ₹25111.45
2025-07-17 21:24:55,102 - __main__ - INFO -   RELIANCE: ₹1476.40
2025-07-17 21:24:55,102 - __main__ - INFO -   TCS: ₹3209.20
2025-07-17 21:24:55,103 - __main__ - INFO - Executing SIP strategy...
2025-07-17 21:24:55,103 - __main__ - INFO - Market is closed, skipping SIP execution
2025-07-17 21:24:55,103 - __main__ - INFO - Portfolio Summary:
2025-07-17 21:24:55,103 - __main__ - INFO - ----------------------------------------
2025-07-17 21:24:55,104 - __main__ - INFO - Cash Balance: ₹100000.00
2025-07-17 21:24:55,104 - __main__ - INFO - Used Margin: ₹25000.00
2025-07-17 21:24:55,104 - __main__ - INFO - Holdings: 2 positions
2025-07-17 21:24:55,104 - __main__ - INFO -   {'symbol': 'RELIANCE', 'quantity': 10, 'average_price': 2650.0, 'current_price': 2680.0, 'pnl': 300.0}
2025-07-17 21:24:55,104 - __main__ - INFO -   {'symbol': 'TCS', 'quantity': 5, 'average_price': 3500.0, 'current_price': 3520.0, 'pnl': 100.0}
2025-07-17 21:24:55,104 - __main__ - INFO - No active orders
2025-07-17 21:24:55,104 - __main__ - INFO - ✓ System execution completed successfully
2025-07-17 21:24:55,104 - __main__ - INFO - Cleaning up system resources...
2025-07-17 21:24:55,105 - __main__ - INFO - ✓ Cleanup completed
2025-07-17 21:25:01,239 - __main__ - INFO - Initializing SIP Scheduler...
2025-07-17 21:25:01,240 - data.storage - INFO - Database initialized successfully
2025-07-17 21:25:01,240 - brokers.zerodha_broker - INFO - Zerodha broker initialized in demo mode
2025-07-17 21:25:01,240 - brokers.zerodha_broker - INFO - Connecting to Zerodha API...
2025-07-17 21:25:01,240 - brokers.zerodha_broker - INFO - Running in DEMO mode - using mock broker
2025-07-17 21:25:01,240 - __main__ - INFO - SIP Scheduler initialized successfully
2025-07-17 21:25:01,240 - __main__ - INFO - Running scheduler tasks once...
2025-07-17 21:25:01,240 - __main__ - INFO - Testing market data update...
2025-07-17 21:25:01,240 - __main__ - INFO - Updating market data...
2025-07-17 21:25:01,682 - data.storage - INFO - Stored 5 records for NIFTY50
2025-07-17 21:25:01,682 - data.market_data - INFO - Fetched 5 records for NIFTY50
2025-07-17 21:25:01,683 - data.market_data - INFO - Updated market data for NIFTY50
2025-07-17 21:25:02,335 - data.storage - INFO - Stored 5 records for RELIANCE
2025-07-17 21:25:02,335 - data.market_data - INFO - Fetched 5 records for RELIANCE
2025-07-17 21:25:02,335 - data.market_data - INFO - Updated market data for RELIANCE
2025-07-17 21:25:02,985 - data.storage - INFO - Stored 5 records for TCS
2025-07-17 21:25:02,986 - data.market_data - INFO - Fetched 5 records for TCS
2025-07-17 21:25:02,986 - data.market_data - INFO - Updated market data for TCS
2025-07-17 21:25:03,755 - data.storage - INFO - Stored 5 records for HDFCBANK
2025-07-17 21:25:03,755 - data.market_data - INFO - Fetched 5 records for HDFCBANK
2025-07-17 21:25:03,755 - data.market_data - INFO - Updated market data for HDFCBANK
2025-07-17 21:25:04,523 - data.storage - INFO - Stored 5 records for INFY
2025-07-17 21:25:04,523 - data.market_data - INFO - Fetched 5 records for INFY
2025-07-17 21:25:04,523 - data.market_data - INFO - Updated market data for INFY
2025-07-17 21:25:05,027 - __main__ - INFO - Market data updated successfully
2025-07-17 21:25:05,028 - __main__ - INFO - Testing order monitoring...
2025-07-17 21:25:05,028 - __main__ - INFO - Testing monthly SIP check...
2025-07-17 21:25:05,029 - __main__ - INFO - Today is the 17th, monthly SIP will run on the 1st
2025-07-17 21:25:05,029 - __main__ - INFO - Force executing monthly SIP for testing...
2025-07-17 21:25:05,029 - __main__ - ERROR - Error in scheduler test: can't set attributes of built-in/extension type 'datetime.datetime'
2025-07-17 21:26:14,075 - data.storage - INFO - Database initialized successfully
2025-07-17 21:28:43,444 - __main__ - INFO - Initializing SIP Scheduler...
2025-07-17 21:28:43,445 - data.storage - INFO - Database initialized successfully
2025-07-17 21:28:43,445 - brokers.zerodha_broker - INFO - Zerodha broker initialized in demo mode
2025-07-17 21:28:43,445 - brokers.zerodha_broker - INFO - Connecting to Zerodha API...
2025-07-17 21:28:43,445 - brokers.zerodha_broker - INFO - Running in DEMO mode - using mock broker
2025-07-17 21:28:43,445 - __main__ - INFO - SIP Scheduler initialized successfully
2025-07-17 21:28:43,445 - __main__ - INFO - Running scheduler tasks once...
2025-07-17 21:28:43,445 - __main__ - INFO - Testing market data update...
2025-07-17 21:28:43,445 - __main__ - INFO - Updating market data...
2025-07-17 21:28:43,985 - data.storage - INFO - Stored 5 records for NIFTY50
2025-07-17 21:28:43,985 - data.market_data - INFO - Fetched 5 records for NIFTY50
2025-07-17 21:28:43,985 - data.market_data - INFO - Updated market data for NIFTY50
2025-07-17 21:28:44,626 - data.storage - INFO - Stored 5 records for RELIANCE
2025-07-17 21:28:44,626 - data.market_data - INFO - Fetched 5 records for RELIANCE
2025-07-17 21:28:44,626 - data.market_data - INFO - Updated market data for RELIANCE
2025-07-17 21:28:45,324 - data.storage - INFO - Stored 5 records for TCS
2025-07-17 21:28:45,324 - data.market_data - INFO - Fetched 5 records for TCS
2025-07-17 21:28:45,324 - data.market_data - INFO - Updated market data for TCS
2025-07-17 21:28:45,962 - data.storage - INFO - Stored 5 records for HDFCBANK
2025-07-17 21:28:45,962 - data.market_data - INFO - Fetched 5 records for HDFCBANK
2025-07-17 21:28:45,962 - data.market_data - INFO - Updated market data for HDFCBANK
2025-07-17 21:28:46,594 - data.storage - INFO - Stored 5 records for INFY
2025-07-17 21:28:46,595 - data.market_data - INFO - Fetched 5 records for INFY
2025-07-17 21:28:46,595 - data.market_data - INFO - Updated market data for INFY
2025-07-17 21:28:47,100 - __main__ - INFO - Market data updated successfully
2025-07-17 21:28:47,100 - __main__ - INFO - Testing order monitoring...
2025-07-17 21:28:47,100 - __main__ - INFO - Testing monthly SIP execution...
2025-07-17 21:28:47,101 - __main__ - INFO - Today is the 17th of the month
2025-07-17 21:28:47,101 - __main__ - INFO - In normal operation, SIP would execute on the 1st
2025-07-17 21:28:47,101 - __main__ - INFO - For testing purposes, executing SIP now...
2025-07-17 21:28:47,101 - __main__ - INFO - Executing monthly SIP...
2025-07-17 21:28:47,423 - data.market_data - INFO - Current price for NIFTY50: 25111.45
2025-07-17 21:28:47,768 - data.market_data - INFO - Current price for RELIANCE: 1476.4
2025-07-17 21:28:48,114 - data.market_data - INFO - Current price for TCS: 3209.2
2025-07-17 21:28:48,221 - data.storage - INFO - Stored order ad103038-df4d-46e3-870b-29887ed2000a
2025-07-17 21:28:48,222 - brokers.zerodha_broker - INFO - DEMO: Placing MARKET order for RELIANCE
2025-07-17 21:28:48,222 - brokers.zerodha_broker - INFO - Order placed successfully: ad103038-df4d-46e3-870b-29887ed2000a (DEMO)
2025-07-17 21:28:48,222 - orders.order_manager - INFO - Market order placed: ad103038-df4d-46e3-870b-29887ed2000a
2025-07-17 21:28:48,222 - __main__ - INFO - SIP order placed for RELIANCE: 1 units, Amount: ₹2500.00
2025-07-17 21:28:48,222 - __main__ - INFO - Monthly SIP execution completed. 1 orders placed.
2025-07-17 21:28:48,222 - __main__ - INFO - Scheduler test completed successfully
2025-07-19 16:43:36,524 - data.storage - INFO - Database initialized successfully
2025-07-19 16:43:36,526 - brokers.zerodha_broker - INFO - Zerodha broker initialized in demo mode
2025-07-19 16:43:36,526 - brokers.zerodha_broker - INFO - Connecting to Zerodha API...
2025-07-19 16:43:36,526 - brokers.zerodha_broker - INFO - Running in DEMO mode - using mock broker
2025-07-19 16:43:36,545 - __main__ - INFO - Trading dashboard initialized
2025-07-19 16:43:36,545 - __main__ - INFO - Starting dashboard server on http://127.0.0.1:8050
2025-07-19 16:43:36,545 - __main__ - ERROR - Error starting dashboard: app.run_server has been replaced by app.run
2025-07-19 16:43:36,545 - __main__ - ERROR - Dashboard startup error: app.run_server has been replaced by app.run
2025-07-19 16:44:07,865 - data.storage - INFO - Database initialized successfully
2025-07-19 16:44:07,865 - brokers.zerodha_broker - INFO - Zerodha broker initialized in demo mode
2025-07-19 16:44:07,865 - brokers.zerodha_broker - INFO - Connecting to Zerodha API...
2025-07-19 16:44:07,865 - brokers.zerodha_broker - INFO - Running in DEMO mode - using mock broker
2025-07-19 16:44:07,872 - __main__ - INFO - Trading dashboard initialized
2025-07-19 16:44:07,872 - __main__ - INFO - Starting dashboard server on http://127.0.0.1:8050
2025-07-19 16:44:07,873 - dash.dash - INFO - Dash is running on http://127.0.0.1:8050/

2025-07-19 16:44:07,877 - werkzeug - INFO - [31m[1mWARNING: This is a development server. Do not use it in a production deployment. Use a production WSGI server instead.[0m
 * Running on http://127.0.0.1:8050
2025-07-19 16:44:07,877 - werkzeug - INFO - [33mPress CTRL+C to quit[0m
2025-07-19 16:44:21,476 - werkzeug - INFO - 127.0.0.1 - - [19/Jul/2025 16:44:21] "GET / HTTP/1.1" 200 -
2025-07-19 16:44:21,483 - werkzeug - INFO - 127.0.0.1 - - [19/Jul/2025 16:44:21] "GET /_dash-component-suites/dash/deps/polyfill@7.v3_1_1m1752908644.12.1.min.js HTTP/1.1" 200 -
2025-07-19 16:44:21,483 - werkzeug - INFO - 127.0.0.1 - - [19/Jul/2025 16:44:21] "GET /_dash-component-suites/dash/deps/react@18.v3_1_1m1752908644.3.1.min.js HTTP/1.1" 200 -
2025-07-19 16:44:21,483 - werkzeug - INFO - 127.0.0.1 - - [19/Jul/2025 16:44:21] "GET /_dash-component-suites/dash/deps/prop-types@15.v3_1_1m1752908644.8.1.min.js HTTP/1.1" 200 -
2025-07-19 16:44:21,483 - werkzeug - INFO - 127.0.0.1 - - [19/Jul/2025 16:44:21] "GET /_dash-component-suites/dash/deps/react-dom@18.v3_1_1m1752908644.3.1.min.js HTTP/1.1" 200 -
2025-07-19 16:44:21,484 - werkzeug - INFO - 127.0.0.1 - - [19/Jul/2025 16:44:21] "GET /_dash-component-suites/dash/dcc/dash_core_components.v3_1_0m1752908644.js HTTP/1.1" 200 -
2025-07-19 16:44:21,485 - werkzeug - INFO - 127.0.0.1 - - [19/Jul/2025 16:44:21] "GET /_dash-component-suites/dash/dash-renderer/build/dash_renderer.v3_1_1m1752908644.min.js HTTP/1.1" 200 -
2025-07-19 16:44:21,487 - werkzeug - INFO - 127.0.0.1 - - [19/Jul/2025 16:44:21] "GET /_dash-component-suites/dash/dcc/dash_core_components-shared.v3_1_0m1752908644.js HTTP/1.1" 200 -
2025-07-19 16:44:21,488 - werkzeug - INFO - 127.0.0.1 - - [19/Jul/2025 16:44:21] "GET /_dash-component-suites/dash/html/dash_html_components.v3_0_3m1752908644.min.js HTTP/1.1" 200 -
2025-07-19 16:44:21,488 - werkzeug - INFO - 127.0.0.1 - - [19/Jul/2025 16:44:21] "GET /_dash-component-suites/dash/dash_table/bundle.v6_0_3m1752908644.js HTTP/1.1" 200 -
2025-07-19 16:44:22,231 - werkzeug - INFO - 127.0.0.1 - - [19/Jul/2025 16:44:22] "GET /_dash-layout HTTP/1.1" 200 -
2025-07-19 16:44:22,232 - werkzeug - INFO - 127.0.0.1 - - [19/Jul/2025 16:44:22] "GET /_dash-dependencies HTTP/1.1" 200 -
2025-07-19 16:44:22,233 - werkzeug - INFO - 127.0.0.1 - - [19/Jul/2025 16:44:22] "GET /_favicon.ico?v=3.1.1 HTTP/1.1" 200 -
2025-07-19 16:44:22,241 - werkzeug - INFO - 127.0.0.1 - - [19/Jul/2025 16:44:22] "POST /_dash-update-component HTTP/1.1" 200 -
2025-07-19 16:44:22,274 - werkzeug - INFO - 127.0.0.1 - - [19/Jul/2025 16:44:22] "POST /_dash-update-component HTTP/1.1" 200 -
2025-07-19 16:44:22,279 - werkzeug - INFO - 127.0.0.1 - - [19/Jul/2025 16:44:22] "GET /_dash-component-suites/dash/dcc/async-graph.js HTTP/1.1" 200 -
2025-07-19 16:44:22,280 - werkzeug - INFO - 127.0.0.1 - - [19/Jul/2025 16:44:22] "GET /_dash-component-suites/dash/dash_table/async-highlight.js HTTP/1.1" 200 -
2025-07-19 16:44:22,280 - werkzeug - INFO - 127.0.0.1 - - [19/Jul/2025 16:44:22] "GET /_dash-component-suites/dash/dash_table/async-table.js HTTP/1.1" 200 -
2025-07-19 16:44:22,285 - werkzeug - INFO - 127.0.0.1 - - [19/Jul/2025 16:44:22] "GET /_dash-component-suites/plotly/package_data/plotly.min.js HTTP/1.1" 200 -
2025-07-19 16:44:27,250 - werkzeug - INFO - 127.0.0.1 - - [19/Jul/2025 16:44:27] "POST /_dash-update-component HTTP/1.1" 200 -
2025-07-19 16:44:27,258 - werkzeug - INFO - 127.0.0.1 - - [19/Jul/2025 16:44:27] "POST /_dash-update-component HTTP/1.1" 200 -
2025-07-19 16:44:32,252 - werkzeug - INFO - 127.0.0.1 - - [19/Jul/2025 16:44:32] "POST /_dash-update-component HTTP/1.1" 200 -
2025-07-19 16:44:32,263 - werkzeug - INFO - 127.0.0.1 - - [19/Jul/2025 16:44:32] "POST /_dash-update-component HTTP/1.1" 200 -
2025-07-19 16:44:34,341 - werkzeug - INFO - 127.0.0.1 - - [19/Jul/2025 16:44:34] "POST /_dash-update-component HTTP/1.1" 200 -
2025-07-19 16:44:37,257 - werkzeug - INFO - 127.0.0.1 - - [19/Jul/2025 16:44:37] "POST /_dash-update-component HTTP/1.1" 200 -
2025-07-19 16:44:37,272 - werkzeug - INFO - 127.0.0.1 - - [19/Jul/2025 16:44:37] "POST /_dash-update-component HTTP/1.1" 200 -
2025-07-19 16:44:38,835 - werkzeug - INFO - 127.0.0.1 - - [19/Jul/2025 16:44:38] "POST /_dash-update-component HTTP/1.1" 200 -
2025-07-19 16:44:41,360 - werkzeug - INFO - 127.0.0.1 - - [19/Jul/2025 16:44:41] "POST /_dash-update-component HTTP/1.1" 200 -
2025-07-19 16:44:42,257 - werkzeug - INFO - 127.0.0.1 - - [19/Jul/2025 16:44:42] "POST /_dash-update-component HTTP/1.1" 200 -
2025-07-19 16:44:42,259 - werkzeug - INFO - 127.0.0.1 - - [19/Jul/2025 16:44:42] "POST /_dash-update-component HTTP/1.1" 200 -
2025-07-19 16:44:43,608 - werkzeug - INFO - 127.0.0.1 - - [19/Jul/2025 16:44:43] "POST /_dash-update-component HTTP/1.1" 200 -
2025-07-19 16:44:47,255 - werkzeug - INFO - 127.0.0.1 - - [19/Jul/2025 16:44:47] "POST /_dash-update-component HTTP/1.1" 200 -
2025-07-19 16:44:47,256 - werkzeug - INFO - 127.0.0.1 - - [19/Jul/2025 16:44:47] "POST /_dash-update-component HTTP/1.1" 200 -
2025-07-19 16:44:48,822 - data.market_data - ERROR - Error getting current price for NIFTY50: 429 Client Error: Too Many Requests for url: https://query2.finance.yahoo.com/v10/finance/quoteSummary/%5ENSEI?modules=summaryProfile%2CfinancialData%2CquoteType%2CdefaultKeyStatistics%2CassetProfile%2CsummaryDetail&ssl=true
2025-07-19 16:44:49,210 - data.market_data - ERROR - Error getting current price for RELIANCE: 429 Client Error: Too Many Requests for url: https://query2.finance.yahoo.com/v10/finance/quoteSummary/RELIANCE.NS?modules=summaryProfile%2CfinancialData%2CquoteType%2CdefaultKeyStatistics%2CassetProfile%2CsummaryDetail&ssl=true
2025-07-19 16:44:49,618 - data.market_data - ERROR - Error getting current price for TCS: 429 Client Error: Too Many Requests for url: https://query2.finance.yahoo.com/v10/finance/quoteSummary/TCS.NS?modules=summaryProfile%2CfinancialData%2CquoteType%2CdefaultKeyStatistics%2CassetProfile%2CsummaryDetail&ssl=true
2025-07-19 16:44:49,971 - data.market_data - ERROR - Error getting current price for HDFCBANK: 429 Client Error: Too Many Requests for url: https://query2.finance.yahoo.com/v10/finance/quoteSummary/HDFCBANK.NS?modules=summaryProfile%2CfinancialData%2CquoteType%2CdefaultKeyStatistics%2CassetProfile%2CsummaryDetail&ssl=true
2025-07-19 16:44:50,290 - data.market_data - ERROR - Error getting current price for INFY: 429 Client Error: Too Many Requests for url: https://query2.finance.yahoo.com/v10/finance/quoteSummary/INFY.NS?modules=summaryProfile%2CfinancialData%2CquoteType%2CdefaultKeyStatistics%2CassetProfile%2CsummaryDetail&ssl=true
2025-07-19 16:44:50,296 - werkzeug - INFO - 127.0.0.1 - - [19/Jul/2025 16:44:50] "POST /_dash-update-component HTTP/1.1" 200 -
2025-07-19 16:44:50,549 - werkzeug - INFO - 127.0.0.1 - - [19/Jul/2025 16:44:50] "POST /_dash-update-component HTTP/1.1" 200 -
2025-07-19 16:44:51,777 - data.market_data - ERROR - Error getting current price for NIFTY50: 429 Client Error: Too Many Requests for url: https://query2.finance.yahoo.com/v10/finance/quoteSummary/%5ENSEI?modules=summaryProfile%2CfinancialData%2CquoteType%2CdefaultKeyStatistics%2CassetProfile%2CsummaryDetail&ssl=true
2025-07-19 16:44:52,087 - data.market_data - ERROR - Error getting current price for RELIANCE: 429 Client Error: Too Many Requests for url: https://query2.finance.yahoo.com/v10/finance/quoteSummary/RELIANCE.NS?modules=summaryProfile%2CfinancialData%2CquoteType%2CdefaultKeyStatistics%2CassetProfile%2CsummaryDetail&ssl=true
2025-07-19 16:44:52,251 - werkzeug - INFO - 127.0.0.1 - - [19/Jul/2025 16:44:52] "POST /_dash-update-component HTTP/1.1" 200 -
2025-07-19 16:44:52,420 - data.market_data - ERROR - Error getting current price for TCS: 429 Client Error: Too Many Requests for url: https://query2.finance.yahoo.com/v10/finance/quoteSummary/TCS.NS?modules=summaryProfile%2CfinancialData%2CquoteType%2CdefaultKeyStatistics%2CassetProfile%2CsummaryDetail&ssl=true
2025-07-19 16:44:52,616 - data.market_data - ERROR - Error getting current price for NIFTY50: 429 Client Error: Too Many Requests for url: https://query2.finance.yahoo.com/v10/finance/quoteSummary/%5ENSEI?modules=summaryProfile%2CfinancialData%2CquoteType%2CdefaultKeyStatistics%2CassetProfile%2CsummaryDetail&ssl=true
2025-07-19 16:44:52,769 - data.market_data - ERROR - Error getting current price for HDFCBANK: 429 Client Error: Too Many Requests for url: https://query2.finance.yahoo.com/v10/finance/quoteSummary/HDFCBANK.NS?modules=summaryProfile%2CfinancialData%2CquoteType%2CdefaultKeyStatistics%2CassetProfile%2CsummaryDetail&ssl=true
2025-07-19 16:44:53,177 - data.market_data - ERROR - Error getting current price for INFY: 429 Client Error: Too Many Requests for url: https://query2.finance.yahoo.com/v10/finance/quoteSummary/INFY.NS?modules=summaryProfile%2CfinancialData%2CquoteType%2CdefaultKeyStatistics%2CassetProfile%2CsummaryDetail&ssl=true
2025-07-19 16:44:53,184 - werkzeug - INFO - 127.0.0.1 - - [19/Jul/2025 16:44:53] "POST /_dash-update-component HTTP/1.1" 200 -
2025-07-19 16:44:53,458 - data.market_data - ERROR - Error getting current price for RELIANCE: 429 Client Error: Too Many Requests for url: https://query2.finance.yahoo.com/v10/finance/quoteSummary/RELIANCE.NS?modules=summaryProfile%2CfinancialData%2CquoteType%2CdefaultKeyStatistics%2CassetProfile%2CsummaryDetail&ssl=true
2025-07-19 16:44:55,111 - data.market_data - ERROR - Error getting current price for TCS: 429 Client Error: Too Many Requests for url: https://query2.finance.yahoo.com/v10/finance/quoteSummary/TCS.NS?modules=summaryProfile%2CfinancialData%2CquoteType%2CdefaultKeyStatistics%2CassetProfile%2CsummaryDetail&ssl=true
2025-07-19 16:44:55,496 - data.market_data - ERROR - Error getting current price for HDFCBANK: 429 Client Error: Too Many Requests for url: https://query2.finance.yahoo.com/v10/finance/quoteSummary/HDFCBANK.NS?modules=summaryProfile%2CfinancialData%2CquoteType%2CdefaultKeyStatistics%2CassetProfile%2CsummaryDetail&ssl=true
2025-07-19 16:44:55,889 - data.market_data - ERROR - Error getting current price for INFY: 429 Client Error: Too Many Requests for url: https://query2.finance.yahoo.com/v10/finance/quoteSummary/INFY.NS?modules=summaryProfile%2CfinancialData%2CquoteType%2CdefaultKeyStatistics%2CassetProfile%2CsummaryDetail&ssl=true
2025-07-19 16:44:55,894 - werkzeug - INFO - 127.0.0.1 - - [19/Jul/2025 16:44:55] "POST /_dash-update-component HTTP/1.1" 200 -
2025-07-19 16:44:57,252 - werkzeug - INFO - 127.0.0.1 - - [19/Jul/2025 16:44:57] "POST /_dash-update-component HTTP/1.1" 200 -
2025-07-19 16:44:57,614 - data.market_data - ERROR - Error getting current price for NIFTY50: 429 Client Error: Too Many Requests for url: https://query2.finance.yahoo.com/v10/finance/quoteSummary/%5ENSEI?modules=summaryProfile%2CfinancialData%2CquoteType%2CdefaultKeyStatistics%2CassetProfile%2CsummaryDetail&ssl=true
2025-07-19 16:44:57,937 - data.market_data - ERROR - Error getting current price for RELIANCE: 429 Client Error: Too Many Requests for url: https://query2.finance.yahoo.com/v10/finance/quoteSummary/RELIANCE.NS?modules=summaryProfile%2CfinancialData%2CquoteType%2CdefaultKeyStatistics%2CassetProfile%2CsummaryDetail&ssl=true
2025-07-19 16:44:58,338 - data.market_data - ERROR - Error getting current price for TCS: 429 Client Error: Too Many Requests for url: https://query2.finance.yahoo.com/v10/finance/quoteSummary/TCS.NS?modules=summaryProfile%2CfinancialData%2CquoteType%2CdefaultKeyStatistics%2CassetProfile%2CsummaryDetail&ssl=true
2025-07-19 16:44:58,729 - data.market_data - ERROR - Error getting current price for HDFCBANK: 429 Client Error: Too Many Requests for url: https://query2.finance.yahoo.com/v10/finance/quoteSummary/HDFCBANK.NS?modules=summaryProfile%2CfinancialData%2CquoteType%2CdefaultKeyStatistics%2CassetProfile%2CsummaryDetail&ssl=true
2025-07-19 16:44:59,087 - data.market_data - ERROR - Error getting current price for INFY: 429 Client Error: Too Many Requests for url: https://query2.finance.yahoo.com/v10/finance/quoteSummary/INFY.NS?modules=summaryProfile%2CfinancialData%2CquoteType%2CdefaultKeyStatistics%2CassetProfile%2CsummaryDetail&ssl=true
2025-07-19 16:44:59,095 - werkzeug - INFO - 127.0.0.1 - - [19/Jul/2025 16:44:59] "POST /_dash-update-component HTTP/1.1" 200 -
2025-07-19 16:45:02,257 - werkzeug - INFO - 127.0.0.1 - - [19/Jul/2025 16:45:02] "POST /_dash-update-component HTTP/1.1" 200 -
2025-07-19 16:45:02,607 - data.market_data - ERROR - Error getting current price for NIFTY50: 429 Client Error: Too Many Requests for url: https://query2.finance.yahoo.com/v10/finance/quoteSummary/%5ENSEI?modules=summaryProfile%2CfinancialData%2CquoteType%2CdefaultKeyStatistics%2CassetProfile%2CsummaryDetail&ssl=true
2025-07-19 16:45:02,929 - data.market_data - ERROR - Error getting current price for RELIANCE: 429 Client Error: Too Many Requests for url: https://query2.finance.yahoo.com/v10/finance/quoteSummary/RELIANCE.NS?modules=summaryProfile%2CfinancialData%2CquoteType%2CdefaultKeyStatistics%2CassetProfile%2CsummaryDetail&ssl=true
2025-07-19 16:45:03,248 - data.market_data - ERROR - Error getting current price for TCS: 429 Client Error: Too Many Requests for url: https://query2.finance.yahoo.com/v10/finance/quoteSummary/TCS.NS?modules=summaryProfile%2CfinancialData%2CquoteType%2CdefaultKeyStatistics%2CassetProfile%2CsummaryDetail&ssl=true
2025-07-19 16:45:03,620 - data.market_data - ERROR - Error getting current price for HDFCBANK: 429 Client Error: Too Many Requests for url: https://query2.finance.yahoo.com/v10/finance/quoteSummary/HDFCBANK.NS?modules=summaryProfile%2CfinancialData%2CquoteType%2CdefaultKeyStatistics%2CassetProfile%2CsummaryDetail&ssl=true
2025-07-19 16:45:03,927 - data.market_data - ERROR - Error getting current price for INFY: 429 Client Error: Too Many Requests for url: https://query2.finance.yahoo.com/v10/finance/quoteSummary/INFY.NS?modules=summaryProfile%2CfinancialData%2CquoteType%2CdefaultKeyStatistics%2CassetProfile%2CsummaryDetail&ssl=true
2025-07-19 16:45:03,935 - werkzeug - INFO - 127.0.0.1 - - [19/Jul/2025 16:45:03] "POST /_dash-update-component HTTP/1.1" 200 -
2025-07-19 16:45:07,256 - werkzeug - INFO - 127.0.0.1 - - [19/Jul/2025 16:45:07] "POST /_dash-update-component HTTP/1.1" 200 -
2025-07-19 16:45:07,695 - data.market_data - ERROR - Error getting current price for NIFTY50: 429 Client Error: Too Many Requests for url: https://query2.finance.yahoo.com/v10/finance/quoteSummary/%5ENSEI?modules=summaryProfile%2CfinancialData%2CquoteType%2CdefaultKeyStatistics%2CassetProfile%2CsummaryDetail&ssl=true
2025-07-19 16:45:08,129 - data.market_data - ERROR - Error getting current price for RELIANCE: 429 Client Error: Too Many Requests for url: https://query2.finance.yahoo.com/v10/finance/quoteSummary/RELIANCE.NS?modules=summaryProfile%2CfinancialData%2CquoteType%2CdefaultKeyStatistics%2CassetProfile%2CsummaryDetail&ssl=true
2025-07-19 16:45:08,729 - data.market_data - ERROR - Error getting current price for TCS: 429 Client Error: Too Many Requests for url: https://query2.finance.yahoo.com/v10/finance/quoteSummary/TCS.NS?modules=summaryProfile%2CfinancialData%2CquoteType%2CdefaultKeyStatistics%2CassetProfile%2CsummaryDetail&ssl=true
2025-07-19 16:45:09,053 - data.market_data - ERROR - Error getting current price for HDFCBANK: 429 Client Error: Too Many Requests for url: https://query2.finance.yahoo.com/v10/finance/quoteSummary/HDFCBANK.NS?modules=summaryProfile%2CfinancialData%2CquoteType%2CdefaultKeyStatistics%2CassetProfile%2CsummaryDetail&ssl=true
2025-07-19 16:45:09,411 - data.market_data - ERROR - Error getting current price for INFY: 429 Client Error: Too Many Requests for url: https://query2.finance.yahoo.com/v10/finance/quoteSummary/INFY.NS?modules=summaryProfile%2CfinancialData%2CquoteType%2CdefaultKeyStatistics%2CassetProfile%2CsummaryDetail&ssl=true
2025-07-19 16:45:09,416 - werkzeug - INFO - 127.0.0.1 - - [19/Jul/2025 16:45:09] "POST /_dash-update-component HTTP/1.1" 200 -
2025-07-19 16:45:12,253 - werkzeug - INFO - 127.0.0.1 - - [19/Jul/2025 16:45:12] "POST /_dash-update-component HTTP/1.1" 200 -
2025-07-19 16:45:12,607 - data.market_data - ERROR - Error getting current price for NIFTY50: 429 Client Error: Too Many Requests for url: https://query2.finance.yahoo.com/v10/finance/quoteSummary/%5ENSEI?modules=summaryProfile%2CfinancialData%2CquoteType%2CdefaultKeyStatistics%2CassetProfile%2CsummaryDetail&ssl=true
2025-07-19 16:45:12,928 - data.market_data - ERROR - Error getting current price for RELIANCE: 429 Client Error: Too Many Requests for url: https://query2.finance.yahoo.com/v10/finance/quoteSummary/RELIANCE.NS?modules=summaryProfile%2CfinancialData%2CquoteType%2CdefaultKeyStatistics%2CassetProfile%2CsummaryDetail&ssl=true
2025-07-19 16:45:13,337 - data.market_data - ERROR - Error getting current price for TCS: 429 Client Error: Too Many Requests for url: https://query2.finance.yahoo.com/v10/finance/quoteSummary/TCS.NS?modules=summaryProfile%2CfinancialData%2CquoteType%2CdefaultKeyStatistics%2CassetProfile%2CsummaryDetail&ssl=true
2025-07-19 16:45:13,780 - data.market_data - ERROR - Error getting current price for HDFCBANK: 429 Client Error: Too Many Requests for url: https://query2.finance.yahoo.com/v10/finance/quoteSummary/HDFCBANK.NS?modules=summaryProfile%2CfinancialData%2CquoteType%2CdefaultKeyStatistics%2CassetProfile%2CsummaryDetail&ssl=true
2025-07-19 16:45:14,217 - data.market_data - ERROR - Error getting current price for INFY: 429 Client Error: Too Many Requests for url: https://query2.finance.yahoo.com/v10/finance/quoteSummary/INFY.NS?modules=summaryProfile%2CfinancialData%2CquoteType%2CdefaultKeyStatistics%2CassetProfile%2CsummaryDetail&ssl=true
2025-07-19 16:45:14,223 - werkzeug - INFO - 127.0.0.1 - - [19/Jul/2025 16:45:14] "POST /_dash-update-component HTTP/1.1" 200 -
2025-07-19 16:45:17,256 - werkzeug - INFO - 127.0.0.1 - - [19/Jul/2025 16:45:17] "POST /_dash-update-component HTTP/1.1" 200 -
2025-07-19 16:45:17,690 - data.market_data - ERROR - Error getting current price for NIFTY50: 429 Client Error: Too Many Requests for url: https://query2.finance.yahoo.com/v10/finance/quoteSummary/%5ENSEI?modules=summaryProfile%2CfinancialData%2CquoteType%2CdefaultKeyStatistics%2CassetProfile%2CsummaryDetail&ssl=true
2025-07-19 16:45:18,097 - data.market_data - ERROR - Error getting current price for RELIANCE: 429 Client Error: Too Many Requests for url: https://query2.finance.yahoo.com/v10/finance/quoteSummary/RELIANCE.NS?modules=summaryProfile%2CfinancialData%2CquoteType%2CdefaultKeyStatistics%2CassetProfile%2CsummaryDetail&ssl=true
2025-07-19 16:45:18,448 - data.market_data - ERROR - Error getting current price for TCS: 429 Client Error: Too Many Requests for url: https://query2.finance.yahoo.com/v10/finance/quoteSummary/TCS.NS?modules=summaryProfile%2CfinancialData%2CquoteType%2CdefaultKeyStatistics%2CassetProfile%2CsummaryDetail&ssl=true
2025-07-19 16:45:18,813 - data.market_data - ERROR - Error getting current price for HDFCBANK: 429 Client Error: Too Many Requests for url: https://query2.finance.yahoo.com/v10/finance/quoteSummary/HDFCBANK.NS?modules=summaryProfile%2CfinancialData%2CquoteType%2CdefaultKeyStatistics%2CassetProfile%2CsummaryDetail&ssl=true
2025-07-19 16:45:19,170 - data.market_data - ERROR - Error getting current price for INFY: 429 Client Error: Too Many Requests for url: https://query2.finance.yahoo.com/v10/finance/quoteSummary/INFY.NS?modules=summaryProfile%2CfinancialData%2CquoteType%2CdefaultKeyStatistics%2CassetProfile%2CsummaryDetail&ssl=true
2025-07-19 16:45:19,175 - werkzeug - INFO - 127.0.0.1 - - [19/Jul/2025 16:45:19] "POST /_dash-update-component HTTP/1.1" 200 -
2025-07-19 16:45:24,191 - werkzeug - INFO - 127.0.0.1 - - [19/Jul/2025 16:45:24] "POST /_dash-update-component HTTP/1.1" 200 -
2025-07-19 16:45:24,527 - data.market_data - ERROR - Error getting current price for NIFTY50: 429 Client Error: Too Many Requests for url: https://query2.finance.yahoo.com/v10/finance/quoteSummary/%5ENSEI?modules=summaryProfile%2CfinancialData%2CquoteType%2CdefaultKeyStatistics%2CassetProfile%2CsummaryDetail&ssl=true
2025-07-19 16:45:24,885 - data.market_data - ERROR - Error getting current price for RELIANCE: 429 Client Error: Too Many Requests for url: https://query2.finance.yahoo.com/v10/finance/quoteSummary/RELIANCE.NS?modules=summaryProfile%2CfinancialData%2CquoteType%2CdefaultKeyStatistics%2CassetProfile%2CsummaryDetail&ssl=true
2025-07-19 16:45:25,229 - data.market_data - ERROR - Error getting current price for TCS: 429 Client Error: Too Many Requests for url: https://query2.finance.yahoo.com/v10/finance/quoteSummary/TCS.NS?modules=summaryProfile%2CfinancialData%2CquoteType%2CdefaultKeyStatistics%2CassetProfile%2CsummaryDetail&ssl=true
2025-07-19 16:45:25,579 - data.market_data - ERROR - Error getting current price for HDFCBANK: 429 Client Error: Too Many Requests for url: https://query2.finance.yahoo.com/v10/finance/quoteSummary/HDFCBANK.NS?modules=summaryProfile%2CfinancialData%2CquoteType%2CdefaultKeyStatistics%2CassetProfile%2CsummaryDetail&ssl=true
2025-07-19 16:45:25,881 - data.market_data - ERROR - Error getting current price for INFY: 429 Client Error: Too Many Requests for url: https://query2.finance.yahoo.com/v10/finance/quoteSummary/INFY.NS?modules=summaryProfile%2CfinancialData%2CquoteType%2CdefaultKeyStatistics%2CassetProfile%2CsummaryDetail&ssl=true
2025-07-19 16:45:25,885 - werkzeug - INFO - 127.0.0.1 - - [19/Jul/2025 16:45:25] "POST /_dash-update-component HTTP/1.1" 200 -
2025-07-19 16:45:27,252 - werkzeug - INFO - 127.0.0.1 - - [19/Jul/2025 16:45:27] "POST /_dash-update-component HTTP/1.1" 200 -
2025-07-19 16:45:27,659 - data.market_data - ERROR - Error getting current price for NIFTY50: 429 Client Error: Too Many Requests for url: https://query2.finance.yahoo.com/v10/finance/quoteSummary/%5ENSEI?modules=summaryProfile%2CfinancialData%2CquoteType%2CdefaultKeyStatistics%2CassetProfile%2CsummaryDetail&ssl=true
2025-07-19 16:45:28,053 - data.market_data - ERROR - Error getting current price for RELIANCE: 429 Client Error: Too Many Requests for url: https://query2.finance.yahoo.com/v10/finance/quoteSummary/RELIANCE.NS?modules=summaryProfile%2CfinancialData%2CquoteType%2CdefaultKeyStatistics%2CassetProfile%2CsummaryDetail&ssl=true
2025-07-19 16:45:28,417 - data.market_data - ERROR - Error getting current price for TCS: 429 Client Error: Too Many Requests for url: https://query2.finance.yahoo.com/v10/finance/quoteSummary/TCS.NS?modules=summaryProfile%2CfinancialData%2CquoteType%2CdefaultKeyStatistics%2CassetProfile%2CsummaryDetail&ssl=true
2025-07-19 16:45:28,849 - data.market_data - ERROR - Error getting current price for HDFCBANK: 429 Client Error: Too Many Requests for url: https://query2.finance.yahoo.com/v10/finance/quoteSummary/HDFCBANK.NS?modules=summaryProfile%2CfinancialData%2CquoteType%2CdefaultKeyStatistics%2CassetProfile%2CsummaryDetail&ssl=true
2025-07-19 16:45:29,095 - werkzeug - INFO - 127.0.0.1 - - [19/Jul/2025 16:45:29] "POST /_dash-update-component HTTP/1.1" 200 -
2025-07-19 16:45:29,299 - data.market_data - ERROR - Error getting current price for INFY: 429 Client Error: Too Many Requests for url: https://query2.finance.yahoo.com/v10/finance/quoteSummary/INFY.NS?modules=summaryProfile%2CfinancialData%2CquoteType%2CdefaultKeyStatistics%2CassetProfile%2CsummaryDetail&ssl=true
2025-07-19 16:45:29,304 - werkzeug - INFO - 127.0.0.1 - - [19/Jul/2025 16:45:29] "POST /_dash-update-component HTTP/1.1" 200 -
2025-07-19 16:45:32,257 - werkzeug - INFO - 127.0.0.1 - - [19/Jul/2025 16:45:32] "POST /_dash-update-component HTTP/1.1" 200 -
2025-07-19 16:45:32,267 - werkzeug - INFO - 127.0.0.1 - - [19/Jul/2025 16:45:32] "POST /_dash-update-component HTTP/1.1" 200 -
2025-07-19 16:45:37,255 - werkzeug - INFO - 127.0.0.1 - - [19/Jul/2025 16:45:37] "POST /_dash-update-component HTTP/1.1" 200 -
2025-07-19 16:45:37,266 - werkzeug - INFO - 127.0.0.1 - - [19/Jul/2025 16:45:37] "POST /_dash-update-component HTTP/1.1" 200 -
2025-07-19 16:45:42,257 - werkzeug - INFO - 127.0.0.1 - - [19/Jul/2025 16:45:42] "POST /_dash-update-component HTTP/1.1" 200 -
2025-07-19 16:45:42,266 - werkzeug - INFO - 127.0.0.1 - - [19/Jul/2025 16:45:42] "POST /_dash-update-component HTTP/1.1" 200 -
2025-07-19 16:45:47,254 - werkzeug - INFO - 127.0.0.1 - - [19/Jul/2025 16:45:47] "POST /_dash-update-component HTTP/1.1" 200 -
2025-07-19 16:45:47,263 - werkzeug - INFO - 127.0.0.1 - - [19/Jul/2025 16:45:47] "POST /_dash-update-component HTTP/1.1" 200 -
2025-07-19 16:45:52,257 - werkzeug - INFO - 127.0.0.1 - - [19/Jul/2025 16:45:52] "POST /_dash-update-component HTTP/1.1" 200 -
2025-07-19 16:45:52,265 - werkzeug - INFO - 127.0.0.1 - - [19/Jul/2025 16:45:52] "POST /_dash-update-component HTTP/1.1" 200 -
2025-07-19 16:45:57,265 - werkzeug - INFO - 127.0.0.1 - - [19/Jul/2025 16:45:57] "POST /_dash-update-component HTTP/1.1" 200 -
2025-07-19 16:45:57,266 - werkzeug - INFO - 127.0.0.1 - - [19/Jul/2025 16:45:57] "POST /_dash-update-component HTTP/1.1" 200 -
2025-07-19 16:46:02,258 - werkzeug - INFO - 127.0.0.1 - - [19/Jul/2025 16:46:02] "POST /_dash-update-component HTTP/1.1" 200 -
2025-07-19 16:46:02,264 - werkzeug - INFO - 127.0.0.1 - - [19/Jul/2025 16:46:02] "POST /_dash-update-component HTTP/1.1" 200 -
2025-07-19 16:46:07,263 - werkzeug - INFO - 127.0.0.1 - - [19/Jul/2025 16:46:07] "POST /_dash-update-component HTTP/1.1" 200 -
2025-07-19 16:46:07,264 - werkzeug - INFO - 127.0.0.1 - - [19/Jul/2025 16:46:07] "POST /_dash-update-component HTTP/1.1" 200 -
2025-07-19 16:46:12,256 - werkzeug - INFO - 127.0.0.1 - - [19/Jul/2025 16:46:12] "POST /_dash-update-component HTTP/1.1" 200 -
2025-07-19 16:46:12,265 - werkzeug - INFO - 127.0.0.1 - - [19/Jul/2025 16:46:12] "POST /_dash-update-component HTTP/1.1" 200 -
2025-07-19 16:46:17,255 - werkzeug - INFO - 127.0.0.1 - - [19/Jul/2025 16:46:17] "POST /_dash-update-component HTTP/1.1" 200 -
2025-07-19 16:46:17,263 - werkzeug - INFO - 127.0.0.1 - - [19/Jul/2025 16:46:17] "POST /_dash-update-component HTTP/1.1" 200 -
2025-07-19 16:46:17,372 - werkzeug - INFO - 127.0.0.1 - - [19/Jul/2025 16:46:17] "GET /.well-known/appspecific/com.chrome.devtools.json HTTP/1.1" 200 -
2025-07-19 16:46:17,441 - werkzeug - INFO - 127.0.0.1 - - [19/Jul/2025 16:46:17] "GET /_dash-component-suites/dash/dcc/dash_core_components-shared.js.map HTTP/1.1" 200 -
2025-07-19 16:46:17,442 - werkzeug - INFO - 127.0.0.1 - - [19/Jul/2025 16:46:17] "GET /_dash-component-suites/dash/dash_table/bundle.js.map HTTP/1.1" 200 -
2025-07-19 16:46:17,443 - werkzeug - INFO - 127.0.0.1 - - [19/Jul/2025 16:46:17] "GET /_dash-component-suites/dash/dcc/async-graph.js.map HTTP/1.1" 200 -
2025-07-19 16:46:17,444 - werkzeug - INFO - 127.0.0.1 - - [19/Jul/2025 16:46:17] "GET /_dash-component-suites/dash/html/dash_html_components.min.js.map HTTP/1.1" 200 -
2025-07-19 16:46:17,444 - werkzeug - INFO - 127.0.0.1 - - [19/Jul/2025 16:46:17] "GET /_dash-component-suites/dash/dash_table/async-highlight.js.map HTTP/1.1" 200 -
2025-07-19 16:46:17,446 - werkzeug - INFO - 127.0.0.1 - - [19/Jul/2025 16:46:17] "GET /_dash-component-suites/dash/dcc/dash_core_components.js.map HTTP/1.1" 200 -
2025-07-19 16:46:17,447 - werkzeug - INFO - 127.0.0.1 - - [19/Jul/2025 16:46:17] "GET /_dash-component-suites/dash/dash_table/async-table.js.map HTTP/1.1" 200 -
2025-07-19 16:46:22,256 - werkzeug - INFO - 127.0.0.1 - - [19/Jul/2025 16:46:22] "POST /_dash-update-component HTTP/1.1" 200 -
2025-07-19 16:46:22,265 - werkzeug - INFO - 127.0.0.1 - - [19/Jul/2025 16:46:22] "POST /_dash-update-component HTTP/1.1" 200 -
2025-07-19 16:46:27,254 - werkzeug - INFO - 127.0.0.1 - - [19/Jul/2025 16:46:27] "POST /_dash-update-component HTTP/1.1" 200 -
2025-07-19 16:46:27,263 - werkzeug - INFO - 127.0.0.1 - - [19/Jul/2025 16:46:27] "POST /_dash-update-component HTTP/1.1" 200 -
2025-07-19 16:46:32,255 - werkzeug - INFO - 127.0.0.1 - - [19/Jul/2025 16:46:32] "POST /_dash-update-component HTTP/1.1" 200 -
2025-07-19 16:46:32,264 - werkzeug - INFO - 127.0.0.1 - - [19/Jul/2025 16:46:32] "POST /_dash-update-component HTTP/1.1" 200 -
2025-07-19 16:46:35,459 - werkzeug - INFO - 127.0.0.1 - - [19/Jul/2025 16:46:35] "POST /_dash-update-component HTTP/1.1" 200 -
2025-07-19 16:46:37,257 - werkzeug - INFO - 127.0.0.1 - - [19/Jul/2025 16:46:37] "POST /_dash-update-component HTTP/1.1" 200 -
2025-07-19 16:46:37,270 - werkzeug - INFO - 127.0.0.1 - - [19/Jul/2025 16:46:37] "POST /_dash-update-component HTTP/1.1" 200 -
2025-07-19 16:46:42,262 - werkzeug - INFO - 127.0.0.1 - - [19/Jul/2025 16:46:42] "POST /_dash-update-component HTTP/1.1" 200 -
2025-07-19 16:46:42,273 - werkzeug - INFO - 127.0.0.1 - - [19/Jul/2025 16:46:42] "POST /_dash-update-component HTTP/1.1" 200 -
2025-07-19 16:46:47,261 - werkzeug - INFO - 127.0.0.1 - - [19/Jul/2025 16:46:47] "POST /_dash-update-component HTTP/1.1" 200 -
2025-07-19 16:46:47,270 - werkzeug - INFO - 127.0.0.1 - - [19/Jul/2025 16:46:47] "POST /_dash-update-component HTTP/1.1" 200 -
2025-07-19 16:46:52,257 - werkzeug - INFO - 127.0.0.1 - - [19/Jul/2025 16:46:52] "POST /_dash-update-component HTTP/1.1" 200 -
2025-07-19 16:46:52,303 - werkzeug - INFO - 127.0.0.1 - - [19/Jul/2025 16:46:52] "POST /_dash-update-component HTTP/1.1" 200 -
2025-07-19 16:46:57,258 - werkzeug - INFO - 127.0.0.1 - - [19/Jul/2025 16:46:57] "POST /_dash-update-component HTTP/1.1" 200 -
2025-07-19 16:46:57,269 - werkzeug - INFO - 127.0.0.1 - - [19/Jul/2025 16:46:57] "POST /_dash-update-component HTTP/1.1" 200 -
2025-07-19 16:47:04,198 - werkzeug - INFO - 127.0.0.1 - - [19/Jul/2025 16:47:04] "POST /_dash-update-component HTTP/1.1" 200 -
2025-07-19 16:47:04,207 - werkzeug - INFO - 127.0.0.1 - - [19/Jul/2025 16:47:04] "POST /_dash-update-component HTTP/1.1" 200 -
2025-07-19 16:47:09,185 - werkzeug - INFO - 127.0.0.1 - - [19/Jul/2025 16:47:09] "POST /_dash-update-component HTTP/1.1" 200 -
2025-07-19 16:47:09,195 - werkzeug - INFO - 127.0.0.1 - - [19/Jul/2025 16:47:09] "POST /_dash-update-component HTTP/1.1" 200 -
2025-07-19 16:47:14,191 - werkzeug - INFO - 127.0.0.1 - - [19/Jul/2025 16:47:14] "POST /_dash-update-component HTTP/1.1" 200 -
2025-07-19 16:47:14,201 - werkzeug - INFO - 127.0.0.1 - - [19/Jul/2025 16:47:14] "POST /_dash-update-component HTTP/1.1" 200 -
2025-07-19 16:47:19,188 - werkzeug - INFO - 127.0.0.1 - - [19/Jul/2025 16:47:19] "POST /_dash-update-component HTTP/1.1" 200 -
2025-07-19 16:47:19,203 - werkzeug - INFO - 127.0.0.1 - - [19/Jul/2025 16:47:19] "POST /_dash-update-component HTTP/1.1" 200 -
2025-07-19 16:47:24,192 - werkzeug - INFO - 127.0.0.1 - - [19/Jul/2025 16:47:24] "POST /_dash-update-component HTTP/1.1" 200 -
2025-07-19 16:47:24,201 - werkzeug - INFO - 127.0.0.1 - - [19/Jul/2025 16:47:24] "POST /_dash-update-component HTTP/1.1" 200 -
2025-07-19 16:47:29,191 - werkzeug - INFO - 127.0.0.1 - - [19/Jul/2025 16:47:29] "POST /_dash-update-component HTTP/1.1" 200 -
2025-07-19 16:47:29,197 - werkzeug - INFO - 127.0.0.1 - - [19/Jul/2025 16:47:29] "POST /_dash-update-component HTTP/1.1" 200 -
2025-07-19 16:47:34,189 - werkzeug - INFO - 127.0.0.1 - - [19/Jul/2025 16:47:34] "POST /_dash-update-component HTTP/1.1" 200 -
2025-07-19 16:47:34,194 - werkzeug - INFO - 127.0.0.1 - - [19/Jul/2025 16:47:34] "POST /_dash-update-component HTTP/1.1" 200 -
2025-07-19 16:47:39,185 - werkzeug - INFO - 127.0.0.1 - - [19/Jul/2025 16:47:39] "POST /_dash-update-component HTTP/1.1" 200 -
2025-07-19 16:47:39,193 - werkzeug - INFO - 127.0.0.1 - - [19/Jul/2025 16:47:39] "POST /_dash-update-component HTTP/1.1" 200 -
2025-07-19 16:47:44,193 - werkzeug - INFO - 127.0.0.1 - - [19/Jul/2025 16:47:44] "POST /_dash-update-component HTTP/1.1" 200 -
2025-07-19 16:47:44,206 - werkzeug - INFO - 127.0.0.1 - - [19/Jul/2025 16:47:44] "POST /_dash-update-component HTTP/1.1" 200 -
2025-07-19 16:47:49,188 - werkzeug - INFO - 127.0.0.1 - - [19/Jul/2025 16:47:49] "POST /_dash-update-component HTTP/1.1" 200 -
2025-07-19 16:47:49,202 - werkzeug - INFO - 127.0.0.1 - - [19/Jul/2025 16:47:49] "POST /_dash-update-component HTTP/1.1" 200 -
2025-07-19 16:47:54,195 - werkzeug - INFO - 127.0.0.1 - - [19/Jul/2025 16:47:54] "POST /_dash-update-component HTTP/1.1" 200 -
2025-07-19 16:47:54,206 - werkzeug - INFO - 127.0.0.1 - - [19/Jul/2025 16:47:54] "POST /_dash-update-component HTTP/1.1" 200 -
2025-07-19 17:13:06,130 - risk_management.risk_engine - INFO - Risk Engine initialized
2025-07-19 17:13:06,132 - risk_management.risk_engine - WARNING - Risk violation: max_single_position - Position in RELIANCE would be 353.33% of portfolio
2025-07-19 17:13:06,132 - risk_management.risk_engine - WARNING - Risk violation: insufficient_cash - Insufficient cash: need 270300.00, have 50000.00
2025-07-19 17:13:06,133 - risk_management.risk_engine - WARNING - Risk violation: max_single_position - Position in RELIANCE would be 17843.33% of portfolio
2025-07-19 17:13:06,133 - risk_management.risk_engine - WARNING - Risk violation: insufficient_cash - Insufficient cash: need 27030000.00, have 50000.00
2025-07-19 17:13:06,133 - risk_management.risk_engine - CRITICAL - EMERGENCY STOP ACTIVATED: Test emergency stop
2025-07-19 17:13:06,133 - risk_management.risk_engine - INFO - Emergency stop reset: Test reset
2025-07-19 17:13:06,139 - data.storage - INFO - Database initialized successfully
2025-07-19 17:13:06,139 - brokers.zerodha_broker - INFO - Zerodha broker initialized in demo mode
2025-07-19 17:13:06,139 - brokers.zerodha_broker - INFO - Connecting to Zerodha API...
2025-07-19 17:13:06,139 - brokers.zerodha_broker - INFO - Running in DEMO mode - using mock broker
2025-07-19 17:13:06,165 - monitoring.dashboard - INFO - Trading dashboard initialized
2025-07-19 17:13:06,192 - Phase3Verification - ERROR - Emergency controls test error: Traceback (most recent call last):
  File "/Users/priyanshpatidar/Documents/github/sip-algo-trading/phase3_verification.py", line 289, in test_emergency_controls
    cb_config = CircuitBreakerConfig(
NameError: name 'CircuitBreakerConfig' is not defined

2025-07-19 17:13:06,193 - risk_management.risk_engine - INFO - Risk Engine initialized
2025-07-19 17:13:06,193 - Phase3Verification - ERROR - Integration test error: Traceback (most recent call last):
  File "/Users/priyanshpatidar/Documents/github/sip-algo-trading/phase3_verification.py", line 389, in test_integration
    emergency_stop = EmergencyStop("INTEGRATION_TEST")
NameError: name 'EmergencyStop' is not defined

2025-07-19 17:13:06,193 - risk_management.risk_engine - INFO - Risk Engine initialized
2025-07-19 17:13:06,193 - risk_management.risk_engine - WARNING - Risk violation: max_single_position - Position in RELIANCE would be 194.33% of portfolio
2025-07-19 17:13:06,193 - risk_management.risk_engine - WARNING - Risk violation: max_single_position - Position in RELIANCE would be 196.10% of portfolio
2025-07-19 17:13:06,193 - risk_management.risk_engine - WARNING - Risk violation: max_single_position - Position in RELIANCE would be 197.87% of portfolio
2025-07-19 17:13:06,193 - risk_management.risk_engine - WARNING - Risk violation: max_single_position - Position in RELIANCE would be 199.63% of portfolio
2025-07-19 17:13:06,193 - risk_management.risk_engine - WARNING - Risk violation: max_single_position - Position in RELIANCE would be 201.40% of portfolio
2025-07-19 17:13:06,193 - risk_management.risk_engine - WARNING - Risk violation: max_single_position - Position in RELIANCE would be 203.17% of portfolio
2025-07-19 17:13:06,193 - risk_management.risk_engine - WARNING - Risk violation: max_single_position - Position in RELIANCE would be 204.93% of portfolio
2025-07-19 17:13:06,193 - risk_management.risk_engine - WARNING - Risk violation: max_single_position - Position in RELIANCE would be 206.70% of portfolio
2025-07-19 17:13:06,193 - risk_management.risk_engine - WARNING - Risk violation: max_single_position - Position in RELIANCE would be 208.47% of portfolio
2025-07-19 17:13:06,193 - risk_management.risk_engine - WARNING - Risk violation: max_single_position - Position in RELIANCE would be 210.23% of portfolio
2025-07-19 17:13:06,193 - risk_management.risk_engine - WARNING - Risk violation: insufficient_cash - Insufficient cash: need 51357.00, have 50000.00
2025-07-19 17:13:06,193 - risk_management.risk_engine - WARNING - Risk violation: max_single_position - Position in RELIANCE would be 212.00% of portfolio
2025-07-19 17:13:06,193 - risk_management.risk_engine - WARNING - Risk violation: insufficient_cash - Insufficient cash: need 54060.00, have 50000.00
2025-07-19 17:13:06,193 - risk_management.risk_engine - WARNING - Risk violation: max_single_position - Position in RELIANCE would be 213.77% of portfolio
2025-07-19 17:13:06,193 - risk_management.risk_engine - WARNING - Risk violation: insufficient_cash - Insufficient cash: need 56763.00, have 50000.00
2025-07-19 17:13:06,193 - risk_management.risk_engine - WARNING - Risk violation: max_single_position - Position in RELIANCE would be 215.53% of portfolio
2025-07-19 17:13:06,193 - risk_management.risk_engine - WARNING - Risk violation: insufficient_cash - Insufficient cash: need 59466.00, have 50000.00
2025-07-19 17:13:06,193 - risk_management.risk_engine - WARNING - Risk violation: max_single_position - Position in RELIANCE would be 217.30% of portfolio
2025-07-19 17:13:06,193 - risk_management.risk_engine - WARNING - Risk violation: insufficient_cash - Insufficient cash: need 62169.00, have 50000.00
2025-07-19 17:13:06,193 - risk_management.risk_engine - WARNING - Risk violation: max_single_position - Position in RELIANCE would be 219.07% of portfolio
2025-07-19 17:13:06,193 - risk_management.risk_engine - WARNING - Risk violation: insufficient_cash - Insufficient cash: need 64872.00, have 50000.00
2025-07-19 17:13:06,193 - risk_management.risk_engine - WARNING - Risk violation: max_single_position - Position in RELIANCE would be 220.83% of portfolio
2025-07-19 17:13:06,193 - risk_management.risk_engine - WARNING - Risk violation: insufficient_cash - Insufficient cash: need 67575.00, have 50000.00
2025-07-19 17:13:06,193 - risk_management.risk_engine - WARNING - Risk violation: max_single_position - Position in RELIANCE would be 222.60% of portfolio
2025-07-19 17:13:06,193 - risk_management.risk_engine - WARNING - Risk violation: insufficient_cash - Insufficient cash: need 70278.00, have 50000.00
2025-07-19 17:13:06,193 - risk_management.risk_engine - WARNING - Risk violation: max_single_position - Position in RELIANCE would be 224.37% of portfolio
2025-07-19 17:13:06,193 - risk_management.risk_engine - WARNING - Risk violation: insufficient_cash - Insufficient cash: need 72981.00, have 50000.00
2025-07-19 17:13:06,193 - risk_management.risk_engine - WARNING - Risk violation: max_single_position - Position in RELIANCE would be 226.13% of portfolio
2025-07-19 17:13:06,193 - risk_management.risk_engine - WARNING - Risk violation: insufficient_cash - Insufficient cash: need 75684.00, have 50000.00
2025-07-19 17:13:06,193 - risk_management.risk_engine - WARNING - Risk violation: max_single_position - Position in RELIANCE would be 227.90% of portfolio
2025-07-19 17:13:06,193 - risk_management.risk_engine - WARNING - Risk violation: insufficient_cash - Insufficient cash: need 78387.00, have 50000.00
2025-07-19 17:13:06,193 - risk_management.risk_engine - WARNING - Risk violation: max_single_position - Position in RELIANCE would be 229.67% of portfolio
2025-07-19 17:13:06,193 - risk_management.risk_engine - WARNING - Risk violation: insufficient_cash - Insufficient cash: need 81090.00, have 50000.00
2025-07-19 17:13:06,193 - risk_management.risk_engine - WARNING - Risk violation: max_single_position - Position in RELIANCE would be 231.43% of portfolio
2025-07-19 17:13:06,193 - risk_management.risk_engine - WARNING - Risk violation: insufficient_cash - Insufficient cash: need 83793.00, have 50000.00
2025-07-19 17:13:06,193 - risk_management.risk_engine - WARNING - Risk violation: max_single_position - Position in RELIANCE would be 233.20% of portfolio
2025-07-19 17:13:06,193 - risk_management.risk_engine - WARNING - Risk violation: insufficient_cash - Insufficient cash: need 86496.00, have 50000.00
2025-07-19 17:13:06,193 - risk_management.risk_engine - WARNING - Risk violation: max_single_position - Position in RELIANCE would be 234.97% of portfolio
2025-07-19 17:13:06,193 - risk_management.risk_engine - WARNING - Risk violation: insufficient_cash - Insufficient cash: need 89199.00, have 50000.00
2025-07-19 17:13:06,193 - risk_management.risk_engine - WARNING - Risk violation: max_single_position - Position in RELIANCE would be 236.73% of portfolio
2025-07-19 17:13:06,193 - risk_management.risk_engine - WARNING - Risk violation: insufficient_cash - Insufficient cash: need 91902.00, have 50000.00
2025-07-19 17:13:06,193 - risk_management.risk_engine - WARNING - Risk violation: max_single_position - Position in RELIANCE would be 238.50% of portfolio
2025-07-19 17:13:06,194 - risk_management.risk_engine - WARNING - Risk violation: insufficient_cash - Insufficient cash: need 94605.00, have 50000.00
2025-07-19 17:13:06,194 - risk_management.risk_engine - WARNING - Risk violation: max_single_position - Position in RELIANCE would be 240.27% of portfolio
2025-07-19 17:13:06,194 - risk_management.risk_engine - WARNING - Risk violation: insufficient_cash - Insufficient cash: need 97308.00, have 50000.00
2025-07-19 17:13:06,194 - risk_management.risk_engine - WARNING - Risk violation: max_single_position - Position in RELIANCE would be 242.03% of portfolio
2025-07-19 17:13:06,194 - risk_management.risk_engine - WARNING - Risk violation: insufficient_cash - Insufficient cash: need 100011.00, have 50000.00
2025-07-19 17:13:06,194 - risk_management.risk_engine - WARNING - Risk violation: max_single_position - Position in RELIANCE would be 243.80% of portfolio
2025-07-19 17:13:06,194 - risk_management.risk_engine - WARNING - Risk violation: insufficient_cash - Insufficient cash: need 102714.00, have 50000.00
2025-07-19 17:13:06,194 - risk_management.risk_engine - WARNING - Risk violation: max_single_position - Position in RELIANCE would be 245.57% of portfolio
2025-07-19 17:13:06,194 - risk_management.risk_engine - WARNING - Risk violation: insufficient_cash - Insufficient cash: need 105417.00, have 50000.00
2025-07-19 17:13:06,194 - risk_management.risk_engine - WARNING - Risk violation: max_single_position - Position in RELIANCE would be 247.33% of portfolio
2025-07-19 17:13:06,194 - risk_management.risk_engine - WARNING - Risk violation: insufficient_cash - Insufficient cash: need 108120.00, have 50000.00
2025-07-19 17:13:06,194 - risk_management.risk_engine - WARNING - Risk violation: max_single_position - Position in RELIANCE would be 249.10% of portfolio
2025-07-19 17:13:06,194 - risk_management.risk_engine - WARNING - Risk violation: insufficient_cash - Insufficient cash: need 110823.00, have 50000.00
2025-07-19 17:13:06,194 - risk_management.risk_engine - WARNING - Risk violation: max_single_position - Position in RELIANCE would be 250.87% of portfolio
2025-07-19 17:13:06,194 - risk_management.risk_engine - WARNING - Risk violation: insufficient_cash - Insufficient cash: need 113526.00, have 50000.00
2025-07-19 17:13:06,194 - risk_management.risk_engine - WARNING - Risk violation: max_single_position - Position in RELIANCE would be 252.63% of portfolio
2025-07-19 17:13:06,194 - risk_management.risk_engine - WARNING - Risk violation: insufficient_cash - Insufficient cash: need 116229.00, have 50000.00
2025-07-19 17:13:06,194 - risk_management.risk_engine - WARNING - Risk violation: max_single_position - Position in RELIANCE would be 254.40% of portfolio
2025-07-19 17:13:06,194 - risk_management.risk_engine - WARNING - Risk violation: insufficient_cash - Insufficient cash: need 118932.00, have 50000.00
2025-07-19 17:13:06,194 - risk_management.risk_engine - WARNING - Risk violation: max_single_position - Position in RELIANCE would be 256.17% of portfolio
2025-07-19 17:13:06,194 - risk_management.risk_engine - WARNING - Risk violation: insufficient_cash - Insufficient cash: need 121635.00, have 50000.00
2025-07-19 17:13:06,194 - risk_management.risk_engine - WARNING - Risk violation: max_single_position - Position in RELIANCE would be 257.93% of portfolio
2025-07-19 17:13:06,194 - risk_management.risk_engine - WARNING - Risk violation: insufficient_cash - Insufficient cash: need 124338.00, have 50000.00
2025-07-19 17:13:06,194 - risk_management.risk_engine - WARNING - Risk violation: max_single_position - Position in RELIANCE would be 259.70% of portfolio
2025-07-19 17:13:06,194 - risk_management.risk_engine - WARNING - Risk violation: insufficient_cash - Insufficient cash: need 127041.00, have 50000.00
2025-07-19 17:13:06,194 - risk_management.risk_engine - WARNING - Risk violation: max_single_position - Position in RELIANCE would be 261.47% of portfolio
2025-07-19 17:13:06,194 - risk_management.risk_engine - WARNING - Risk violation: insufficient_cash - Insufficient cash: need 129744.00, have 50000.00
2025-07-19 17:13:06,194 - risk_management.risk_engine - WARNING - Risk violation: max_single_position - Position in RELIANCE would be 263.23% of portfolio
2025-07-19 17:13:06,194 - risk_management.risk_engine - WARNING - Risk violation: insufficient_cash - Insufficient cash: need 132447.00, have 50000.00
2025-07-19 17:13:06,194 - risk_management.risk_engine - WARNING - Risk violation: max_single_position - Position in RELIANCE would be 265.00% of portfolio
2025-07-19 17:13:06,194 - risk_management.risk_engine - WARNING - Risk violation: insufficient_cash - Insufficient cash: need 135150.00, have 50000.00
2025-07-19 17:13:06,194 - risk_management.risk_engine - WARNING - Risk violation: max_single_position - Position in RELIANCE would be 266.77% of portfolio
2025-07-19 17:13:06,194 - risk_management.risk_engine - WARNING - Risk violation: insufficient_cash - Insufficient cash: need 137853.00, have 50000.00
2025-07-19 17:13:06,194 - risk_management.risk_engine - WARNING - Risk violation: max_single_position - Position in RELIANCE would be 268.53% of portfolio
2025-07-19 17:13:06,194 - risk_management.risk_engine - WARNING - Risk violation: insufficient_cash - Insufficient cash: need 140556.00, have 50000.00
2025-07-19 17:13:06,194 - risk_management.risk_engine - WARNING - Risk violation: max_single_position - Position in RELIANCE would be 270.30% of portfolio
2025-07-19 17:13:06,194 - risk_management.risk_engine - WARNING - Risk violation: insufficient_cash - Insufficient cash: need 143259.00, have 50000.00
2025-07-19 17:13:06,194 - risk_management.risk_engine - WARNING - Risk violation: max_single_position - Position in RELIANCE would be 272.07% of portfolio
2025-07-19 17:13:06,194 - risk_management.risk_engine - WARNING - Risk violation: insufficient_cash - Insufficient cash: need 145962.00, have 50000.00
2025-07-19 17:13:06,194 - risk_management.risk_engine - WARNING - Risk violation: max_single_position - Position in RELIANCE would be 273.83% of portfolio
2025-07-19 17:13:06,194 - risk_management.risk_engine - WARNING - Risk violation: insufficient_cash - Insufficient cash: need 148665.00, have 50000.00
2025-07-19 17:13:06,194 - risk_management.risk_engine - WARNING - Risk violation: max_single_position - Position in RELIANCE would be 275.60% of portfolio
2025-07-19 17:13:06,194 - risk_management.risk_engine - WARNING - Risk violation: insufficient_cash - Insufficient cash: need 151368.00, have 50000.00
2025-07-19 17:13:06,194 - risk_management.risk_engine - WARNING - Risk violation: max_single_position - Position in RELIANCE would be 277.37% of portfolio
2025-07-19 17:13:06,194 - risk_management.risk_engine - WARNING - Risk violation: insufficient_cash - Insufficient cash: need 154071.00, have 50000.00
2025-07-19 17:13:06,194 - risk_management.risk_engine - WARNING - Risk violation: max_single_position - Position in RELIANCE would be 279.13% of portfolio
2025-07-19 17:13:06,194 - risk_management.risk_engine - WARNING - Risk violation: insufficient_cash - Insufficient cash: need 156774.00, have 50000.00
2025-07-19 17:13:06,194 - risk_management.risk_engine - WARNING - Risk violation: max_single_position - Position in RELIANCE would be 280.90% of portfolio
2025-07-19 17:13:06,194 - risk_management.risk_engine - WARNING - Risk violation: insufficient_cash - Insufficient cash: need 159477.00, have 50000.00
2025-07-19 17:13:06,194 - risk_management.risk_engine - WARNING - Risk violation: max_single_position - Position in RELIANCE would be 282.67% of portfolio
2025-07-19 17:13:06,194 - risk_management.risk_engine - WARNING - Risk violation: insufficient_cash - Insufficient cash: need 162180.00, have 50000.00
2025-07-19 17:13:06,194 - risk_management.risk_engine - WARNING - Risk violation: max_single_position - Position in RELIANCE would be 284.43% of portfolio
2025-07-19 17:13:06,194 - risk_management.risk_engine - WARNING - Risk violation: insufficient_cash - Insufficient cash: need 164883.00, have 50000.00
2025-07-19 17:13:06,194 - risk_management.risk_engine - WARNING - Risk violation: max_single_position - Position in RELIANCE would be 286.20% of portfolio
2025-07-19 17:13:06,195 - risk_management.risk_engine - WARNING - Risk violation: insufficient_cash - Insufficient cash: need 167586.00, have 50000.00
2025-07-19 17:13:06,195 - risk_management.risk_engine - WARNING - Risk violation: max_single_position - Position in RELIANCE would be 287.97% of portfolio
2025-07-19 17:13:06,195 - risk_management.risk_engine - WARNING - Risk violation: insufficient_cash - Insufficient cash: need 170289.00, have 50000.00
2025-07-19 17:13:06,195 - risk_management.risk_engine - WARNING - Risk violation: max_single_position - Position in RELIANCE would be 289.73% of portfolio
2025-07-19 17:13:06,195 - risk_management.risk_engine - WARNING - Risk violation: insufficient_cash - Insufficient cash: need 172992.00, have 50000.00
2025-07-19 17:13:06,195 - risk_management.risk_engine - WARNING - Risk violation: max_single_position - Position in RELIANCE would be 291.50% of portfolio
2025-07-19 17:13:06,195 - risk_management.risk_engine - WARNING - Risk violation: insufficient_cash - Insufficient cash: need 175695.00, have 50000.00
2025-07-19 17:13:06,195 - risk_management.risk_engine - WARNING - Risk violation: max_single_position - Position in RELIANCE would be 293.27% of portfolio
2025-07-19 17:13:06,195 - risk_management.risk_engine - WARNING - Risk violation: insufficient_cash - Insufficient cash: need 178398.00, have 50000.00
2025-07-19 17:13:06,195 - risk_management.risk_engine - WARNING - Risk violation: max_single_position - Position in RELIANCE would be 295.03% of portfolio
2025-07-19 17:13:06,195 - risk_management.risk_engine - WARNING - Risk violation: insufficient_cash - Insufficient cash: need 181101.00, have 50000.00
2025-07-19 17:13:06,195 - risk_management.risk_engine - WARNING - Risk violation: max_single_position - Position in RELIANCE would be 296.80% of portfolio
2025-07-19 17:13:06,195 - risk_management.risk_engine - WARNING - Risk violation: insufficient_cash - Insufficient cash: need 183804.00, have 50000.00
2025-07-19 17:13:06,195 - risk_management.risk_engine - WARNING - Risk violation: max_single_position - Position in RELIANCE would be 298.57% of portfolio
2025-07-19 17:13:06,195 - risk_management.risk_engine - WARNING - Risk violation: insufficient_cash - Insufficient cash: need 186507.00, have 50000.00
2025-07-19 17:13:06,195 - risk_management.risk_engine - WARNING - Risk violation: max_single_position - Position in RELIANCE would be 300.33% of portfolio
2025-07-19 17:13:06,195 - risk_management.risk_engine - WARNING - Risk violation: insufficient_cash - Insufficient cash: need 189210.00, have 50000.00
2025-07-19 17:13:06,195 - risk_management.risk_engine - WARNING - Risk violation: max_single_position - Position in RELIANCE would be 302.10% of portfolio
2025-07-19 17:13:06,195 - risk_management.risk_engine - WARNING - Risk violation: insufficient_cash - Insufficient cash: need 191913.00, have 50000.00
2025-07-19 17:13:06,195 - risk_management.risk_engine - WARNING - Risk violation: max_single_position - Position in RELIANCE would be 303.87% of portfolio
2025-07-19 17:13:06,195 - risk_management.risk_engine - WARNING - Risk violation: insufficient_cash - Insufficient cash: need 194616.00, have 50000.00
2025-07-19 17:13:06,195 - risk_management.risk_engine - WARNING - Risk violation: max_single_position - Position in RELIANCE would be 305.63% of portfolio
2025-07-19 17:13:06,195 - risk_management.risk_engine - WARNING - Risk violation: insufficient_cash - Insufficient cash: need 197319.00, have 50000.00
2025-07-19 17:13:06,195 - risk_management.risk_engine - WARNING - Risk violation: max_single_position - Position in RELIANCE would be 307.40% of portfolio
2025-07-19 17:13:06,195 - risk_management.risk_engine - WARNING - Risk violation: insufficient_cash - Insufficient cash: need 200022.00, have 50000.00
2025-07-19 17:13:06,195 - risk_management.risk_engine - WARNING - Risk violation: max_single_position - Position in RELIANCE would be 309.17% of portfolio
2025-07-19 17:13:06,195 - risk_management.risk_engine - WARNING - Risk violation: insufficient_cash - Insufficient cash: need 202725.00, have 50000.00
2025-07-19 17:13:06,195 - risk_management.risk_engine - WARNING - Risk violation: max_single_position - Position in RELIANCE would be 310.93% of portfolio
2025-07-19 17:13:06,195 - risk_management.risk_engine - WARNING - Risk violation: insufficient_cash - Insufficient cash: need 205428.00, have 50000.00
2025-07-19 17:13:06,195 - risk_management.risk_engine - WARNING - Risk violation: max_single_position - Position in RELIANCE would be 312.70% of portfolio
2025-07-19 17:13:06,195 - risk_management.risk_engine - WARNING - Risk violation: insufficient_cash - Insufficient cash: need 208131.00, have 50000.00
2025-07-19 17:13:06,195 - risk_management.risk_engine - WARNING - Risk violation: max_single_position - Position in RELIANCE would be 314.47% of portfolio
2025-07-19 17:13:06,195 - risk_management.risk_engine - WARNING - Risk violation: insufficient_cash - Insufficient cash: need 210834.00, have 50000.00
2025-07-19 17:13:06,195 - risk_management.risk_engine - WARNING - Risk violation: max_single_position - Position in RELIANCE would be 316.23% of portfolio
2025-07-19 17:13:06,195 - risk_management.risk_engine - WARNING - Risk violation: insufficient_cash - Insufficient cash: need 213537.00, have 50000.00
2025-07-19 17:13:06,195 - risk_management.risk_engine - WARNING - Risk violation: max_single_position - Position in RELIANCE would be 318.00% of portfolio
2025-07-19 17:13:06,195 - risk_management.risk_engine - WARNING - Risk violation: insufficient_cash - Insufficient cash: need 216240.00, have 50000.00
2025-07-19 17:13:06,195 - risk_management.risk_engine - WARNING - Risk violation: max_single_position - Position in RELIANCE would be 319.77% of portfolio
2025-07-19 17:13:06,195 - risk_management.risk_engine - WARNING - Risk violation: insufficient_cash - Insufficient cash: need 218943.00, have 50000.00
2025-07-19 17:13:06,195 - risk_management.risk_engine - WARNING - Risk violation: max_single_position - Position in RELIANCE would be 321.53% of portfolio
2025-07-19 17:13:06,195 - risk_management.risk_engine - WARNING - Risk violation: insufficient_cash - Insufficient cash: need 221646.00, have 50000.00
2025-07-19 17:13:06,195 - risk_management.risk_engine - WARNING - Risk violation: max_single_position - Position in RELIANCE would be 323.30% of portfolio
2025-07-19 17:13:06,195 - risk_management.risk_engine - WARNING - Risk violation: insufficient_cash - Insufficient cash: need 224349.00, have 50000.00
2025-07-19 17:13:06,195 - risk_management.risk_engine - WARNING - Risk violation: max_single_position - Position in RELIANCE would be 325.07% of portfolio
2025-07-19 17:13:06,195 - risk_management.risk_engine - WARNING - Risk violation: insufficient_cash - Insufficient cash: need 227052.00, have 50000.00
2025-07-19 17:13:06,195 - risk_management.risk_engine - WARNING - Risk violation: max_single_position - Position in RELIANCE would be 326.83% of portfolio
2025-07-19 17:13:06,195 - risk_management.risk_engine - WARNING - Risk violation: insufficient_cash - Insufficient cash: need 229755.00, have 50000.00
2025-07-19 17:13:06,195 - risk_management.risk_engine - WARNING - Risk violation: max_single_position - Position in RELIANCE would be 328.60% of portfolio
2025-07-19 17:13:06,195 - risk_management.risk_engine - WARNING - Risk violation: insufficient_cash - Insufficient cash: need 232458.00, have 50000.00
2025-07-19 17:13:06,195 - risk_management.risk_engine - WARNING - Risk violation: max_single_position - Position in RELIANCE would be 330.37% of portfolio
2025-07-19 17:13:06,195 - risk_management.risk_engine - WARNING - Risk violation: insufficient_cash - Insufficient cash: need 235161.00, have 50000.00
2025-07-19 17:13:06,195 - risk_management.risk_engine - WARNING - Risk violation: max_single_position - Position in RELIANCE would be 332.13% of portfolio
2025-07-19 17:13:06,196 - risk_management.risk_engine - WARNING - Risk violation: insufficient_cash - Insufficient cash: need 237864.00, have 50000.00
2025-07-19 17:13:06,196 - risk_management.risk_engine - WARNING - Risk violation: max_single_position - Position in RELIANCE would be 333.90% of portfolio
2025-07-19 17:13:06,196 - risk_management.risk_engine - WARNING - Risk violation: insufficient_cash - Insufficient cash: need 240567.00, have 50000.00
2025-07-19 17:13:06,196 - risk_management.risk_engine - WARNING - Risk violation: max_single_position - Position in RELIANCE would be 335.67% of portfolio
2025-07-19 17:13:06,196 - risk_management.risk_engine - WARNING - Risk violation: insufficient_cash - Insufficient cash: need 243270.00, have 50000.00
2025-07-19 17:13:06,196 - risk_management.risk_engine - WARNING - Risk violation: max_single_position - Position in RELIANCE would be 337.43% of portfolio
2025-07-19 17:13:06,196 - risk_management.risk_engine - WARNING - Risk violation: insufficient_cash - Insufficient cash: need 245973.00, have 50000.00
2025-07-19 17:13:06,196 - risk_management.risk_engine - WARNING - Risk violation: max_single_position - Position in RELIANCE would be 339.20% of portfolio
2025-07-19 17:13:06,196 - risk_management.risk_engine - WARNING - Risk violation: insufficient_cash - Insufficient cash: need 248676.00, have 50000.00
2025-07-19 17:13:06,196 - risk_management.risk_engine - WARNING - Risk violation: max_single_position - Position in RELIANCE would be 340.97% of portfolio
2025-07-19 17:13:06,196 - risk_management.risk_engine - WARNING - Risk violation: insufficient_cash - Insufficient cash: need 251379.00, have 50000.00
2025-07-19 17:13:06,196 - risk_management.risk_engine - WARNING - Risk violation: max_single_position - Position in RELIANCE would be 342.73% of portfolio
2025-07-19 17:13:06,196 - risk_management.risk_engine - WARNING - Risk violation: insufficient_cash - Insufficient cash: need 254082.00, have 50000.00
2025-07-19 17:13:06,196 - risk_management.risk_engine - WARNING - Risk violation: max_single_position - Position in RELIANCE would be 344.50% of portfolio
2025-07-19 17:13:06,196 - risk_management.risk_engine - WARNING - Risk violation: insufficient_cash - Insufficient cash: need 256785.00, have 50000.00
2025-07-19 17:13:06,196 - risk_management.risk_engine - WARNING - Risk violation: max_single_position - Position in RELIANCE would be 346.27% of portfolio
2025-07-19 17:13:06,196 - risk_management.risk_engine - WARNING - Risk violation: insufficient_cash - Insufficient cash: need 259488.00, have 50000.00
2025-07-19 17:13:06,196 - risk_management.risk_engine - WARNING - Risk violation: max_single_position - Position in RELIANCE would be 348.03% of portfolio
2025-07-19 17:13:06,196 - risk_management.risk_engine - WARNING - Risk violation: insufficient_cash - Insufficient cash: need 262191.00, have 50000.00
2025-07-19 17:13:06,196 - risk_management.risk_engine - WARNING - Risk violation: max_single_position - Position in RELIANCE would be 349.80% of portfolio
2025-07-19 17:13:06,196 - risk_management.risk_engine - WARNING - Risk violation: insufficient_cash - Insufficient cash: need 264894.00, have 50000.00
2025-07-19 17:13:06,196 - risk_management.risk_engine - WARNING - Risk violation: max_single_position - Position in RELIANCE would be 351.57% of portfolio
2025-07-19 17:13:06,196 - risk_management.risk_engine - WARNING - Risk violation: insufficient_cash - Insufficient cash: need 267597.00, have 50000.00
2025-07-19 17:13:06,196 - risk_management.risk_engine - WARNING - Risk violation: max_single_position - Position in RELIANCE would be 353.33% of portfolio
2025-07-19 17:13:06,196 - risk_management.risk_engine - WARNING - Risk violation: insufficient_cash - Insufficient cash: need 270300.00, have 50000.00
2025-07-19 17:13:06,196 - risk_management.risk_engine - WARNING - Risk violation: max_single_position - Position in RELIANCE would be 355.10% of portfolio
2025-07-19 17:13:06,196 - risk_management.risk_engine - WARNING - Risk violation: insufficient_cash - Insufficient cash: need 273003.00, have 50000.00
2025-07-19 17:13:06,196 - risk_management.risk_engine - WARNING - Risk violation: max_single_position - Position in RELIANCE would be 356.87% of portfolio
2025-07-19 17:13:06,196 - risk_management.risk_engine - WARNING - Risk violation: insufficient_cash - Insufficient cash: need 275706.00, have 50000.00
2025-07-19 17:13:06,196 - risk_management.risk_engine - WARNING - Risk violation: max_single_position - Position in RELIANCE would be 358.63% of portfolio
2025-07-19 17:13:06,196 - risk_management.risk_engine - WARNING - Risk violation: insufficient_cash - Insufficient cash: need 278409.00, have 50000.00
2025-07-19 17:13:06,196 - risk_management.risk_engine - WARNING - Risk violation: max_single_position - Position in RELIANCE would be 360.40% of portfolio
2025-07-19 17:13:06,196 - risk_management.risk_engine - WARNING - Risk violation: insufficient_cash - Insufficient cash: need 281112.00, have 50000.00
2025-07-19 17:13:06,196 - risk_management.risk_engine - WARNING - Risk violation: max_single_position - Position in RELIANCE would be 362.17% of portfolio
2025-07-19 17:13:06,196 - risk_management.risk_engine - WARNING - Risk violation: insufficient_cash - Insufficient cash: need 283815.00, have 50000.00
2025-07-19 17:13:06,196 - risk_management.risk_engine - WARNING - Risk violation: max_single_position - Position in RELIANCE would be 363.93% of portfolio
2025-07-19 17:13:06,196 - risk_management.risk_engine - WARNING - Risk violation: insufficient_cash - Insufficient cash: need 286518.00, have 50000.00
2025-07-19 17:13:06,196 - risk_management.risk_engine - WARNING - Risk violation: max_single_position - Position in RELIANCE would be 365.70% of portfolio
2025-07-19 17:13:06,196 - risk_management.risk_engine - WARNING - Risk violation: insufficient_cash - Insufficient cash: need 289221.00, have 50000.00
2025-07-19 17:13:06,196 - risk_management.risk_engine - WARNING - Risk violation: max_single_position - Position in RELIANCE would be 367.47% of portfolio
2025-07-19 17:13:06,196 - risk_management.risk_engine - WARNING - Risk violation: insufficient_cash - Insufficient cash: need 291924.00, have 50000.00
2025-07-19 17:13:06,196 - risk_management.risk_engine - WARNING - Risk violation: max_single_position - Position in RELIANCE would be 369.23% of portfolio
2025-07-19 17:13:06,196 - risk_management.risk_engine - WARNING - Risk violation: insufficient_cash - Insufficient cash: need 294627.00, have 50000.00
2025-07-19 17:13:06,197 - data.storage - INFO - Database initialized successfully
2025-07-19 17:13:06,197 - brokers.zerodha_broker - INFO - Zerodha broker initialized in demo mode
2025-07-19 17:13:06,197 - brokers.zerodha_broker - INFO - Connecting to Zerodha API...
2025-07-19 17:13:06,197 - brokers.zerodha_broker - INFO - Running in DEMO mode - using mock broker
2025-07-19 17:13:06,203 - monitoring.dashboard - INFO - Trading dashboard initialized
2025-07-19 17:13:06,203 - Phase3Verification - ERROR - Security test error: Traceback (most recent call last):
  File "/Users/priyanshpatidar/Documents/github/sip-algo-trading/phase3_verification.py", line 517, in test_security
    manual_override = ManualOverride("SECURITY_TEST")
NameError: name 'ManualOverride' is not defined

2025-07-19 17:14:07,833 - risk_management.risk_engine - INFO - Risk Engine initialized
2025-07-19 17:14:07,833 - risk_management.risk_engine - WARNING - Risk violation: max_single_position - Position in RELIANCE would be 353.33% of portfolio
2025-07-19 17:14:07,833 - risk_management.risk_engine - WARNING - Risk violation: insufficient_cash - Insufficient cash: need 270300.00, have 50000.00
2025-07-19 17:14:07,834 - risk_management.risk_engine - WARNING - Risk violation: max_single_position - Position in RELIANCE would be 17843.33% of portfolio
2025-07-19 17:14:07,834 - risk_management.risk_engine - WARNING - Risk violation: insufficient_cash - Insufficient cash: need 27030000.00, have 50000.00
2025-07-19 17:14:07,834 - risk_management.risk_engine - CRITICAL - EMERGENCY STOP ACTIVATED: Test emergency stop
2025-07-19 17:14:07,834 - risk_management.risk_engine - INFO - Emergency stop reset: Test reset
2025-07-19 17:14:07,835 - data.storage - INFO - Database initialized successfully
2025-07-19 17:14:07,836 - brokers.zerodha_broker - INFO - Zerodha broker initialized in demo mode
2025-07-19 17:14:07,836 - brokers.zerodha_broker - INFO - Connecting to Zerodha API...
2025-07-19 17:14:07,836 - brokers.zerodha_broker - INFO - Running in DEMO mode - using mock broker
2025-07-19 17:14:07,852 - monitoring.dashboard - INFO - Trading dashboard initialized
2025-07-19 17:14:07,857 - Phase3Verification - ERROR - Emergency controls test error: Traceback (most recent call last):
  File "/Users/priyanshpatidar/Documents/github/sip-algo-trading/phase3_verification.py", line 289, in test_emergency_controls
    cb_config = CircuitBreakerConfig(
NameError: name 'CircuitBreakerConfig' is not defined

2025-07-19 17:14:07,857 - risk_management.risk_engine - INFO - Risk Engine initialized
2025-07-19 17:14:07,857 - Phase3Verification - ERROR - Integration test error: Traceback (most recent call last):
  File "/Users/priyanshpatidar/Documents/github/sip-algo-trading/phase3_verification.py", line 389, in test_integration
    emergency_stop = EmergencyStop("INTEGRATION_TEST")
NameError: name 'EmergencyStop' is not defined

2025-07-19 17:14:07,857 - risk_management.risk_engine - INFO - Risk Engine initialized
2025-07-19 17:14:07,857 - risk_management.risk_engine - WARNING - Risk violation: max_single_position - Position in RELIANCE would be 194.33% of portfolio
2025-07-19 17:14:07,857 - risk_management.risk_engine - WARNING - Risk violation: max_single_position - Position in RELIANCE would be 196.10% of portfolio
2025-07-19 17:14:07,858 - risk_management.risk_engine - WARNING - Risk violation: max_single_position - Position in RELIANCE would be 197.87% of portfolio
2025-07-19 17:14:07,858 - risk_management.risk_engine - WARNING - Risk violation: max_single_position - Position in RELIANCE would be 199.63% of portfolio
2025-07-19 17:14:07,858 - risk_management.risk_engine - WARNING - Risk violation: max_single_position - Position in RELIANCE would be 201.40% of portfolio
2025-07-19 17:14:07,858 - risk_management.risk_engine - WARNING - Risk violation: max_single_position - Position in RELIANCE would be 203.17% of portfolio
2025-07-19 17:14:07,858 - risk_management.risk_engine - WARNING - Risk violation: max_single_position - Position in RELIANCE would be 204.93% of portfolio
2025-07-19 17:14:07,858 - risk_management.risk_engine - WARNING - Risk violation: max_single_position - Position in RELIANCE would be 206.70% of portfolio
2025-07-19 17:14:07,858 - risk_management.risk_engine - WARNING - Risk violation: max_single_position - Position in RELIANCE would be 208.47% of portfolio
2025-07-19 17:14:07,858 - risk_management.risk_engine - WARNING - Risk violation: max_single_position - Position in RELIANCE would be 210.23% of portfolio
2025-07-19 17:14:07,858 - risk_management.risk_engine - WARNING - Risk violation: insufficient_cash - Insufficient cash: need 51357.00, have 50000.00
2025-07-19 17:14:07,858 - risk_management.risk_engine - WARNING - Risk violation: max_single_position - Position in RELIANCE would be 212.00% of portfolio
2025-07-19 17:14:07,858 - risk_management.risk_engine - WARNING - Risk violation: insufficient_cash - Insufficient cash: need 54060.00, have 50000.00
2025-07-19 17:14:07,858 - risk_management.risk_engine - WARNING - Risk violation: max_single_position - Position in RELIANCE would be 213.77% of portfolio
2025-07-19 17:14:07,858 - risk_management.risk_engine - WARNING - Risk violation: insufficient_cash - Insufficient cash: need 56763.00, have 50000.00
2025-07-19 17:14:07,858 - risk_management.risk_engine - WARNING - Risk violation: max_single_position - Position in RELIANCE would be 215.53% of portfolio
2025-07-19 17:14:07,858 - risk_management.risk_engine - WARNING - Risk violation: insufficient_cash - Insufficient cash: need 59466.00, have 50000.00
2025-07-19 17:14:07,858 - risk_management.risk_engine - WARNING - Risk violation: max_single_position - Position in RELIANCE would be 217.30% of portfolio
2025-07-19 17:14:07,858 - risk_management.risk_engine - WARNING - Risk violation: insufficient_cash - Insufficient cash: need 62169.00, have 50000.00
2025-07-19 17:14:07,858 - risk_management.risk_engine - WARNING - Risk violation: max_single_position - Position in RELIANCE would be 219.07% of portfolio
2025-07-19 17:14:07,858 - risk_management.risk_engine - WARNING - Risk violation: insufficient_cash - Insufficient cash: need 64872.00, have 50000.00
2025-07-19 17:14:07,858 - risk_management.risk_engine - WARNING - Risk violation: max_single_position - Position in RELIANCE would be 220.83% of portfolio
2025-07-19 17:14:07,858 - risk_management.risk_engine - WARNING - Risk violation: insufficient_cash - Insufficient cash: need 67575.00, have 50000.00
2025-07-19 17:14:07,858 - risk_management.risk_engine - WARNING - Risk violation: max_single_position - Position in RELIANCE would be 222.60% of portfolio
2025-07-19 17:14:07,858 - risk_management.risk_engine - WARNING - Risk violation: insufficient_cash - Insufficient cash: need 70278.00, have 50000.00
2025-07-19 17:14:07,858 - risk_management.risk_engine - WARNING - Risk violation: max_single_position - Position in RELIANCE would be 224.37% of portfolio
2025-07-19 17:14:07,858 - risk_management.risk_engine - WARNING - Risk violation: insufficient_cash - Insufficient cash: need 72981.00, have 50000.00
2025-07-19 17:14:07,858 - risk_management.risk_engine - WARNING - Risk violation: max_single_position - Position in RELIANCE would be 226.13% of portfolio
2025-07-19 17:14:07,858 - risk_management.risk_engine - WARNING - Risk violation: insufficient_cash - Insufficient cash: need 75684.00, have 50000.00
2025-07-19 17:14:07,858 - risk_management.risk_engine - WARNING - Risk violation: max_single_position - Position in RELIANCE would be 227.90% of portfolio
2025-07-19 17:14:07,858 - risk_management.risk_engine - WARNING - Risk violation: insufficient_cash - Insufficient cash: need 78387.00, have 50000.00
2025-07-19 17:14:07,859 - risk_management.risk_engine - WARNING - Risk violation: max_single_position - Position in RELIANCE would be 229.67% of portfolio
2025-07-19 17:14:07,859 - risk_management.risk_engine - WARNING - Risk violation: insufficient_cash - Insufficient cash: need 81090.00, have 50000.00
2025-07-19 17:14:07,859 - risk_management.risk_engine - WARNING - Risk violation: max_single_position - Position in RELIANCE would be 231.43% of portfolio
2025-07-19 17:14:07,859 - risk_management.risk_engine - WARNING - Risk violation: insufficient_cash - Insufficient cash: need 83793.00, have 50000.00
2025-07-19 17:14:07,859 - risk_management.risk_engine - WARNING - Risk violation: max_single_position - Position in RELIANCE would be 233.20% of portfolio
2025-07-19 17:14:07,859 - risk_management.risk_engine - WARNING - Risk violation: insufficient_cash - Insufficient cash: need 86496.00, have 50000.00
2025-07-19 17:14:07,859 - risk_management.risk_engine - WARNING - Risk violation: max_single_position - Position in RELIANCE would be 234.97% of portfolio
2025-07-19 17:14:07,859 - risk_management.risk_engine - WARNING - Risk violation: insufficient_cash - Insufficient cash: need 89199.00, have 50000.00
2025-07-19 17:14:07,859 - risk_management.risk_engine - WARNING - Risk violation: max_single_position - Position in RELIANCE would be 236.73% of portfolio
2025-07-19 17:14:07,859 - risk_management.risk_engine - WARNING - Risk violation: insufficient_cash - Insufficient cash: need 91902.00, have 50000.00
2025-07-19 17:14:07,859 - risk_management.risk_engine - WARNING - Risk violation: max_single_position - Position in RELIANCE would be 238.50% of portfolio
2025-07-19 17:14:07,859 - risk_management.risk_engine - WARNING - Risk violation: insufficient_cash - Insufficient cash: need 94605.00, have 50000.00
2025-07-19 17:14:07,859 - risk_management.risk_engine - WARNING - Risk violation: max_single_position - Position in RELIANCE would be 240.27% of portfolio
2025-07-19 17:14:07,859 - risk_management.risk_engine - WARNING - Risk violation: insufficient_cash - Insufficient cash: need 97308.00, have 50000.00
2025-07-19 17:14:07,859 - risk_management.risk_engine - WARNING - Risk violation: max_single_position - Position in RELIANCE would be 242.03% of portfolio
2025-07-19 17:14:07,859 - risk_management.risk_engine - WARNING - Risk violation: insufficient_cash - Insufficient cash: need 100011.00, have 50000.00
2025-07-19 17:14:07,859 - risk_management.risk_engine - WARNING - Risk violation: max_single_position - Position in RELIANCE would be 243.80% of portfolio
2025-07-19 17:14:07,859 - risk_management.risk_engine - WARNING - Risk violation: insufficient_cash - Insufficient cash: need 102714.00, have 50000.00
2025-07-19 17:14:07,859 - risk_management.risk_engine - WARNING - Risk violation: max_single_position - Position in RELIANCE would be 245.57% of portfolio
2025-07-19 17:14:07,859 - risk_management.risk_engine - WARNING - Risk violation: insufficient_cash - Insufficient cash: need 105417.00, have 50000.00
2025-07-19 17:14:07,859 - risk_management.risk_engine - WARNING - Risk violation: max_single_position - Position in RELIANCE would be 247.33% of portfolio
2025-07-19 17:14:07,859 - risk_management.risk_engine - WARNING - Risk violation: insufficient_cash - Insufficient cash: need 108120.00, have 50000.00
2025-07-19 17:14:07,859 - risk_management.risk_engine - WARNING - Risk violation: max_single_position - Position in RELIANCE would be 249.10% of portfolio
2025-07-19 17:14:07,859 - risk_management.risk_engine - WARNING - Risk violation: insufficient_cash - Insufficient cash: need 110823.00, have 50000.00
2025-07-19 17:14:07,859 - risk_management.risk_engine - WARNING - Risk violation: max_single_position - Position in RELIANCE would be 250.87% of portfolio
2025-07-19 17:14:07,859 - risk_management.risk_engine - WARNING - Risk violation: insufficient_cash - Insufficient cash: need 113526.00, have 50000.00
2025-07-19 17:14:07,859 - risk_management.risk_engine - WARNING - Risk violation: max_single_position - Position in RELIANCE would be 252.63% of portfolio
2025-07-19 17:14:07,860 - risk_management.risk_engine - WARNING - Risk violation: insufficient_cash - Insufficient cash: need 116229.00, have 50000.00
2025-07-19 17:14:07,860 - risk_management.risk_engine - WARNING - Risk violation: max_single_position - Position in RELIANCE would be 254.40% of portfolio
2025-07-19 17:14:07,860 - risk_management.risk_engine - WARNING - Risk violation: insufficient_cash - Insufficient cash: need 118932.00, have 50000.00
2025-07-19 17:14:07,860 - risk_management.risk_engine - WARNING - Risk violation: max_single_position - Position in RELIANCE would be 256.17% of portfolio
2025-07-19 17:14:07,860 - risk_management.risk_engine - WARNING - Risk violation: insufficient_cash - Insufficient cash: need 121635.00, have 50000.00
2025-07-19 17:14:07,860 - risk_management.risk_engine - WARNING - Risk violation: max_single_position - Position in RELIANCE would be 257.93% of portfolio
2025-07-19 17:14:07,860 - risk_management.risk_engine - WARNING - Risk violation: insufficient_cash - Insufficient cash: need 124338.00, have 50000.00
2025-07-19 17:14:07,860 - risk_management.risk_engine - WARNING - Risk violation: max_single_position - Position in RELIANCE would be 259.70% of portfolio
2025-07-19 17:14:07,860 - risk_management.risk_engine - WARNING - Risk violation: insufficient_cash - Insufficient cash: need 127041.00, have 50000.00
2025-07-19 17:14:07,860 - risk_management.risk_engine - WARNING - Risk violation: max_single_position - Position in RELIANCE would be 261.47% of portfolio
2025-07-19 17:14:07,860 - risk_management.risk_engine - WARNING - Risk violation: insufficient_cash - Insufficient cash: need 129744.00, have 50000.00
2025-07-19 17:14:07,860 - risk_management.risk_engine - WARNING - Risk violation: max_single_position - Position in RELIANCE would be 263.23% of portfolio
2025-07-19 17:14:07,860 - risk_management.risk_engine - WARNING - Risk violation: insufficient_cash - Insufficient cash: need 132447.00, have 50000.00
2025-07-19 17:14:07,860 - risk_management.risk_engine - WARNING - Risk violation: max_single_position - Position in RELIANCE would be 265.00% of portfolio
2025-07-19 17:14:07,860 - risk_management.risk_engine - WARNING - Risk violation: insufficient_cash - Insufficient cash: need 135150.00, have 50000.00
2025-07-19 17:14:07,860 - risk_management.risk_engine - WARNING - Risk violation: max_single_position - Position in RELIANCE would be 266.77% of portfolio
2025-07-19 17:14:07,860 - risk_management.risk_engine - WARNING - Risk violation: insufficient_cash - Insufficient cash: need 137853.00, have 50000.00
2025-07-19 17:14:07,860 - risk_management.risk_engine - WARNING - Risk violation: max_single_position - Position in RELIANCE would be 268.53% of portfolio
2025-07-19 17:14:07,860 - risk_management.risk_engine - WARNING - Risk violation: insufficient_cash - Insufficient cash: need 140556.00, have 50000.00
2025-07-19 17:14:07,860 - risk_management.risk_engine - WARNING - Risk violation: max_single_position - Position in RELIANCE would be 270.30% of portfolio
2025-07-19 17:14:07,860 - risk_management.risk_engine - WARNING - Risk violation: insufficient_cash - Insufficient cash: need 143259.00, have 50000.00
2025-07-19 17:14:07,860 - risk_management.risk_engine - WARNING - Risk violation: max_single_position - Position in RELIANCE would be 272.07% of portfolio
2025-07-19 17:14:07,860 - risk_management.risk_engine - WARNING - Risk violation: insufficient_cash - Insufficient cash: need 145962.00, have 50000.00
2025-07-19 17:14:07,860 - risk_management.risk_engine - WARNING - Risk violation: max_single_position - Position in RELIANCE would be 273.83% of portfolio
2025-07-19 17:14:07,860 - risk_management.risk_engine - WARNING - Risk violation: insufficient_cash - Insufficient cash: need 148665.00, have 50000.00
2025-07-19 17:14:07,861 - risk_management.risk_engine - WARNING - Risk violation: max_single_position - Position in RELIANCE would be 275.60% of portfolio
2025-07-19 17:14:07,861 - risk_management.risk_engine - WARNING - Risk violation: insufficient_cash - Insufficient cash: need 151368.00, have 50000.00
2025-07-19 17:14:07,861 - risk_management.risk_engine - WARNING - Risk violation: max_single_position - Position in RELIANCE would be 277.37% of portfolio
2025-07-19 17:14:07,861 - risk_management.risk_engine - WARNING - Risk violation: insufficient_cash - Insufficient cash: need 154071.00, have 50000.00
2025-07-19 17:14:07,861 - risk_management.risk_engine - WARNING - Risk violation: max_single_position - Position in RELIANCE would be 279.13% of portfolio
2025-07-19 17:14:07,861 - risk_management.risk_engine - WARNING - Risk violation: insufficient_cash - Insufficient cash: need 156774.00, have 50000.00
2025-07-19 17:14:07,861 - risk_management.risk_engine - WARNING - Risk violation: max_single_position - Position in RELIANCE would be 280.90% of portfolio
2025-07-19 17:14:07,861 - risk_management.risk_engine - WARNING - Risk violation: insufficient_cash - Insufficient cash: need 159477.00, have 50000.00
2025-07-19 17:14:07,861 - risk_management.risk_engine - WARNING - Risk violation: max_single_position - Position in RELIANCE would be 282.67% of portfolio
2025-07-19 17:14:07,861 - risk_management.risk_engine - WARNING - Risk violation: insufficient_cash - Insufficient cash: need 162180.00, have 50000.00
2025-07-19 17:14:07,861 - risk_management.risk_engine - WARNING - Risk violation: max_single_position - Position in RELIANCE would be 284.43% of portfolio
2025-07-19 17:14:07,861 - risk_management.risk_engine - WARNING - Risk violation: insufficient_cash - Insufficient cash: need 164883.00, have 50000.00
2025-07-19 17:14:07,861 - risk_management.risk_engine - WARNING - Risk violation: max_single_position - Position in RELIANCE would be 286.20% of portfolio
2025-07-19 17:14:07,861 - risk_management.risk_engine - WARNING - Risk violation: insufficient_cash - Insufficient cash: need 167586.00, have 50000.00
2025-07-19 17:14:07,861 - risk_management.risk_engine - WARNING - Risk violation: max_single_position - Position in RELIANCE would be 287.97% of portfolio
2025-07-19 17:14:07,861 - risk_management.risk_engine - WARNING - Risk violation: insufficient_cash - Insufficient cash: need 170289.00, have 50000.00
2025-07-19 17:14:07,861 - risk_management.risk_engine - WARNING - Risk violation: max_single_position - Position in RELIANCE would be 289.73% of portfolio
2025-07-19 17:14:07,861 - risk_management.risk_engine - WARNING - Risk violation: insufficient_cash - Insufficient cash: need 172992.00, have 50000.00
2025-07-19 17:14:07,861 - risk_management.risk_engine - WARNING - Risk violation: max_single_position - Position in RELIANCE would be 291.50% of portfolio
2025-07-19 17:14:07,861 - risk_management.risk_engine - WARNING - Risk violation: insufficient_cash - Insufficient cash: need 175695.00, have 50000.00
2025-07-19 17:14:07,861 - risk_management.risk_engine - WARNING - Risk violation: max_single_position - Position in RELIANCE would be 293.27% of portfolio
2025-07-19 17:14:07,861 - risk_management.risk_engine - WARNING - Risk violation: insufficient_cash - Insufficient cash: need 178398.00, have 50000.00
2025-07-19 17:14:07,861 - risk_management.risk_engine - WARNING - Risk violation: max_single_position - Position in RELIANCE would be 295.03% of portfolio
2025-07-19 17:14:07,861 - risk_management.risk_engine - WARNING - Risk violation: insufficient_cash - Insufficient cash: need 181101.00, have 50000.00
2025-07-19 17:14:07,861 - risk_management.risk_engine - WARNING - Risk violation: max_single_position - Position in RELIANCE would be 296.80% of portfolio
2025-07-19 17:14:07,861 - risk_management.risk_engine - WARNING - Risk violation: insufficient_cash - Insufficient cash: need 183804.00, have 50000.00
2025-07-19 17:14:07,861 - risk_management.risk_engine - WARNING - Risk violation: max_single_position - Position in RELIANCE would be 298.57% of portfolio
2025-07-19 17:14:07,861 - risk_management.risk_engine - WARNING - Risk violation: insufficient_cash - Insufficient cash: need 186507.00, have 50000.00
2025-07-19 17:14:07,861 - risk_management.risk_engine - WARNING - Risk violation: max_single_position - Position in RELIANCE would be 300.33% of portfolio
2025-07-19 17:14:07,861 - risk_management.risk_engine - WARNING - Risk violation: insufficient_cash - Insufficient cash: need 189210.00, have 50000.00
2025-07-19 17:14:07,861 - risk_management.risk_engine - WARNING - Risk violation: max_single_position - Position in RELIANCE would be 302.10% of portfolio
2025-07-19 17:14:07,861 - risk_management.risk_engine - WARNING - Risk violation: insufficient_cash - Insufficient cash: need 191913.00, have 50000.00
2025-07-19 17:14:07,861 - risk_management.risk_engine - WARNING - Risk violation: max_single_position - Position in RELIANCE would be 303.87% of portfolio
2025-07-19 17:14:07,861 - risk_management.risk_engine - WARNING - Risk violation: insufficient_cash - Insufficient cash: need 194616.00, have 50000.00
2025-07-19 17:14:07,862 - risk_management.risk_engine - WARNING - Risk violation: max_single_position - Position in RELIANCE would be 305.63% of portfolio
2025-07-19 17:14:07,862 - risk_management.risk_engine - WARNING - Risk violation: insufficient_cash - Insufficient cash: need 197319.00, have 50000.00
2025-07-19 17:14:07,862 - risk_management.risk_engine - WARNING - Risk violation: max_single_position - Position in RELIANCE would be 307.40% of portfolio
2025-07-19 17:14:07,862 - risk_management.risk_engine - WARNING - Risk violation: insufficient_cash - Insufficient cash: need 200022.00, have 50000.00
2025-07-19 17:14:07,862 - risk_management.risk_engine - WARNING - Risk violation: max_single_position - Position in RELIANCE would be 309.17% of portfolio
2025-07-19 17:14:07,862 - risk_management.risk_engine - WARNING - Risk violation: insufficient_cash - Insufficient cash: need 202725.00, have 50000.00
2025-07-19 17:14:07,862 - risk_management.risk_engine - WARNING - Risk violation: max_single_position - Position in RELIANCE would be 310.93% of portfolio
2025-07-19 17:14:07,862 - risk_management.risk_engine - WARNING - Risk violation: insufficient_cash - Insufficient cash: need 205428.00, have 50000.00
2025-07-19 17:14:07,862 - risk_management.risk_engine - WARNING - Risk violation: max_single_position - Position in RELIANCE would be 312.70% of portfolio
2025-07-19 17:14:07,862 - risk_management.risk_engine - WARNING - Risk violation: insufficient_cash - Insufficient cash: need 208131.00, have 50000.00
2025-07-19 17:14:07,862 - risk_management.risk_engine - WARNING - Risk violation: max_single_position - Position in RELIANCE would be 314.47% of portfolio
2025-07-19 17:14:07,862 - risk_management.risk_engine - WARNING - Risk violation: insufficient_cash - Insufficient cash: need 210834.00, have 50000.00
2025-07-19 17:14:07,862 - risk_management.risk_engine - WARNING - Risk violation: max_single_position - Position in RELIANCE would be 316.23% of portfolio
2025-07-19 17:14:07,862 - risk_management.risk_engine - WARNING - Risk violation: insufficient_cash - Insufficient cash: need 213537.00, have 50000.00
2025-07-19 17:14:07,862 - risk_management.risk_engine - WARNING - Risk violation: max_single_position - Position in RELIANCE would be 318.00% of portfolio
2025-07-19 17:14:07,862 - risk_management.risk_engine - WARNING - Risk violation: insufficient_cash - Insufficient cash: need 216240.00, have 50000.00
2025-07-19 17:14:07,862 - risk_management.risk_engine - WARNING - Risk violation: max_single_position - Position in RELIANCE would be 319.77% of portfolio
2025-07-19 17:14:07,862 - risk_management.risk_engine - WARNING - Risk violation: insufficient_cash - Insufficient cash: need 218943.00, have 50000.00
2025-07-19 17:14:07,862 - risk_management.risk_engine - WARNING - Risk violation: max_single_position - Position in RELIANCE would be 321.53% of portfolio
2025-07-19 17:14:07,862 - risk_management.risk_engine - WARNING - Risk violation: insufficient_cash - Insufficient cash: need 221646.00, have 50000.00
2025-07-19 17:14:07,862 - risk_management.risk_engine - WARNING - Risk violation: max_single_position - Position in RELIANCE would be 323.30% of portfolio
2025-07-19 17:14:07,862 - risk_management.risk_engine - WARNING - Risk violation: insufficient_cash - Insufficient cash: need 224349.00, have 50000.00
2025-07-19 17:14:07,862 - risk_management.risk_engine - WARNING - Risk violation: max_single_position - Position in RELIANCE would be 325.07% of portfolio
2025-07-19 17:14:07,862 - risk_management.risk_engine - WARNING - Risk violation: insufficient_cash - Insufficient cash: need 227052.00, have 50000.00
2025-07-19 17:14:07,862 - risk_management.risk_engine - WARNING - Risk violation: max_single_position - Position in RELIANCE would be 326.83% of portfolio
2025-07-19 17:14:07,862 - risk_management.risk_engine - WARNING - Risk violation: insufficient_cash - Insufficient cash: need 229755.00, have 50000.00
2025-07-19 17:14:07,862 - risk_management.risk_engine - WARNING - Risk violation: max_single_position - Position in RELIANCE would be 328.60% of portfolio
2025-07-19 17:14:07,862 - risk_management.risk_engine - WARNING - Risk violation: insufficient_cash - Insufficient cash: need 232458.00, have 50000.00
2025-07-19 17:14:07,863 - risk_management.risk_engine - WARNING - Risk violation: max_single_position - Position in RELIANCE would be 330.37% of portfolio
2025-07-19 17:14:07,863 - risk_management.risk_engine - WARNING - Risk violation: insufficient_cash - Insufficient cash: need 235161.00, have 50000.00
2025-07-19 17:14:07,863 - risk_management.risk_engine - WARNING - Risk violation: max_single_position - Position in RELIANCE would be 332.13% of portfolio
2025-07-19 17:14:07,863 - risk_management.risk_engine - WARNING - Risk violation: insufficient_cash - Insufficient cash: need 237864.00, have 50000.00
2025-07-19 17:14:07,863 - risk_management.risk_engine - WARNING - Risk violation: max_single_position - Position in RELIANCE would be 333.90% of portfolio
2025-07-19 17:14:07,863 - risk_management.risk_engine - WARNING - Risk violation: insufficient_cash - Insufficient cash: need 240567.00, have 50000.00
2025-07-19 17:14:07,863 - risk_management.risk_engine - WARNING - Risk violation: max_single_position - Position in RELIANCE would be 335.67% of portfolio
2025-07-19 17:14:07,863 - risk_management.risk_engine - WARNING - Risk violation: insufficient_cash - Insufficient cash: need 243270.00, have 50000.00
2025-07-19 17:14:07,863 - risk_management.risk_engine - WARNING - Risk violation: max_single_position - Position in RELIANCE would be 337.43% of portfolio
2025-07-19 17:14:07,863 - risk_management.risk_engine - WARNING - Risk violation: insufficient_cash - Insufficient cash: need 245973.00, have 50000.00
2025-07-19 17:14:07,863 - risk_management.risk_engine - WARNING - Risk violation: max_single_position - Position in RELIANCE would be 339.20% of portfolio
2025-07-19 17:14:07,863 - risk_management.risk_engine - WARNING - Risk violation: insufficient_cash - Insufficient cash: need 248676.00, have 50000.00
2025-07-19 17:14:07,863 - risk_management.risk_engine - WARNING - Risk violation: max_single_position - Position in RELIANCE would be 340.97% of portfolio
2025-07-19 17:14:07,863 - risk_management.risk_engine - WARNING - Risk violation: insufficient_cash - Insufficient cash: need 251379.00, have 50000.00
2025-07-19 17:14:07,863 - risk_management.risk_engine - WARNING - Risk violation: max_single_position - Position in RELIANCE would be 342.73% of portfolio
2025-07-19 17:14:07,863 - risk_management.risk_engine - WARNING - Risk violation: insufficient_cash - Insufficient cash: need 254082.00, have 50000.00
2025-07-19 17:14:07,863 - risk_management.risk_engine - WARNING - Risk violation: max_single_position - Position in RELIANCE would be 344.50% of portfolio
2025-07-19 17:14:07,863 - risk_management.risk_engine - WARNING - Risk violation: insufficient_cash - Insufficient cash: need 256785.00, have 50000.00
2025-07-19 17:14:07,863 - risk_management.risk_engine - WARNING - Risk violation: max_single_position - Position in RELIANCE would be 346.27% of portfolio
2025-07-19 17:14:07,863 - risk_management.risk_engine - WARNING - Risk violation: insufficient_cash - Insufficient cash: need 259488.00, have 50000.00
2025-07-19 17:14:07,863 - risk_management.risk_engine - WARNING - Risk violation: max_single_position - Position in RELIANCE would be 348.03% of portfolio
2025-07-19 17:14:07,863 - risk_management.risk_engine - WARNING - Risk violation: insufficient_cash - Insufficient cash: need 262191.00, have 50000.00
2025-07-19 17:14:07,863 - risk_management.risk_engine - WARNING - Risk violation: max_single_position - Position in RELIANCE would be 349.80% of portfolio
2025-07-19 17:14:07,863 - risk_management.risk_engine - WARNING - Risk violation: insufficient_cash - Insufficient cash: need 264894.00, have 50000.00
2025-07-19 17:14:07,863 - risk_management.risk_engine - WARNING - Risk violation: max_single_position - Position in RELIANCE would be 351.57% of portfolio
2025-07-19 17:14:07,863 - risk_management.risk_engine - WARNING - Risk violation: insufficient_cash - Insufficient cash: need 267597.00, have 50000.00
2025-07-19 17:14:07,863 - risk_management.risk_engine - WARNING - Risk violation: max_single_position - Position in RELIANCE would be 353.33% of portfolio
2025-07-19 17:14:07,864 - risk_management.risk_engine - WARNING - Risk violation: insufficient_cash - Insufficient cash: need 270300.00, have 50000.00
2025-07-19 17:14:07,864 - risk_management.risk_engine - WARNING - Risk violation: max_single_position - Position in RELIANCE would be 355.10% of portfolio
2025-07-19 17:14:07,864 - risk_management.risk_engine - WARNING - Risk violation: insufficient_cash - Insufficient cash: need 273003.00, have 50000.00
2025-07-19 17:14:07,864 - risk_management.risk_engine - WARNING - Risk violation: max_single_position - Position in RELIANCE would be 356.87% of portfolio
2025-07-19 17:14:07,864 - risk_management.risk_engine - WARNING - Risk violation: insufficient_cash - Insufficient cash: need 275706.00, have 50000.00
2025-07-19 17:14:07,864 - risk_management.risk_engine - WARNING - Risk violation: max_single_position - Position in RELIANCE would be 358.63% of portfolio
2025-07-19 17:14:07,864 - risk_management.risk_engine - WARNING - Risk violation: insufficient_cash - Insufficient cash: need 278409.00, have 50000.00
2025-07-19 17:14:07,864 - risk_management.risk_engine - WARNING - Risk violation: max_single_position - Position in RELIANCE would be 360.40% of portfolio
2025-07-19 17:14:07,864 - risk_management.risk_engine - WARNING - Risk violation: insufficient_cash - Insufficient cash: need 281112.00, have 50000.00
2025-07-19 17:14:07,864 - risk_management.risk_engine - WARNING - Risk violation: max_single_position - Position in RELIANCE would be 362.17% of portfolio
2025-07-19 17:14:07,864 - risk_management.risk_engine - WARNING - Risk violation: insufficient_cash - Insufficient cash: need 283815.00, have 50000.00
2025-07-19 17:14:07,864 - risk_management.risk_engine - WARNING - Risk violation: max_single_position - Position in RELIANCE would be 363.93% of portfolio
2025-07-19 17:14:07,864 - risk_management.risk_engine - WARNING - Risk violation: insufficient_cash - Insufficient cash: need 286518.00, have 50000.00
2025-07-19 17:14:07,864 - risk_management.risk_engine - WARNING - Risk violation: max_single_position - Position in RELIANCE would be 365.70% of portfolio
2025-07-19 17:14:07,864 - risk_management.risk_engine - WARNING - Risk violation: insufficient_cash - Insufficient cash: need 289221.00, have 50000.00
2025-07-19 17:14:07,864 - risk_management.risk_engine - WARNING - Risk violation: max_single_position - Position in RELIANCE would be 367.47% of portfolio
2025-07-19 17:14:07,864 - risk_management.risk_engine - WARNING - Risk violation: insufficient_cash - Insufficient cash: need 291924.00, have 50000.00
2025-07-19 17:14:07,864 - risk_management.risk_engine - WARNING - Risk violation: max_single_position - Position in RELIANCE would be 369.23% of portfolio
2025-07-19 17:14:07,864 - risk_management.risk_engine - WARNING - Risk violation: insufficient_cash - Insufficient cash: need 294627.00, have 50000.00
2025-07-19 17:14:07,865 - data.storage - INFO - Database initialized successfully
2025-07-19 17:14:07,865 - brokers.zerodha_broker - INFO - Zerodha broker initialized in demo mode
2025-07-19 17:14:07,865 - brokers.zerodha_broker - INFO - Connecting to Zerodha API...
2025-07-19 17:14:07,865 - brokers.zerodha_broker - INFO - Running in DEMO mode - using mock broker
2025-07-19 17:14:07,874 - monitoring.dashboard - INFO - Trading dashboard initialized
2025-07-19 17:14:07,874 - Phase3Verification - ERROR - Security test error: Traceback (most recent call last):
  File "/Users/priyanshpatidar/Documents/github/sip-algo-trading/phase3_verification.py", line 517, in test_security
    manual_override = ManualOverride("SECURITY_TEST")
NameError: name 'ManualOverride' is not defined

2025-07-19 17:15:39,664 - risk_management.risk_engine - INFO - Risk Engine initialized
2025-07-19 17:15:39,665 - risk_management.risk_engine - WARNING - Risk violation: max_single_position - Position in RELIANCE would be 353.33% of portfolio
2025-07-19 17:15:39,666 - risk_management.risk_engine - WARNING - Risk violation: insufficient_cash - Insufficient cash: need 270300.00, have 50000.00
2025-07-19 17:15:39,666 - risk_management.risk_engine - WARNING - Risk violation: max_single_position - Position in RELIANCE would be 17843.33% of portfolio
2025-07-19 17:15:39,666 - risk_management.risk_engine - WARNING - Risk violation: insufficient_cash - Insufficient cash: need 27030000.00, have 50000.00
2025-07-19 17:15:39,666 - risk_management.risk_engine - CRITICAL - EMERGENCY STOP ACTIVATED: Test emergency stop
2025-07-19 17:15:39,666 - risk_management.risk_engine - INFO - Emergency stop reset: Test reset
2025-07-19 17:15:39,672 - data.storage - INFO - Database initialized successfully
2025-07-19 17:15:39,673 - brokers.zerodha_broker - INFO - Zerodha broker initialized in demo mode
2025-07-19 17:15:39,673 - brokers.zerodha_broker - INFO - Connecting to Zerodha API...
2025-07-19 17:15:39,673 - brokers.zerodha_broker - INFO - Running in DEMO mode - using mock broker
2025-07-19 17:15:39,698 - monitoring.dashboard - INFO - Trading dashboard initialized
2025-07-19 17:15:39,722 - controls.circuit_breaker - INFO - Circuit breaker 'test_breaker' initialized with 2 triggers
2025-07-19 17:15:39,722 - controls.circuit_breaker - CRITICAL - CIRCUIT BREAKER TRIGGERED: test_breaker
2025-07-19 17:15:39,722 - controls.circuit_breaker - CRITICAL - Trigger: portfolio_loss
2025-07-19 17:15:39,722 - controls.circuit_breaker - CRITICAL - Current Value: -0.12
2025-07-19 17:15:39,722 - controls.circuit_breaker - CRITICAL - Threshold: 0.1
2025-07-19 17:15:39,722 - controls.circuit_breaker - CRITICAL - Breach Ratio: 1.20
2025-07-19 17:15:39,722 - controls.circuit_breaker - INFO - Circuit breaker 'test_breaker' entering cooldown until 2025-07-19 17:45:39.722657
2025-07-19 17:15:39,723 - Phase3Verification - ERROR - Emergency controls test error: Traceback (most recent call last):
  File "/Users/priyanshpatidar/Documents/github/sip-algo-trading/phase3_verification.py", line 311, in test_emergency_controls
    assert status['state'] == 'triggered'
AssertionError

2025-07-19 17:15:39,723 - risk_management.risk_engine - INFO - Risk Engine initialized
2025-07-19 17:15:39,723 - controls.emergency_stop - INFO - Emergency stop system initialized for INTEGRATION_TEST
2025-07-19 17:15:39,723 - risk_management.risk_engine - WARNING - Risk violation: max_single_position - Position in RELIANCE would be 15900.00% of portfolio
2025-07-19 17:15:39,723 - risk_management.risk_engine - WARNING - Risk violation: max_portfolio_drawdown - Portfolio drawdown is 20.00%
2025-07-19 17:15:39,723 - risk_management.risk_engine - WARNING - Risk violation: daily_loss_limit - Daily loss is 15.00%
2025-07-19 17:15:39,723 - risk_management.risk_engine - WARNING - Risk violation: insufficient_cash - Insufficient cash: need 13515000.00, have 10000.00
2025-07-19 17:15:39,723 - controls.emergency_stop - CRITICAL - EMERGENCY STOP ACTIVATED - Level: hard_stop
2025-07-19 17:15:39,723 - controls.emergency_stop - CRITICAL - Reason: risk_breach - Critical risk violation detected
2025-07-19 17:15:39,723 - controls.emergency_stop - CRITICAL - Initiated by: RISK_ENGINE
2025-07-19 17:15:39,723 - controls.emergency_stop - CRITICAL - Stop ID: e43ef92f-3418-4070-aac8-849240828941
2025-07-19 17:15:39,724 - data.storage - INFO - Database initialized successfully
2025-07-19 17:15:39,724 - brokers.zerodha_broker - INFO - Zerodha broker initialized in demo mode
2025-07-19 17:15:39,724 - brokers.zerodha_broker - INFO - Connecting to Zerodha API...
2025-07-19 17:15:39,724 - brokers.zerodha_broker - INFO - Running in DEMO mode - using mock broker
2025-07-19 17:15:39,730 - monitoring.dashboard - INFO - Trading dashboard initialized
2025-07-19 17:15:39,730 - risk_management.risk_engine - INFO - Risk Engine initialized
2025-07-19 17:15:39,730 - risk_management.risk_engine - WARNING - Risk violation: max_single_position - Position in RELIANCE would be 194.33% of portfolio
2025-07-19 17:15:39,730 - risk_management.risk_engine - WARNING - Risk violation: max_single_position - Position in RELIANCE would be 196.10% of portfolio
2025-07-19 17:15:39,730 - risk_management.risk_engine - WARNING - Risk violation: max_single_position - Position in RELIANCE would be 197.87% of portfolio
2025-07-19 17:15:39,730 - risk_management.risk_engine - WARNING - Risk violation: max_single_position - Position in RELIANCE would be 199.63% of portfolio
2025-07-19 17:15:39,730 - risk_management.risk_engine - WARNING - Risk violation: max_single_position - Position in RELIANCE would be 201.40% of portfolio
2025-07-19 17:15:39,730 - risk_management.risk_engine - WARNING - Risk violation: max_single_position - Position in RELIANCE would be 203.17% of portfolio
2025-07-19 17:15:39,730 - risk_management.risk_engine - WARNING - Risk violation: max_single_position - Position in RELIANCE would be 204.93% of portfolio
2025-07-19 17:15:39,730 - risk_management.risk_engine - WARNING - Risk violation: max_single_position - Position in RELIANCE would be 206.70% of portfolio
2025-07-19 17:15:39,730 - risk_management.risk_engine - WARNING - Risk violation: max_single_position - Position in RELIANCE would be 208.47% of portfolio
2025-07-19 17:15:39,730 - risk_management.risk_engine - WARNING - Risk violation: max_single_position - Position in RELIANCE would be 210.23% of portfolio
2025-07-19 17:15:39,730 - risk_management.risk_engine - WARNING - Risk violation: insufficient_cash - Insufficient cash: need 51357.00, have 50000.00
2025-07-19 17:15:39,730 - risk_management.risk_engine - WARNING - Risk violation: max_single_position - Position in RELIANCE would be 212.00% of portfolio
2025-07-19 17:15:39,730 - risk_management.risk_engine - WARNING - Risk violation: insufficient_cash - Insufficient cash: need 54060.00, have 50000.00
2025-07-19 17:15:39,730 - risk_management.risk_engine - WARNING - Risk violation: max_single_position - Position in RELIANCE would be 213.77% of portfolio
2025-07-19 17:15:39,730 - risk_management.risk_engine - WARNING - Risk violation: insufficient_cash - Insufficient cash: need 56763.00, have 50000.00
2025-07-19 17:15:39,731 - risk_management.risk_engine - WARNING - Risk violation: max_single_position - Position in RELIANCE would be 215.53% of portfolio
2025-07-19 17:15:39,731 - risk_management.risk_engine - WARNING - Risk violation: insufficient_cash - Insufficient cash: need 59466.00, have 50000.00
2025-07-19 17:15:39,731 - risk_management.risk_engine - WARNING - Risk violation: max_single_position - Position in RELIANCE would be 217.30% of portfolio
2025-07-19 17:15:39,731 - risk_management.risk_engine - WARNING - Risk violation: insufficient_cash - Insufficient cash: need 62169.00, have 50000.00
2025-07-19 17:15:39,731 - risk_management.risk_engine - WARNING - Risk violation: max_single_position - Position in RELIANCE would be 219.07% of portfolio
2025-07-19 17:15:39,731 - risk_management.risk_engine - WARNING - Risk violation: insufficient_cash - Insufficient cash: need 64872.00, have 50000.00
2025-07-19 17:15:39,731 - risk_management.risk_engine - WARNING - Risk violation: max_single_position - Position in RELIANCE would be 220.83% of portfolio
2025-07-19 17:15:39,731 - risk_management.risk_engine - WARNING - Risk violation: insufficient_cash - Insufficient cash: need 67575.00, have 50000.00
2025-07-19 17:15:39,731 - risk_management.risk_engine - WARNING - Risk violation: max_single_position - Position in RELIANCE would be 222.60% of portfolio
2025-07-19 17:15:39,731 - risk_management.risk_engine - WARNING - Risk violation: insufficient_cash - Insufficient cash: need 70278.00, have 50000.00
2025-07-19 17:15:39,731 - risk_management.risk_engine - WARNING - Risk violation: max_single_position - Position in RELIANCE would be 224.37% of portfolio
2025-07-19 17:15:39,731 - risk_management.risk_engine - WARNING - Risk violation: insufficient_cash - Insufficient cash: need 72981.00, have 50000.00
2025-07-19 17:15:39,731 - risk_management.risk_engine - WARNING - Risk violation: max_single_position - Position in RELIANCE would be 226.13% of portfolio
2025-07-19 17:15:39,731 - risk_management.risk_engine - WARNING - Risk violation: insufficient_cash - Insufficient cash: need 75684.00, have 50000.00
2025-07-19 17:15:39,731 - risk_management.risk_engine - WARNING - Risk violation: max_single_position - Position in RELIANCE would be 227.90% of portfolio
2025-07-19 17:15:39,731 - risk_management.risk_engine - WARNING - Risk violation: insufficient_cash - Insufficient cash: need 78387.00, have 50000.00
2025-07-19 17:15:39,731 - risk_management.risk_engine - WARNING - Risk violation: max_single_position - Position in RELIANCE would be 229.67% of portfolio
2025-07-19 17:15:39,731 - risk_management.risk_engine - WARNING - Risk violation: insufficient_cash - Insufficient cash: need 81090.00, have 50000.00
2025-07-19 17:15:39,731 - risk_management.risk_engine - WARNING - Risk violation: max_single_position - Position in RELIANCE would be 231.43% of portfolio
2025-07-19 17:15:39,731 - risk_management.risk_engine - WARNING - Risk violation: insufficient_cash - Insufficient cash: need 83793.00, have 50000.00
2025-07-19 17:15:39,731 - risk_management.risk_engine - WARNING - Risk violation: max_single_position - Position in RELIANCE would be 233.20% of portfolio
2025-07-19 17:15:39,731 - risk_management.risk_engine - WARNING - Risk violation: insufficient_cash - Insufficient cash: need 86496.00, have 50000.00
2025-07-19 17:15:39,731 - risk_management.risk_engine - WARNING - Risk violation: max_single_position - Position in RELIANCE would be 234.97% of portfolio
2025-07-19 17:15:39,731 - risk_management.risk_engine - WARNING - Risk violation: insufficient_cash - Insufficient cash: need 89199.00, have 50000.00
2025-07-19 17:15:39,731 - risk_management.risk_engine - WARNING - Risk violation: max_single_position - Position in RELIANCE would be 236.73% of portfolio
2025-07-19 17:15:39,731 - risk_management.risk_engine - WARNING - Risk violation: insufficient_cash - Insufficient cash: need 91902.00, have 50000.00
2025-07-19 17:15:39,731 - risk_management.risk_engine - WARNING - Risk violation: max_single_position - Position in RELIANCE would be 238.50% of portfolio
2025-07-19 17:15:39,731 - risk_management.risk_engine - WARNING - Risk violation: insufficient_cash - Insufficient cash: need 94605.00, have 50000.00
2025-07-19 17:15:39,731 - risk_management.risk_engine - WARNING - Risk violation: max_single_position - Position in RELIANCE would be 240.27% of portfolio
2025-07-19 17:15:39,731 - risk_management.risk_engine - WARNING - Risk violation: insufficient_cash - Insufficient cash: need 97308.00, have 50000.00
2025-07-19 17:15:39,731 - risk_management.risk_engine - WARNING - Risk violation: max_single_position - Position in RELIANCE would be 242.03% of portfolio
2025-07-19 17:15:39,731 - risk_management.risk_engine - WARNING - Risk violation: insufficient_cash - Insufficient cash: need 100011.00, have 50000.00
2025-07-19 17:15:39,731 - risk_management.risk_engine - WARNING - Risk violation: max_single_position - Position in RELIANCE would be 243.80% of portfolio
2025-07-19 17:15:39,731 - risk_management.risk_engine - WARNING - Risk violation: insufficient_cash - Insufficient cash: need 102714.00, have 50000.00
2025-07-19 17:15:39,731 - risk_management.risk_engine - WARNING - Risk violation: max_single_position - Position in RELIANCE would be 245.57% of portfolio
2025-07-19 17:15:39,731 - risk_management.risk_engine - WARNING - Risk violation: insufficient_cash - Insufficient cash: need 105417.00, have 50000.00
2025-07-19 17:15:39,731 - risk_management.risk_engine - WARNING - Risk violation: max_single_position - Position in RELIANCE would be 247.33% of portfolio
2025-07-19 17:15:39,731 - risk_management.risk_engine - WARNING - Risk violation: insufficient_cash - Insufficient cash: need 108120.00, have 50000.00
2025-07-19 17:15:39,731 - risk_management.risk_engine - WARNING - Risk violation: max_single_position - Position in RELIANCE would be 249.10% of portfolio
2025-07-19 17:15:39,731 - risk_management.risk_engine - WARNING - Risk violation: insufficient_cash - Insufficient cash: need 110823.00, have 50000.00
2025-07-19 17:15:39,731 - risk_management.risk_engine - WARNING - Risk violation: max_single_position - Position in RELIANCE would be 250.87% of portfolio
2025-07-19 17:15:39,731 - risk_management.risk_engine - WARNING - Risk violation: insufficient_cash - Insufficient cash: need 113526.00, have 50000.00
2025-07-19 17:15:39,731 - risk_management.risk_engine - WARNING - Risk violation: max_single_position - Position in RELIANCE would be 252.63% of portfolio
2025-07-19 17:15:39,731 - risk_management.risk_engine - WARNING - Risk violation: insufficient_cash - Insufficient cash: need 116229.00, have 50000.00
2025-07-19 17:15:39,731 - risk_management.risk_engine - WARNING - Risk violation: max_single_position - Position in RELIANCE would be 254.40% of portfolio
2025-07-19 17:15:39,731 - risk_management.risk_engine - WARNING - Risk violation: insufficient_cash - Insufficient cash: need 118932.00, have 50000.00
2025-07-19 17:15:39,731 - risk_management.risk_engine - WARNING - Risk violation: max_single_position - Position in RELIANCE would be 256.17% of portfolio
2025-07-19 17:15:39,731 - risk_management.risk_engine - WARNING - Risk violation: insufficient_cash - Insufficient cash: need 121635.00, have 50000.00
2025-07-19 17:15:39,731 - risk_management.risk_engine - WARNING - Risk violation: max_single_position - Position in RELIANCE would be 257.93% of portfolio
2025-07-19 17:15:39,731 - risk_management.risk_engine - WARNING - Risk violation: insufficient_cash - Insufficient cash: need 124338.00, have 50000.00
2025-07-19 17:15:39,731 - risk_management.risk_engine - WARNING - Risk violation: max_single_position - Position in RELIANCE would be 259.70% of portfolio
2025-07-19 17:15:39,731 - risk_management.risk_engine - WARNING - Risk violation: insufficient_cash - Insufficient cash: need 127041.00, have 50000.00
2025-07-19 17:15:39,731 - risk_management.risk_engine - WARNING - Risk violation: max_single_position - Position in RELIANCE would be 261.47% of portfolio
2025-07-19 17:15:39,731 - risk_management.risk_engine - WARNING - Risk violation: insufficient_cash - Insufficient cash: need 129744.00, have 50000.00
2025-07-19 17:15:39,732 - risk_management.risk_engine - WARNING - Risk violation: max_single_position - Position in RELIANCE would be 263.23% of portfolio
2025-07-19 17:15:39,732 - risk_management.risk_engine - WARNING - Risk violation: insufficient_cash - Insufficient cash: need 132447.00, have 50000.00
2025-07-19 17:15:39,732 - risk_management.risk_engine - WARNING - Risk violation: max_single_position - Position in RELIANCE would be 265.00% of portfolio
2025-07-19 17:15:39,732 - risk_management.risk_engine - WARNING - Risk violation: insufficient_cash - Insufficient cash: need 135150.00, have 50000.00
2025-07-19 17:15:39,732 - risk_management.risk_engine - WARNING - Risk violation: max_single_position - Position in RELIANCE would be 266.77% of portfolio
2025-07-19 17:15:39,732 - risk_management.risk_engine - WARNING - Risk violation: insufficient_cash - Insufficient cash: need 137853.00, have 50000.00
2025-07-19 17:15:39,732 - risk_management.risk_engine - WARNING - Risk violation: max_single_position - Position in RELIANCE would be 268.53% of portfolio
2025-07-19 17:15:39,732 - risk_management.risk_engine - WARNING - Risk violation: insufficient_cash - Insufficient cash: need 140556.00, have 50000.00
2025-07-19 17:15:39,732 - risk_management.risk_engine - WARNING - Risk violation: max_single_position - Position in RELIANCE would be 270.30% of portfolio
2025-07-19 17:15:39,732 - risk_management.risk_engine - WARNING - Risk violation: insufficient_cash - Insufficient cash: need 143259.00, have 50000.00
2025-07-19 17:15:39,732 - risk_management.risk_engine - WARNING - Risk violation: max_single_position - Position in RELIANCE would be 272.07% of portfolio
2025-07-19 17:15:39,732 - risk_management.risk_engine - WARNING - Risk violation: insufficient_cash - Insufficient cash: need 145962.00, have 50000.00
2025-07-19 17:15:39,732 - risk_management.risk_engine - WARNING - Risk violation: max_single_position - Position in RELIANCE would be 273.83% of portfolio
2025-07-19 17:15:39,732 - risk_management.risk_engine - WARNING - Risk violation: insufficient_cash - Insufficient cash: need 148665.00, have 50000.00
2025-07-19 17:15:39,732 - risk_management.risk_engine - WARNING - Risk violation: max_single_position - Position in RELIANCE would be 275.60% of portfolio
2025-07-19 17:15:39,732 - risk_management.risk_engine - WARNING - Risk violation: insufficient_cash - Insufficient cash: need 151368.00, have 50000.00
2025-07-19 17:15:39,732 - risk_management.risk_engine - WARNING - Risk violation: max_single_position - Position in RELIANCE would be 277.37% of portfolio
2025-07-19 17:15:39,732 - risk_management.risk_engine - WARNING - Risk violation: insufficient_cash - Insufficient cash: need 154071.00, have 50000.00
2025-07-19 17:15:39,732 - risk_management.risk_engine - WARNING - Risk violation: max_single_position - Position in RELIANCE would be 279.13% of portfolio
2025-07-19 17:15:39,732 - risk_management.risk_engine - WARNING - Risk violation: insufficient_cash - Insufficient cash: need 156774.00, have 50000.00
2025-07-19 17:15:39,732 - risk_management.risk_engine - WARNING - Risk violation: max_single_position - Position in RELIANCE would be 280.90% of portfolio
2025-07-19 17:15:39,732 - risk_management.risk_engine - WARNING - Risk violation: insufficient_cash - Insufficient cash: need 159477.00, have 50000.00
2025-07-19 17:15:39,732 - risk_management.risk_engine - WARNING - Risk violation: max_single_position - Position in RELIANCE would be 282.67% of portfolio
2025-07-19 17:15:39,732 - risk_management.risk_engine - WARNING - Risk violation: insufficient_cash - Insufficient cash: need 162180.00, have 50000.00
2025-07-19 17:15:39,732 - risk_management.risk_engine - WARNING - Risk violation: max_single_position - Position in RELIANCE would be 284.43% of portfolio
2025-07-19 17:15:39,732 - risk_management.risk_engine - WARNING - Risk violation: insufficient_cash - Insufficient cash: need 164883.00, have 50000.00
2025-07-19 17:15:39,732 - risk_management.risk_engine - WARNING - Risk violation: max_single_position - Position in RELIANCE would be 286.20% of portfolio
2025-07-19 17:15:39,732 - risk_management.risk_engine - WARNING - Risk violation: insufficient_cash - Insufficient cash: need 167586.00, have 50000.00
2025-07-19 17:15:39,732 - risk_management.risk_engine - WARNING - Risk violation: max_single_position - Position in RELIANCE would be 287.97% of portfolio
2025-07-19 17:15:39,732 - risk_management.risk_engine - WARNING - Risk violation: insufficient_cash - Insufficient cash: need 170289.00, have 50000.00
2025-07-19 17:15:39,732 - risk_management.risk_engine - WARNING - Risk violation: max_single_position - Position in RELIANCE would be 289.73% of portfolio
2025-07-19 17:15:39,732 - risk_management.risk_engine - WARNING - Risk violation: insufficient_cash - Insufficient cash: need 172992.00, have 50000.00
2025-07-19 17:15:39,732 - risk_management.risk_engine - WARNING - Risk violation: max_single_position - Position in RELIANCE would be 291.50% of portfolio
2025-07-19 17:15:39,732 - risk_management.risk_engine - WARNING - Risk violation: insufficient_cash - Insufficient cash: need 175695.00, have 50000.00
2025-07-19 17:15:39,732 - risk_management.risk_engine - WARNING - Risk violation: max_single_position - Position in RELIANCE would be 293.27% of portfolio
2025-07-19 17:15:39,732 - risk_management.risk_engine - WARNING - Risk violation: insufficient_cash - Insufficient cash: need 178398.00, have 50000.00
2025-07-19 17:15:39,732 - risk_management.risk_engine - WARNING - Risk violation: max_single_position - Position in RELIANCE would be 295.03% of portfolio
2025-07-19 17:15:39,732 - risk_management.risk_engine - WARNING - Risk violation: insufficient_cash - Insufficient cash: need 181101.00, have 50000.00
2025-07-19 17:15:39,732 - risk_management.risk_engine - WARNING - Risk violation: max_single_position - Position in RELIANCE would be 296.80% of portfolio
2025-07-19 17:15:39,732 - risk_management.risk_engine - WARNING - Risk violation: insufficient_cash - Insufficient cash: need 183804.00, have 50000.00
2025-07-19 17:15:39,732 - risk_management.risk_engine - WARNING - Risk violation: max_single_position - Position in RELIANCE would be 298.57% of portfolio
2025-07-19 17:15:39,732 - risk_management.risk_engine - WARNING - Risk violation: insufficient_cash - Insufficient cash: need 186507.00, have 50000.00
2025-07-19 17:15:39,732 - risk_management.risk_engine - WARNING - Risk violation: max_single_position - Position in RELIANCE would be 300.33% of portfolio
2025-07-19 17:15:39,732 - risk_management.risk_engine - WARNING - Risk violation: insufficient_cash - Insufficient cash: need 189210.00, have 50000.00
2025-07-19 17:15:39,732 - risk_management.risk_engine - WARNING - Risk violation: max_single_position - Position in RELIANCE would be 302.10% of portfolio
2025-07-19 17:15:39,732 - risk_management.risk_engine - WARNING - Risk violation: insufficient_cash - Insufficient cash: need 191913.00, have 50000.00
2025-07-19 17:15:39,732 - risk_management.risk_engine - WARNING - Risk violation: max_single_position - Position in RELIANCE would be 303.87% of portfolio
2025-07-19 17:15:39,732 - risk_management.risk_engine - WARNING - Risk violation: insufficient_cash - Insufficient cash: need 194616.00, have 50000.00
2025-07-19 17:15:39,732 - risk_management.risk_engine - WARNING - Risk violation: max_single_position - Position in RELIANCE would be 305.63% of portfolio
2025-07-19 17:15:39,732 - risk_management.risk_engine - WARNING - Risk violation: insufficient_cash - Insufficient cash: need 197319.00, have 50000.00
2025-07-19 17:15:39,732 - risk_management.risk_engine - WARNING - Risk violation: max_single_position - Position in RELIANCE would be 307.40% of portfolio
2025-07-19 17:15:39,732 - risk_management.risk_engine - WARNING - Risk violation: insufficient_cash - Insufficient cash: need 200022.00, have 50000.00
2025-07-19 17:15:39,732 - risk_management.risk_engine - WARNING - Risk violation: max_single_position - Position in RELIANCE would be 309.17% of portfolio
2025-07-19 17:15:39,733 - risk_management.risk_engine - WARNING - Risk violation: insufficient_cash - Insufficient cash: need 202725.00, have 50000.00
2025-07-19 17:15:39,733 - risk_management.risk_engine - WARNING - Risk violation: max_single_position - Position in RELIANCE would be 310.93% of portfolio
2025-07-19 17:15:39,733 - risk_management.risk_engine - WARNING - Risk violation: insufficient_cash - Insufficient cash: need 205428.00, have 50000.00
2025-07-19 17:15:39,733 - risk_management.risk_engine - WARNING - Risk violation: max_single_position - Position in RELIANCE would be 312.70% of portfolio
2025-07-19 17:15:39,733 - risk_management.risk_engine - WARNING - Risk violation: insufficient_cash - Insufficient cash: need 208131.00, have 50000.00
2025-07-19 17:15:39,733 - risk_management.risk_engine - WARNING - Risk violation: max_single_position - Position in RELIANCE would be 314.47% of portfolio
2025-07-19 17:15:39,733 - risk_management.risk_engine - WARNING - Risk violation: insufficient_cash - Insufficient cash: need 210834.00, have 50000.00
2025-07-19 17:15:39,733 - risk_management.risk_engine - WARNING - Risk violation: max_single_position - Position in RELIANCE would be 316.23% of portfolio
2025-07-19 17:15:39,733 - risk_management.risk_engine - WARNING - Risk violation: insufficient_cash - Insufficient cash: need 213537.00, have 50000.00
2025-07-19 17:15:39,733 - risk_management.risk_engine - WARNING - Risk violation: max_single_position - Position in RELIANCE would be 318.00% of portfolio
2025-07-19 17:15:39,733 - risk_management.risk_engine - WARNING - Risk violation: insufficient_cash - Insufficient cash: need 216240.00, have 50000.00
2025-07-19 17:15:39,733 - risk_management.risk_engine - WARNING - Risk violation: max_single_position - Position in RELIANCE would be 319.77% of portfolio
2025-07-19 17:15:39,733 - risk_management.risk_engine - WARNING - Risk violation: insufficient_cash - Insufficient cash: need 218943.00, have 50000.00
2025-07-19 17:15:39,733 - risk_management.risk_engine - WARNING - Risk violation: max_single_position - Position in RELIANCE would be 321.53% of portfolio
2025-07-19 17:15:39,733 - risk_management.risk_engine - WARNING - Risk violation: insufficient_cash - Insufficient cash: need 221646.00, have 50000.00
2025-07-19 17:15:39,733 - risk_management.risk_engine - WARNING - Risk violation: max_single_position - Position in RELIANCE would be 323.30% of portfolio
2025-07-19 17:15:39,733 - risk_management.risk_engine - WARNING - Risk violation: insufficient_cash - Insufficient cash: need 224349.00, have 50000.00
2025-07-19 17:15:39,733 - risk_management.risk_engine - WARNING - Risk violation: max_single_position - Position in RELIANCE would be 325.07% of portfolio
2025-07-19 17:15:39,733 - risk_management.risk_engine - WARNING - Risk violation: insufficient_cash - Insufficient cash: need 227052.00, have 50000.00
2025-07-19 17:15:39,733 - risk_management.risk_engine - WARNING - Risk violation: max_single_position - Position in RELIANCE would be 326.83% of portfolio
2025-07-19 17:15:39,733 - risk_management.risk_engine - WARNING - Risk violation: insufficient_cash - Insufficient cash: need 229755.00, have 50000.00
2025-07-19 17:15:39,733 - risk_management.risk_engine - WARNING - Risk violation: max_single_position - Position in RELIANCE would be 328.60% of portfolio
2025-07-19 17:15:39,733 - risk_management.risk_engine - WARNING - Risk violation: insufficient_cash - Insufficient cash: need 232458.00, have 50000.00
2025-07-19 17:15:39,733 - risk_management.risk_engine - WARNING - Risk violation: max_single_position - Position in RELIANCE would be 330.37% of portfolio
2025-07-19 17:15:39,733 - risk_management.risk_engine - WARNING - Risk violation: insufficient_cash - Insufficient cash: need 235161.00, have 50000.00
2025-07-19 17:15:39,733 - risk_management.risk_engine - WARNING - Risk violation: max_single_position - Position in RELIANCE would be 332.13% of portfolio
2025-07-19 17:15:39,733 - risk_management.risk_engine - WARNING - Risk violation: insufficient_cash - Insufficient cash: need 237864.00, have 50000.00
2025-07-19 17:15:39,733 - risk_management.risk_engine - WARNING - Risk violation: max_single_position - Position in RELIANCE would be 333.90% of portfolio
2025-07-19 17:15:39,733 - risk_management.risk_engine - WARNING - Risk violation: insufficient_cash - Insufficient cash: need 240567.00, have 50000.00
2025-07-19 17:15:39,733 - risk_management.risk_engine - WARNING - Risk violation: max_single_position - Position in RELIANCE would be 335.67% of portfolio
2025-07-19 17:15:39,733 - risk_management.risk_engine - WARNING - Risk violation: insufficient_cash - Insufficient cash: need 243270.00, have 50000.00
2025-07-19 17:15:39,733 - risk_management.risk_engine - WARNING - Risk violation: max_single_position - Position in RELIANCE would be 337.43% of portfolio
2025-07-19 17:15:39,733 - risk_management.risk_engine - WARNING - Risk violation: insufficient_cash - Insufficient cash: need 245973.00, have 50000.00
2025-07-19 17:15:39,733 - risk_management.risk_engine - WARNING - Risk violation: max_single_position - Position in RELIANCE would be 339.20% of portfolio
2025-07-19 17:15:39,733 - risk_management.risk_engine - WARNING - Risk violation: insufficient_cash - Insufficient cash: need 248676.00, have 50000.00
2025-07-19 17:15:39,733 - risk_management.risk_engine - WARNING - Risk violation: max_single_position - Position in RELIANCE would be 340.97% of portfolio
2025-07-19 17:15:39,733 - risk_management.risk_engine - WARNING - Risk violation: insufficient_cash - Insufficient cash: need 251379.00, have 50000.00
2025-07-19 17:15:39,733 - risk_management.risk_engine - WARNING - Risk violation: max_single_position - Position in RELIANCE would be 342.73% of portfolio
2025-07-19 17:15:39,733 - risk_management.risk_engine - WARNING - Risk violation: insufficient_cash - Insufficient cash: need 254082.00, have 50000.00
2025-07-19 17:15:39,733 - risk_management.risk_engine - WARNING - Risk violation: max_single_position - Position in RELIANCE would be 344.50% of portfolio
2025-07-19 17:15:39,733 - risk_management.risk_engine - WARNING - Risk violation: insufficient_cash - Insufficient cash: need 256785.00, have 50000.00
2025-07-19 17:15:39,733 - risk_management.risk_engine - WARNING - Risk violation: max_single_position - Position in RELIANCE would be 346.27% of portfolio
2025-07-19 17:15:39,733 - risk_management.risk_engine - WARNING - Risk violation: insufficient_cash - Insufficient cash: need 259488.00, have 50000.00
2025-07-19 17:15:39,733 - risk_management.risk_engine - WARNING - Risk violation: max_single_position - Position in RELIANCE would be 348.03% of portfolio
2025-07-19 17:15:39,733 - risk_management.risk_engine - WARNING - Risk violation: insufficient_cash - Insufficient cash: need 262191.00, have 50000.00
2025-07-19 17:15:39,733 - risk_management.risk_engine - WARNING - Risk violation: max_single_position - Position in RELIANCE would be 349.80% of portfolio
2025-07-19 17:15:39,733 - risk_management.risk_engine - WARNING - Risk violation: insufficient_cash - Insufficient cash: need 264894.00, have 50000.00
2025-07-19 17:15:39,733 - risk_management.risk_engine - WARNING - Risk violation: max_single_position - Position in RELIANCE would be 351.57% of portfolio
2025-07-19 17:15:39,734 - risk_management.risk_engine - WARNING - Risk violation: insufficient_cash - Insufficient cash: need 267597.00, have 50000.00
2025-07-19 17:15:39,734 - risk_management.risk_engine - WARNING - Risk violation: max_single_position - Position in RELIANCE would be 353.33% of portfolio
2025-07-19 17:15:39,734 - risk_management.risk_engine - WARNING - Risk violation: insufficient_cash - Insufficient cash: need 270300.00, have 50000.00
2025-07-19 17:15:39,734 - risk_management.risk_engine - WARNING - Risk violation: max_single_position - Position in RELIANCE would be 355.10% of portfolio
2025-07-19 17:15:39,734 - risk_management.risk_engine - WARNING - Risk violation: insufficient_cash - Insufficient cash: need 273003.00, have 50000.00
2025-07-19 17:15:39,734 - risk_management.risk_engine - WARNING - Risk violation: max_single_position - Position in RELIANCE would be 356.87% of portfolio
2025-07-19 17:15:39,734 - risk_management.risk_engine - WARNING - Risk violation: insufficient_cash - Insufficient cash: need 275706.00, have 50000.00
2025-07-19 17:15:39,734 - risk_management.risk_engine - WARNING - Risk violation: max_single_position - Position in RELIANCE would be 358.63% of portfolio
2025-07-19 17:15:39,734 - risk_management.risk_engine - WARNING - Risk violation: insufficient_cash - Insufficient cash: need 278409.00, have 50000.00
2025-07-19 17:15:39,734 - risk_management.risk_engine - WARNING - Risk violation: max_single_position - Position in RELIANCE would be 360.40% of portfolio
2025-07-19 17:15:39,734 - risk_management.risk_engine - WARNING - Risk violation: insufficient_cash - Insufficient cash: need 281112.00, have 50000.00
2025-07-19 17:15:39,734 - risk_management.risk_engine - WARNING - Risk violation: max_single_position - Position in RELIANCE would be 362.17% of portfolio
2025-07-19 17:15:39,734 - risk_management.risk_engine - WARNING - Risk violation: insufficient_cash - Insufficient cash: need 283815.00, have 50000.00
2025-07-19 17:15:39,734 - risk_management.risk_engine - WARNING - Risk violation: max_single_position - Position in RELIANCE would be 363.93% of portfolio
2025-07-19 17:15:39,734 - risk_management.risk_engine - WARNING - Risk violation: insufficient_cash - Insufficient cash: need 286518.00, have 50000.00
2025-07-19 17:15:39,734 - risk_management.risk_engine - WARNING - Risk violation: max_single_position - Position in RELIANCE would be 365.70% of portfolio
2025-07-19 17:15:39,734 - risk_management.risk_engine - WARNING - Risk violation: insufficient_cash - Insufficient cash: need 289221.00, have 50000.00
2025-07-19 17:15:39,734 - risk_management.risk_engine - WARNING - Risk violation: max_single_position - Position in RELIANCE would be 367.47% of portfolio
2025-07-19 17:15:39,734 - risk_management.risk_engine - WARNING - Risk violation: insufficient_cash - Insufficient cash: need 291924.00, have 50000.00
2025-07-19 17:15:39,734 - risk_management.risk_engine - WARNING - Risk violation: max_single_position - Position in RELIANCE would be 369.23% of portfolio
2025-07-19 17:15:39,734 - risk_management.risk_engine - WARNING - Risk violation: insufficient_cash - Insufficient cash: need 294627.00, have 50000.00
2025-07-19 17:15:39,734 - data.storage - INFO - Database initialized successfully
2025-07-19 17:15:39,734 - brokers.zerodha_broker - INFO - Zerodha broker initialized in demo mode
2025-07-19 17:15:39,734 - brokers.zerodha_broker - INFO - Connecting to Zerodha API...
2025-07-19 17:15:39,734 - brokers.zerodha_broker - INFO - Running in DEMO mode - using mock broker
2025-07-19 17:15:39,740 - monitoring.dashboard - INFO - Trading dashboard initialized
2025-07-19 17:15:39,740 - controls.manual_override - INFO - Manual override system initialized for SECURITY_TEST
2025-07-19 17:15:39,740 - controls.manual_override - WARNING - User unauthorized_user not authorized for manual override
2025-07-19 17:15:39,740 - controls.manual_override - INFO - User Admin (authorized_user) granted system_control access
2025-07-19 17:15:39,743 - Phase3Verification - ERROR - Security test error: Traceback (most recent call last):
  File "/Users/priyanshpatidar/Documents/github/sip-algo-trading/phase3_verification.py", line 530, in test_security
    session_id = manual_override.start_override_session(
  File "/Users/priyanshpatidar/Documents/github/sip-algo-trading/controls/manual_override.py", line 156, in start_override_session
    override_level=min(user_level, requested_level),
TypeError: '<' not supported between instances of 'OverrideLevel' and 'OverrideLevel'

2025-07-19 17:16:33,990 - controls.manual_override - INFO - Manual override system initialized for SECURITY_TEST
2025-07-19 17:16:33,991 - controls.manual_override - WARNING - User unauthorized_user not authorized for manual override
2025-07-19 17:16:33,991 - controls.manual_override - INFO - User Admin (authorized_user) granted system_control access
2025-07-19 17:16:33,991 - Phase3Verification - ERROR - Security test error: Traceback (most recent call last):
  File "/Users/priyanshpatidar/Documents/github/sip-algo-trading/phase3_verification.py", line 530, in test_security
    session_id = manual_override.start_override_session(
  File "/Users/priyanshpatidar/Documents/github/sip-algo-trading/controls/manual_override.py", line 156, in start_override_session
    override_level=min(user_level, requested_level),
TypeError: '<' not supported between instances of 'OverrideLevel' and 'OverrideLevel'

2025-07-19 17:16:38,726 - controls.manual_override - INFO - Manual override system initialized for SECURITY_TEST
2025-07-19 17:16:38,727 - controls.manual_override - WARNING - User unauthorized_user not authorized for manual override
2025-07-19 17:16:38,727 - controls.manual_override - INFO - User Admin (authorized_user) granted system_control access
2025-07-19 17:16:38,727 - Phase3Verification - ERROR - Security test error: Traceback (most recent call last):
  File "/Users/priyanshpatidar/Documents/github/sip-algo-trading/phase3_verification.py", line 530, in test_security
    session_id = manual_override.start_override_session(
  File "/Users/priyanshpatidar/Documents/github/sip-algo-trading/controls/manual_override.py", line 156, in start_override_session
    override_level=min(user_level, requested_level),
TypeError: '<' not supported between instances of 'OverrideLevel' and 'OverrideLevel'

2025-07-19 17:16:53,768 - controls.circuit_breaker - INFO - Circuit breaker 'test_breaker' initialized with 2 triggers
2025-07-19 17:16:53,768 - controls.circuit_breaker - CRITICAL - CIRCUIT BREAKER TRIGGERED: test_breaker
2025-07-19 17:16:53,768 - controls.circuit_breaker - CRITICAL - Trigger: portfolio_loss
2025-07-19 17:16:53,769 - controls.circuit_breaker - CRITICAL - Current Value: -0.12
2025-07-19 17:16:53,769 - controls.circuit_breaker - CRITICAL - Threshold: 0.1
2025-07-19 17:16:53,769 - controls.circuit_breaker - CRITICAL - Breach Ratio: 1.20
2025-07-19 17:16:53,769 - controls.circuit_breaker - INFO - Circuit breaker 'test_breaker' entering cooldown until 2025-07-19 17:46:53.768821
2025-07-19 17:16:53,769 - Phase3Verification - ERROR - Emergency controls test error: Traceback (most recent call last):
  File "/Users/priyanshpatidar/Documents/github/sip-algo-trading/phase3_verification.py", line 311, in test_emergency_controls
    assert status['state'] == 'triggered'
AssertionError

2025-07-19 17:18:08,613 - controls.circuit_breaker - INFO - Circuit breaker 'test_breaker' initialized with 2 triggers
2025-07-19 17:18:08,614 - controls.circuit_breaker - CRITICAL - CIRCUIT BREAKER TRIGGERED: test_breaker
2025-07-19 17:18:08,614 - controls.circuit_breaker - CRITICAL - Trigger: portfolio_loss
2025-07-19 17:18:08,615 - controls.circuit_breaker - CRITICAL - Current Value: -0.12
2025-07-19 17:18:08,615 - controls.circuit_breaker - CRITICAL - Threshold: 0.1
2025-07-19 17:18:08,615 - controls.circuit_breaker - CRITICAL - Breach Ratio: 1.20
2025-07-19 17:18:08,615 - controls.circuit_breaker - INFO - Circuit breaker 'test_breaker' entering cooldown until 2025-07-19 17:48:08.614318
2025-07-19 17:18:08,617 - Phase3Verification - ERROR - Emergency controls test error: Traceback (most recent call last):
  File "/Users/priyanshpatidar/Documents/github/sip-algo-trading/phase3_verification.py", line 311, in test_emergency_controls
    print("     ✓ Circuit breaker status retrieved successfully", status)
AssertionError

2025-07-19 17:18:48,043 - risk_management.risk_engine - INFO - Risk Engine initialized
2025-07-19 17:18:48,044 - risk_management.risk_engine - WARNING - Risk violation: max_single_position - Position in RELIANCE would be 353.33% of portfolio
2025-07-19 17:18:48,044 - risk_management.risk_engine - WARNING - Risk violation: insufficient_cash - Insufficient cash: need 270300.00, have 50000.00
2025-07-19 17:18:48,044 - risk_management.risk_engine - WARNING - Risk violation: max_single_position - Position in RELIANCE would be 17843.33% of portfolio
2025-07-19 17:18:48,044 - risk_management.risk_engine - WARNING - Risk violation: insufficient_cash - Insufficient cash: need 27030000.00, have 50000.00
2025-07-19 17:18:48,044 - risk_management.risk_engine - CRITICAL - EMERGENCY STOP ACTIVATED: Test emergency stop
2025-07-19 17:18:48,045 - risk_management.risk_engine - INFO - Emergency stop reset: Test reset
2025-07-19 17:18:48,046 - data.storage - INFO - Database initialized successfully
2025-07-19 17:18:48,046 - brokers.zerodha_broker - INFO - Zerodha broker initialized in demo mode
2025-07-19 17:18:48,046 - brokers.zerodha_broker - INFO - Connecting to Zerodha API...
2025-07-19 17:18:48,046 - brokers.zerodha_broker - INFO - Running in DEMO mode - using mock broker
2025-07-19 17:18:48,062 - monitoring.dashboard - INFO - Trading dashboard initialized
2025-07-19 17:18:48,067 - controls.circuit_breaker - INFO - Circuit breaker 'test_breaker' initialized with 2 triggers
2025-07-19 17:18:48,067 - controls.circuit_breaker - CRITICAL - CIRCUIT BREAKER TRIGGERED: test_breaker
2025-07-19 17:18:48,067 - controls.circuit_breaker - CRITICAL - Trigger: portfolio_loss
2025-07-19 17:18:48,067 - controls.circuit_breaker - CRITICAL - Current Value: -0.12
2025-07-19 17:18:48,067 - controls.circuit_breaker - CRITICAL - Threshold: 0.1
2025-07-19 17:18:48,067 - controls.circuit_breaker - CRITICAL - Breach Ratio: 1.20
2025-07-19 17:18:48,067 - controls.circuit_breaker - INFO - Circuit breaker 'test_breaker' entering cooldown until 2025-07-19 17:48:48.067215
2025-07-19 17:18:48,067 - Phase3Verification - ERROR - Emergency controls test error: Traceback (most recent call last):
  File "/Users/priyanshpatidar/Documents/github/sip-algo-trading/phase3_verification.py", line 311, in test_emergency_controls
    print("     ✓ Circuit breaker status retrieved successfully", status)
AssertionError

2025-07-19 17:18:48,067 - risk_management.risk_engine - INFO - Risk Engine initialized
2025-07-19 17:18:48,067 - controls.emergency_stop - INFO - Emergency stop system initialized for INTEGRATION_TEST
2025-07-19 17:18:48,067 - risk_management.risk_engine - WARNING - Risk violation: max_single_position - Position in RELIANCE would be 15900.00% of portfolio
2025-07-19 17:18:48,067 - risk_management.risk_engine - WARNING - Risk violation: max_portfolio_drawdown - Portfolio drawdown is 20.00%
2025-07-19 17:18:48,067 - risk_management.risk_engine - WARNING - Risk violation: daily_loss_limit - Daily loss is 15.00%
2025-07-19 17:18:48,067 - risk_management.risk_engine - WARNING - Risk violation: insufficient_cash - Insufficient cash: need 13515000.00, have 10000.00
2025-07-19 17:18:48,067 - controls.emergency_stop - CRITICAL - EMERGENCY STOP ACTIVATED - Level: hard_stop
2025-07-19 17:18:48,067 - controls.emergency_stop - CRITICAL - Reason: risk_breach - Critical risk violation detected
2025-07-19 17:18:48,067 - controls.emergency_stop - CRITICAL - Initiated by: RISK_ENGINE
2025-07-19 17:18:48,068 - controls.emergency_stop - CRITICAL - Stop ID: e19506f3-65e7-4817-b389-b7fc84631eb8
2025-07-19 17:18:48,068 - data.storage - INFO - Database initialized successfully
2025-07-19 17:18:48,068 - brokers.zerodha_broker - INFO - Zerodha broker initialized in demo mode
2025-07-19 17:18:48,068 - brokers.zerodha_broker - INFO - Connecting to Zerodha API...
2025-07-19 17:18:48,068 - brokers.zerodha_broker - INFO - Running in DEMO mode - using mock broker
2025-07-19 17:18:48,078 - monitoring.dashboard - INFO - Trading dashboard initialized
2025-07-19 17:18:48,078 - risk_management.risk_engine - INFO - Risk Engine initialized
2025-07-19 17:18:48,078 - risk_management.risk_engine - WARNING - Risk violation: max_single_position - Position in RELIANCE would be 194.33% of portfolio
2025-07-19 17:18:48,078 - risk_management.risk_engine - WARNING - Risk violation: max_single_position - Position in RELIANCE would be 196.10% of portfolio
2025-07-19 17:18:48,078 - risk_management.risk_engine - WARNING - Risk violation: max_single_position - Position in RELIANCE would be 197.87% of portfolio
2025-07-19 17:18:48,078 - risk_management.risk_engine - WARNING - Risk violation: max_single_position - Position in RELIANCE would be 199.63% of portfolio
2025-07-19 17:18:48,078 - risk_management.risk_engine - WARNING - Risk violation: max_single_position - Position in RELIANCE would be 201.40% of portfolio
2025-07-19 17:18:48,078 - risk_management.risk_engine - WARNING - Risk violation: max_single_position - Position in RELIANCE would be 203.17% of portfolio
2025-07-19 17:18:48,078 - risk_management.risk_engine - WARNING - Risk violation: max_single_position - Position in RELIANCE would be 204.93% of portfolio
2025-07-19 17:18:48,078 - risk_management.risk_engine - WARNING - Risk violation: max_single_position - Position in RELIANCE would be 206.70% of portfolio
2025-07-19 17:18:48,078 - risk_management.risk_engine - WARNING - Risk violation: max_single_position - Position in RELIANCE would be 208.47% of portfolio
2025-07-19 17:18:48,078 - risk_management.risk_engine - WARNING - Risk violation: max_single_position - Position in RELIANCE would be 210.23% of portfolio
2025-07-19 17:18:48,078 - risk_management.risk_engine - WARNING - Risk violation: insufficient_cash - Insufficient cash: need 51357.00, have 50000.00
2025-07-19 17:18:48,078 - risk_management.risk_engine - WARNING - Risk violation: max_single_position - Position in RELIANCE would be 212.00% of portfolio
2025-07-19 17:18:48,078 - risk_management.risk_engine - WARNING - Risk violation: insufficient_cash - Insufficient cash: need 54060.00, have 50000.00
2025-07-19 17:18:48,078 - risk_management.risk_engine - WARNING - Risk violation: max_single_position - Position in RELIANCE would be 213.77% of portfolio
2025-07-19 17:18:48,078 - risk_management.risk_engine - WARNING - Risk violation: insufficient_cash - Insufficient cash: need 56763.00, have 50000.00
2025-07-19 17:18:48,078 - risk_management.risk_engine - WARNING - Risk violation: max_single_position - Position in RELIANCE would be 215.53% of portfolio
2025-07-19 17:18:48,078 - risk_management.risk_engine - WARNING - Risk violation: insufficient_cash - Insufficient cash: need 59466.00, have 50000.00
2025-07-19 17:18:48,078 - risk_management.risk_engine - WARNING - Risk violation: max_single_position - Position in RELIANCE would be 217.30% of portfolio
2025-07-19 17:18:48,078 - risk_management.risk_engine - WARNING - Risk violation: insufficient_cash - Insufficient cash: need 62169.00, have 50000.00
2025-07-19 17:18:48,078 - risk_management.risk_engine - WARNING - Risk violation: max_single_position - Position in RELIANCE would be 219.07% of portfolio
2025-07-19 17:18:48,078 - risk_management.risk_engine - WARNING - Risk violation: insufficient_cash - Insufficient cash: need 64872.00, have 50000.00
2025-07-19 17:18:48,079 - risk_management.risk_engine - WARNING - Risk violation: max_single_position - Position in RELIANCE would be 220.83% of portfolio
2025-07-19 17:18:48,079 - risk_management.risk_engine - WARNING - Risk violation: insufficient_cash - Insufficient cash: need 67575.00, have 50000.00
2025-07-19 17:18:48,079 - risk_management.risk_engine - WARNING - Risk violation: max_single_position - Position in RELIANCE would be 222.60% of portfolio
2025-07-19 17:18:48,079 - risk_management.risk_engine - WARNING - Risk violation: insufficient_cash - Insufficient cash: need 70278.00, have 50000.00
2025-07-19 17:18:48,079 - risk_management.risk_engine - WARNING - Risk violation: max_single_position - Position in RELIANCE would be 224.37% of portfolio
2025-07-19 17:18:48,079 - risk_management.risk_engine - WARNING - Risk violation: insufficient_cash - Insufficient cash: need 72981.00, have 50000.00
2025-07-19 17:18:48,079 - risk_management.risk_engine - WARNING - Risk violation: max_single_position - Position in RELIANCE would be 226.13% of portfolio
2025-07-19 17:18:48,079 - risk_management.risk_engine - WARNING - Risk violation: insufficient_cash - Insufficient cash: need 75684.00, have 50000.00
2025-07-19 17:18:48,079 - risk_management.risk_engine - WARNING - Risk violation: max_single_position - Position in RELIANCE would be 227.90% of portfolio
2025-07-19 17:18:48,079 - risk_management.risk_engine - WARNING - Risk violation: insufficient_cash - Insufficient cash: need 78387.00, have 50000.00
2025-07-19 17:18:48,079 - risk_management.risk_engine - WARNING - Risk violation: max_single_position - Position in RELIANCE would be 229.67% of portfolio
2025-07-19 17:18:48,079 - risk_management.risk_engine - WARNING - Risk violation: insufficient_cash - Insufficient cash: need 81090.00, have 50000.00
2025-07-19 17:18:48,079 - risk_management.risk_engine - WARNING - Risk violation: max_single_position - Position in RELIANCE would be 231.43% of portfolio
2025-07-19 17:18:48,079 - risk_management.risk_engine - WARNING - Risk violation: insufficient_cash - Insufficient cash: need 83793.00, have 50000.00
2025-07-19 17:18:48,079 - risk_management.risk_engine - WARNING - Risk violation: max_single_position - Position in RELIANCE would be 233.20% of portfolio
2025-07-19 17:18:48,079 - risk_management.risk_engine - WARNING - Risk violation: insufficient_cash - Insufficient cash: need 86496.00, have 50000.00
2025-07-19 17:18:48,079 - risk_management.risk_engine - WARNING - Risk violation: max_single_position - Position in RELIANCE would be 234.97% of portfolio
2025-07-19 17:18:48,079 - risk_management.risk_engine - WARNING - Risk violation: insufficient_cash - Insufficient cash: need 89199.00, have 50000.00
2025-07-19 17:18:48,079 - risk_management.risk_engine - WARNING - Risk violation: max_single_position - Position in RELIANCE would be 236.73% of portfolio
2025-07-19 17:18:48,079 - risk_management.risk_engine - WARNING - Risk violation: insufficient_cash - Insufficient cash: need 91902.00, have 50000.00
2025-07-19 17:18:48,079 - risk_management.risk_engine - WARNING - Risk violation: max_single_position - Position in RELIANCE would be 238.50% of portfolio
2025-07-19 17:18:48,079 - risk_management.risk_engine - WARNING - Risk violation: insufficient_cash - Insufficient cash: need 94605.00, have 50000.00
2025-07-19 17:18:48,079 - risk_management.risk_engine - WARNING - Risk violation: max_single_position - Position in RELIANCE would be 240.27% of portfolio
2025-07-19 17:18:48,079 - risk_management.risk_engine - WARNING - Risk violation: insufficient_cash - Insufficient cash: need 97308.00, have 50000.00
2025-07-19 17:18:48,079 - risk_management.risk_engine - WARNING - Risk violation: max_single_position - Position in RELIANCE would be 242.03% of portfolio
2025-07-19 17:18:48,079 - risk_management.risk_engine - WARNING - Risk violation: insufficient_cash - Insufficient cash: need 100011.00, have 50000.00
2025-07-19 17:18:48,079 - risk_management.risk_engine - WARNING - Risk violation: max_single_position - Position in RELIANCE would be 243.80% of portfolio
2025-07-19 17:18:48,079 - risk_management.risk_engine - WARNING - Risk violation: insufficient_cash - Insufficient cash: need 102714.00, have 50000.00
2025-07-19 17:18:48,079 - risk_management.risk_engine - WARNING - Risk violation: max_single_position - Position in RELIANCE would be 245.57% of portfolio
2025-07-19 17:18:48,080 - risk_management.risk_engine - WARNING - Risk violation: insufficient_cash - Insufficient cash: need 105417.00, have 50000.00
2025-07-19 17:18:48,080 - risk_management.risk_engine - WARNING - Risk violation: max_single_position - Position in RELIANCE would be 247.33% of portfolio
2025-07-19 17:18:48,080 - risk_management.risk_engine - WARNING - Risk violation: insufficient_cash - Insufficient cash: need 108120.00, have 50000.00
2025-07-19 17:18:48,080 - risk_management.risk_engine - WARNING - Risk violation: max_single_position - Position in RELIANCE would be 249.10% of portfolio
2025-07-19 17:18:48,080 - risk_management.risk_engine - WARNING - Risk violation: insufficient_cash - Insufficient cash: need 110823.00, have 50000.00
2025-07-19 17:18:48,080 - risk_management.risk_engine - WARNING - Risk violation: max_single_position - Position in RELIANCE would be 250.87% of portfolio
2025-07-19 17:18:48,080 - risk_management.risk_engine - WARNING - Risk violation: insufficient_cash - Insufficient cash: need 113526.00, have 50000.00
2025-07-19 17:18:48,080 - risk_management.risk_engine - WARNING - Risk violation: max_single_position - Position in RELIANCE would be 252.63% of portfolio
2025-07-19 17:18:48,080 - risk_management.risk_engine - WARNING - Risk violation: insufficient_cash - Insufficient cash: need 116229.00, have 50000.00
2025-07-19 17:18:48,080 - risk_management.risk_engine - WARNING - Risk violation: max_single_position - Position in RELIANCE would be 254.40% of portfolio
2025-07-19 17:18:48,080 - risk_management.risk_engine - WARNING - Risk violation: insufficient_cash - Insufficient cash: need 118932.00, have 50000.00
2025-07-19 17:18:48,080 - risk_management.risk_engine - WARNING - Risk violation: max_single_position - Position in RELIANCE would be 256.17% of portfolio
2025-07-19 17:18:48,080 - risk_management.risk_engine - WARNING - Risk violation: insufficient_cash - Insufficient cash: need 121635.00, have 50000.00
2025-07-19 17:18:48,080 - risk_management.risk_engine - WARNING - Risk violation: max_single_position - Position in RELIANCE would be 257.93% of portfolio
2025-07-19 17:18:48,080 - risk_management.risk_engine - WARNING - Risk violation: insufficient_cash - Insufficient cash: need 124338.00, have 50000.00
2025-07-19 17:18:48,080 - risk_management.risk_engine - WARNING - Risk violation: max_single_position - Position in RELIANCE would be 259.70% of portfolio
2025-07-19 17:18:48,080 - risk_management.risk_engine - WARNING - Risk violation: insufficient_cash - Insufficient cash: need 127041.00, have 50000.00
2025-07-19 17:18:48,080 - risk_management.risk_engine - WARNING - Risk violation: max_single_position - Position in RELIANCE would be 261.47% of portfolio
2025-07-19 17:18:48,080 - risk_management.risk_engine - WARNING - Risk violation: insufficient_cash - Insufficient cash: need 129744.00, have 50000.00
2025-07-19 17:18:48,080 - risk_management.risk_engine - WARNING - Risk violation: max_single_position - Position in RELIANCE would be 263.23% of portfolio
2025-07-19 17:18:48,080 - risk_management.risk_engine - WARNING - Risk violation: insufficient_cash - Insufficient cash: need 132447.00, have 50000.00
2025-07-19 17:18:48,080 - risk_management.risk_engine - WARNING - Risk violation: max_single_position - Position in RELIANCE would be 265.00% of portfolio
2025-07-19 17:18:48,080 - risk_management.risk_engine - WARNING - Risk violation: insufficient_cash - Insufficient cash: need 135150.00, have 50000.00
2025-07-19 17:18:48,080 - risk_management.risk_engine - WARNING - Risk violation: max_single_position - Position in RELIANCE would be 266.77% of portfolio
2025-07-19 17:18:48,080 - risk_management.risk_engine - WARNING - Risk violation: insufficient_cash - Insufficient cash: need 137853.00, have 50000.00
2025-07-19 17:18:48,080 - risk_management.risk_engine - WARNING - Risk violation: max_single_position - Position in RELIANCE would be 268.53% of portfolio
2025-07-19 17:18:48,080 - risk_management.risk_engine - WARNING - Risk violation: insufficient_cash - Insufficient cash: need 140556.00, have 50000.00
2025-07-19 17:18:48,080 - risk_management.risk_engine - WARNING - Risk violation: max_single_position - Position in RELIANCE would be 270.30% of portfolio
2025-07-19 17:18:48,080 - risk_management.risk_engine - WARNING - Risk violation: insufficient_cash - Insufficient cash: need 143259.00, have 50000.00
2025-07-19 17:18:48,080 - risk_management.risk_engine - WARNING - Risk violation: max_single_position - Position in RELIANCE would be 272.07% of portfolio
2025-07-19 17:18:48,080 - risk_management.risk_engine - WARNING - Risk violation: insufficient_cash - Insufficient cash: need 145962.00, have 50000.00
2025-07-19 17:18:48,080 - risk_management.risk_engine - WARNING - Risk violation: max_single_position - Position in RELIANCE would be 273.83% of portfolio
2025-07-19 17:18:48,080 - risk_management.risk_engine - WARNING - Risk violation: insufficient_cash - Insufficient cash: need 148665.00, have 50000.00
2025-07-19 17:18:48,080 - risk_management.risk_engine - WARNING - Risk violation: max_single_position - Position in RELIANCE would be 275.60% of portfolio
2025-07-19 17:18:48,080 - risk_management.risk_engine - WARNING - Risk violation: insufficient_cash - Insufficient cash: need 151368.00, have 50000.00
2025-07-19 17:18:48,080 - risk_management.risk_engine - WARNING - Risk violation: max_single_position - Position in RELIANCE would be 277.37% of portfolio
2025-07-19 17:18:48,080 - risk_management.risk_engine - WARNING - Risk violation: insufficient_cash - Insufficient cash: need 154071.00, have 50000.00
2025-07-19 17:18:48,080 - risk_management.risk_engine - WARNING - Risk violation: max_single_position - Position in RELIANCE would be 279.13% of portfolio
2025-07-19 17:18:48,081 - risk_management.risk_engine - WARNING - Risk violation: insufficient_cash - Insufficient cash: need 156774.00, have 50000.00
2025-07-19 17:18:48,081 - risk_management.risk_engine - WARNING - Risk violation: max_single_position - Position in RELIANCE would be 280.90% of portfolio
2025-07-19 17:18:48,081 - risk_management.risk_engine - WARNING - Risk violation: insufficient_cash - Insufficient cash: need 159477.00, have 50000.00
2025-07-19 17:18:48,081 - risk_management.risk_engine - WARNING - Risk violation: max_single_position - Position in RELIANCE would be 282.67% of portfolio
2025-07-19 17:18:48,081 - risk_management.risk_engine - WARNING - Risk violation: insufficient_cash - Insufficient cash: need 162180.00, have 50000.00
2025-07-19 17:18:48,081 - risk_management.risk_engine - WARNING - Risk violation: max_single_position - Position in RELIANCE would be 284.43% of portfolio
2025-07-19 17:18:48,081 - risk_management.risk_engine - WARNING - Risk violation: insufficient_cash - Insufficient cash: need 164883.00, have 50000.00
2025-07-19 17:18:48,081 - risk_management.risk_engine - WARNING - Risk violation: max_single_position - Position in RELIANCE would be 286.20% of portfolio
2025-07-19 17:18:48,081 - risk_management.risk_engine - WARNING - Risk violation: insufficient_cash - Insufficient cash: need 167586.00, have 50000.00
2025-07-19 17:18:48,081 - risk_management.risk_engine - WARNING - Risk violation: max_single_position - Position in RELIANCE would be 287.97% of portfolio
2025-07-19 17:18:48,081 - risk_management.risk_engine - WARNING - Risk violation: insufficient_cash - Insufficient cash: need 170289.00, have 50000.00
2025-07-19 17:18:48,081 - risk_management.risk_engine - WARNING - Risk violation: max_single_position - Position in RELIANCE would be 289.73% of portfolio
2025-07-19 17:18:48,081 - risk_management.risk_engine - WARNING - Risk violation: insufficient_cash - Insufficient cash: need 172992.00, have 50000.00
2025-07-19 17:18:48,081 - risk_management.risk_engine - WARNING - Risk violation: max_single_position - Position in RELIANCE would be 291.50% of portfolio
2025-07-19 17:18:48,081 - risk_management.risk_engine - WARNING - Risk violation: insufficient_cash - Insufficient cash: need 175695.00, have 50000.00
2025-07-19 17:18:48,081 - risk_management.risk_engine - WARNING - Risk violation: max_single_position - Position in RELIANCE would be 293.27% of portfolio
2025-07-19 17:18:48,081 - risk_management.risk_engine - WARNING - Risk violation: insufficient_cash - Insufficient cash: need 178398.00, have 50000.00
2025-07-19 17:18:48,081 - risk_management.risk_engine - WARNING - Risk violation: max_single_position - Position in RELIANCE would be 295.03% of portfolio
2025-07-19 17:18:48,081 - risk_management.risk_engine - WARNING - Risk violation: insufficient_cash - Insufficient cash: need 181101.00, have 50000.00
2025-07-19 17:18:48,081 - risk_management.risk_engine - WARNING - Risk violation: max_single_position - Position in RELIANCE would be 296.80% of portfolio
2025-07-19 17:18:48,081 - risk_management.risk_engine - WARNING - Risk violation: insufficient_cash - Insufficient cash: need 183804.00, have 50000.00
2025-07-19 17:18:48,081 - risk_management.risk_engine - WARNING - Risk violation: max_single_position - Position in RELIANCE would be 298.57% of portfolio
2025-07-19 17:18:48,081 - risk_management.risk_engine - WARNING - Risk violation: insufficient_cash - Insufficient cash: need 186507.00, have 50000.00
2025-07-19 17:18:48,081 - risk_management.risk_engine - WARNING - Risk violation: max_single_position - Position in RELIANCE would be 300.33% of portfolio
2025-07-19 17:18:48,081 - risk_management.risk_engine - WARNING - Risk violation: insufficient_cash - Insufficient cash: need 189210.00, have 50000.00
2025-07-19 17:18:48,081 - risk_management.risk_engine - WARNING - Risk violation: max_single_position - Position in RELIANCE would be 302.10% of portfolio
2025-07-19 17:18:48,081 - risk_management.risk_engine - WARNING - Risk violation: insufficient_cash - Insufficient cash: need 191913.00, have 50000.00
2025-07-19 17:18:48,081 - risk_management.risk_engine - WARNING - Risk violation: max_single_position - Position in RELIANCE would be 303.87% of portfolio
2025-07-19 17:18:48,081 - risk_management.risk_engine - WARNING - Risk violation: insufficient_cash - Insufficient cash: need 194616.00, have 50000.00
2025-07-19 17:18:48,081 - risk_management.risk_engine - WARNING - Risk violation: max_single_position - Position in RELIANCE would be 305.63% of portfolio
2025-07-19 17:18:48,081 - risk_management.risk_engine - WARNING - Risk violation: insufficient_cash - Insufficient cash: need 197319.00, have 50000.00
2025-07-19 17:18:48,081 - risk_management.risk_engine - WARNING - Risk violation: max_single_position - Position in RELIANCE would be 307.40% of portfolio
2025-07-19 17:18:48,081 - risk_management.risk_engine - WARNING - Risk violation: insufficient_cash - Insufficient cash: need 200022.00, have 50000.00
2025-07-19 17:18:48,081 - risk_management.risk_engine - WARNING - Risk violation: max_single_position - Position in RELIANCE would be 309.17% of portfolio
2025-07-19 17:18:48,081 - risk_management.risk_engine - WARNING - Risk violation: insufficient_cash - Insufficient cash: need 202725.00, have 50000.00
2025-07-19 17:18:48,081 - risk_management.risk_engine - WARNING - Risk violation: max_single_position - Position in RELIANCE would be 310.93% of portfolio
2025-07-19 17:18:48,082 - risk_management.risk_engine - WARNING - Risk violation: insufficient_cash - Insufficient cash: need 205428.00, have 50000.00
2025-07-19 17:18:48,082 - risk_management.risk_engine - WARNING - Risk violation: max_single_position - Position in RELIANCE would be 312.70% of portfolio
2025-07-19 17:18:48,082 - risk_management.risk_engine - WARNING - Risk violation: insufficient_cash - Insufficient cash: need 208131.00, have 50000.00
2025-07-19 17:18:48,082 - risk_management.risk_engine - WARNING - Risk violation: max_single_position - Position in RELIANCE would be 314.47% of portfolio
2025-07-19 17:18:48,082 - risk_management.risk_engine - WARNING - Risk violation: insufficient_cash - Insufficient cash: need 210834.00, have 50000.00
2025-07-19 17:18:48,082 - risk_management.risk_engine - WARNING - Risk violation: max_single_position - Position in RELIANCE would be 316.23% of portfolio
2025-07-19 17:18:48,082 - risk_management.risk_engine - WARNING - Risk violation: insufficient_cash - Insufficient cash: need 213537.00, have 50000.00
2025-07-19 17:18:48,082 - risk_management.risk_engine - WARNING - Risk violation: max_single_position - Position in RELIANCE would be 318.00% of portfolio
2025-07-19 17:18:48,082 - risk_management.risk_engine - WARNING - Risk violation: insufficient_cash - Insufficient cash: need 216240.00, have 50000.00
2025-07-19 17:18:48,082 - risk_management.risk_engine - WARNING - Risk violation: max_single_position - Position in RELIANCE would be 319.77% of portfolio
2025-07-19 17:18:48,082 - risk_management.risk_engine - WARNING - Risk violation: insufficient_cash - Insufficient cash: need 218943.00, have 50000.00
2025-07-19 17:18:48,082 - risk_management.risk_engine - WARNING - Risk violation: max_single_position - Position in RELIANCE would be 321.53% of portfolio
2025-07-19 17:18:48,082 - risk_management.risk_engine - WARNING - Risk violation: insufficient_cash - Insufficient cash: need 221646.00, have 50000.00
2025-07-19 17:18:48,082 - risk_management.risk_engine - WARNING - Risk violation: max_single_position - Position in RELIANCE would be 323.30% of portfolio
2025-07-19 17:18:48,082 - risk_management.risk_engine - WARNING - Risk violation: insufficient_cash - Insufficient cash: need 224349.00, have 50000.00
2025-07-19 17:18:48,082 - risk_management.risk_engine - WARNING - Risk violation: max_single_position - Position in RELIANCE would be 325.07% of portfolio
2025-07-19 17:18:48,082 - risk_management.risk_engine - WARNING - Risk violation: insufficient_cash - Insufficient cash: need 227052.00, have 50000.00
2025-07-19 17:18:48,082 - risk_management.risk_engine - WARNING - Risk violation: max_single_position - Position in RELIANCE would be 326.83% of portfolio
2025-07-19 17:18:48,082 - risk_management.risk_engine - WARNING - Risk violation: insufficient_cash - Insufficient cash: need 229755.00, have 50000.00
2025-07-19 17:18:48,082 - risk_management.risk_engine - WARNING - Risk violation: max_single_position - Position in RELIANCE would be 328.60% of portfolio
2025-07-19 17:18:48,082 - risk_management.risk_engine - WARNING - Risk violation: insufficient_cash - Insufficient cash: need 232458.00, have 50000.00
2025-07-19 17:18:48,082 - risk_management.risk_engine - WARNING - Risk violation: max_single_position - Position in RELIANCE would be 330.37% of portfolio
2025-07-19 17:18:48,082 - risk_management.risk_engine - WARNING - Risk violation: insufficient_cash - Insufficient cash: need 235161.00, have 50000.00
2025-07-19 17:18:48,082 - risk_management.risk_engine - WARNING - Risk violation: max_single_position - Position in RELIANCE would be 332.13% of portfolio
2025-07-19 17:18:48,082 - risk_management.risk_engine - WARNING - Risk violation: insufficient_cash - Insufficient cash: need 237864.00, have 50000.00
2025-07-19 17:18:48,082 - risk_management.risk_engine - WARNING - Risk violation: max_single_position - Position in RELIANCE would be 333.90% of portfolio
2025-07-19 17:18:48,082 - risk_management.risk_engine - WARNING - Risk violation: insufficient_cash - Insufficient cash: need 240567.00, have 50000.00
2025-07-19 17:18:48,082 - risk_management.risk_engine - WARNING - Risk violation: max_single_position - Position in RELIANCE would be 335.67% of portfolio
2025-07-19 17:18:48,082 - risk_management.risk_engine - WARNING - Risk violation: insufficient_cash - Insufficient cash: need 243270.00, have 50000.00
2025-07-19 17:18:48,082 - risk_management.risk_engine - WARNING - Risk violation: max_single_position - Position in RELIANCE would be 337.43% of portfolio
2025-07-19 17:18:48,082 - risk_management.risk_engine - WARNING - Risk violation: insufficient_cash - Insufficient cash: need 245973.00, have 50000.00
2025-07-19 17:18:48,082 - risk_management.risk_engine - WARNING - Risk violation: max_single_position - Position in RELIANCE would be 339.20% of portfolio
2025-07-19 17:18:48,082 - risk_management.risk_engine - WARNING - Risk violation: insufficient_cash - Insufficient cash: need 248676.00, have 50000.00
2025-07-19 17:18:48,083 - risk_management.risk_engine - WARNING - Risk violation: max_single_position - Position in RELIANCE would be 340.97% of portfolio
2025-07-19 17:18:48,083 - risk_management.risk_engine - WARNING - Risk violation: insufficient_cash - Insufficient cash: need 251379.00, have 50000.00
2025-07-19 17:18:48,083 - risk_management.risk_engine - WARNING - Risk violation: max_single_position - Position in RELIANCE would be 342.73% of portfolio
2025-07-19 17:18:48,083 - risk_management.risk_engine - WARNING - Risk violation: insufficient_cash - Insufficient cash: need 254082.00, have 50000.00
2025-07-19 17:18:48,083 - risk_management.risk_engine - WARNING - Risk violation: max_single_position - Position in RELIANCE would be 344.50% of portfolio
2025-07-19 17:18:48,083 - risk_management.risk_engine - WARNING - Risk violation: insufficient_cash - Insufficient cash: need 256785.00, have 50000.00
2025-07-19 17:18:48,083 - risk_management.risk_engine - WARNING - Risk violation: max_single_position - Position in RELIANCE would be 346.27% of portfolio
2025-07-19 17:18:48,083 - risk_management.risk_engine - WARNING - Risk violation: insufficient_cash - Insufficient cash: need 259488.00, have 50000.00
2025-07-19 17:18:48,083 - risk_management.risk_engine - WARNING - Risk violation: max_single_position - Position in RELIANCE would be 348.03% of portfolio
2025-07-19 17:18:48,083 - risk_management.risk_engine - WARNING - Risk violation: insufficient_cash - Insufficient cash: need 262191.00, have 50000.00
2025-07-19 17:18:48,083 - risk_management.risk_engine - WARNING - Risk violation: max_single_position - Position in RELIANCE would be 349.80% of portfolio
2025-07-19 17:18:48,083 - risk_management.risk_engine - WARNING - Risk violation: insufficient_cash - Insufficient cash: need 264894.00, have 50000.00
2025-07-19 17:18:48,083 - risk_management.risk_engine - WARNING - Risk violation: max_single_position - Position in RELIANCE would be 351.57% of portfolio
2025-07-19 17:18:48,083 - risk_management.risk_engine - WARNING - Risk violation: insufficient_cash - Insufficient cash: need 267597.00, have 50000.00
2025-07-19 17:18:48,083 - risk_management.risk_engine - WARNING - Risk violation: max_single_position - Position in RELIANCE would be 353.33% of portfolio
2025-07-19 17:18:48,083 - risk_management.risk_engine - WARNING - Risk violation: insufficient_cash - Insufficient cash: need 270300.00, have 50000.00
2025-07-19 17:18:48,083 - risk_management.risk_engine - WARNING - Risk violation: max_single_position - Position in RELIANCE would be 355.10% of portfolio
2025-07-19 17:18:48,083 - risk_management.risk_engine - WARNING - Risk violation: insufficient_cash - Insufficient cash: need 273003.00, have 50000.00
2025-07-19 17:18:48,083 - risk_management.risk_engine - WARNING - Risk violation: max_single_position - Position in RELIANCE would be 356.87% of portfolio
2025-07-19 17:18:48,083 - risk_management.risk_engine - WARNING - Risk violation: insufficient_cash - Insufficient cash: need 275706.00, have 50000.00
2025-07-19 17:18:48,083 - risk_management.risk_engine - WARNING - Risk violation: max_single_position - Position in RELIANCE would be 358.63% of portfolio
2025-07-19 17:18:48,083 - risk_management.risk_engine - WARNING - Risk violation: insufficient_cash - Insufficient cash: need 278409.00, have 50000.00
2025-07-19 17:18:48,083 - risk_management.risk_engine - WARNING - Risk violation: max_single_position - Position in RELIANCE would be 360.40% of portfolio
2025-07-19 17:18:48,083 - risk_management.risk_engine - WARNING - Risk violation: insufficient_cash - Insufficient cash: need 281112.00, have 50000.00
2025-07-19 17:18:48,083 - risk_management.risk_engine - WARNING - Risk violation: max_single_position - Position in RELIANCE would be 362.17% of portfolio
2025-07-19 17:18:48,083 - risk_management.risk_engine - WARNING - Risk violation: insufficient_cash - Insufficient cash: need 283815.00, have 50000.00
2025-07-19 17:18:48,083 - risk_management.risk_engine - WARNING - Risk violation: max_single_position - Position in RELIANCE would be 363.93% of portfolio
2025-07-19 17:18:48,083 - risk_management.risk_engine - WARNING - Risk violation: insufficient_cash - Insufficient cash: need 286518.00, have 50000.00
2025-07-19 17:18:48,083 - risk_management.risk_engine - WARNING - Risk violation: max_single_position - Position in RELIANCE would be 365.70% of portfolio
2025-07-19 17:18:48,083 - risk_management.risk_engine - WARNING - Risk violation: insufficient_cash - Insufficient cash: need 289221.00, have 50000.00
2025-07-19 17:18:48,084 - risk_management.risk_engine - WARNING - Risk violation: max_single_position - Position in RELIANCE would be 367.47% of portfolio
2025-07-19 17:18:48,084 - risk_management.risk_engine - WARNING - Risk violation: insufficient_cash - Insufficient cash: need 291924.00, have 50000.00
2025-07-19 17:18:48,084 - risk_management.risk_engine - WARNING - Risk violation: max_single_position - Position in RELIANCE would be 369.23% of portfolio
2025-07-19 17:18:48,084 - risk_management.risk_engine - WARNING - Risk violation: insufficient_cash - Insufficient cash: need 294627.00, have 50000.00
2025-07-19 17:18:48,084 - data.storage - INFO - Database initialized successfully
2025-07-19 17:18:48,084 - brokers.zerodha_broker - INFO - Zerodha broker initialized in demo mode
2025-07-19 17:18:48,084 - brokers.zerodha_broker - INFO - Connecting to Zerodha API...
2025-07-19 17:18:48,084 - brokers.zerodha_broker - INFO - Running in DEMO mode - using mock broker
2025-07-19 17:18:48,092 - monitoring.dashboard - INFO - Trading dashboard initialized
2025-07-19 17:18:48,092 - controls.manual_override - INFO - Manual override system initialized for SECURITY_TEST
2025-07-19 17:18:48,092 - controls.manual_override - WARNING - User unauthorized_user not authorized for manual override
2025-07-19 17:18:48,092 - controls.manual_override - INFO - User Admin (authorized_user) granted system_control access
2025-07-19 17:18:48,092 - Phase3Verification - ERROR - Security test error: Traceback (most recent call last):
  File "/Users/priyanshpatidar/Documents/github/sip-algo-trading/phase3_verification.py", line 530, in test_security
  File "/Users/priyanshpatidar/Documents/github/sip-algo-trading/controls/manual_override.py", line 156, in start_override_session
    override_level=min(user_level, requested_level),
TypeError: '<' not supported between instances of 'OverrideLevel' and 'OverrideLevel'

2025-07-19 17:21:53,552 - risk_management.risk_engine - INFO - Risk Engine initialized
2025-07-19 17:21:53,552 - risk_management.risk_engine - WARNING - Risk violation: max_single_position - Position in RELIANCE would be 353.33% of portfolio
2025-07-19 17:21:53,553 - risk_management.risk_engine - WARNING - Risk violation: insufficient_cash - Insufficient cash: need 270300.00, have 50000.00
2025-07-19 17:21:53,553 - risk_management.risk_engine - WARNING - Risk violation: max_single_position - Position in RELIANCE would be 17843.33% of portfolio
2025-07-19 17:21:53,553 - risk_management.risk_engine - WARNING - Risk violation: insufficient_cash - Insufficient cash: need 27030000.00, have 50000.00
2025-07-19 17:21:53,553 - risk_management.risk_engine - CRITICAL - EMERGENCY STOP ACTIVATED: Test emergency stop
2025-07-19 17:21:53,553 - risk_management.risk_engine - INFO - Emergency stop reset: Test reset
2025-07-19 17:21:53,555 - data.storage - INFO - Database initialized successfully
2025-07-19 17:21:53,555 - brokers.zerodha_broker - INFO - Zerodha broker initialized in demo mode
2025-07-19 17:21:53,555 - brokers.zerodha_broker - INFO - Connecting to Zerodha API...
2025-07-19 17:21:53,555 - brokers.zerodha_broker - INFO - Running in DEMO mode - using mock broker
2025-07-19 17:21:53,571 - monitoring.dashboard - INFO - Trading dashboard initialized
2025-07-19 17:21:53,575 - controls.circuit_breaker - INFO - Circuit breaker 'test_breaker' initialized with 2 triggers
2025-07-19 17:21:53,575 - controls.circuit_breaker - CRITICAL - CIRCUIT BREAKER TRIGGERED: test_breaker
2025-07-19 17:21:53,575 - controls.circuit_breaker - CRITICAL - Trigger: portfolio_loss
2025-07-19 17:21:53,575 - controls.circuit_breaker - CRITICAL - Current Value: -0.12
2025-07-19 17:21:53,575 - controls.circuit_breaker - CRITICAL - Threshold: 0.1
2025-07-19 17:21:53,575 - controls.circuit_breaker - CRITICAL - Breach Ratio: 1.20
2025-07-19 17:21:53,575 - controls.circuit_breaker - INFO - Circuit breaker 'test_breaker' entering cooldown until 2025-07-19 17:51:53.575567
2025-07-19 17:21:53,575 - Phase3Verification - ERROR - Emergency controls test error: Traceback (most recent call last):
  File "/Users/priyanshpatidar/Documents/github/sip-algo-trading/phase3_verification.py", line 311, in test_emergency_controls
    print("     ✓ Circuit breaker status retrieved successfully", status)
AssertionError

2025-07-19 17:21:53,576 - risk_management.risk_engine - INFO - Risk Engine initialized
2025-07-19 17:21:53,576 - controls.emergency_stop - INFO - Emergency stop system initialized for INTEGRATION_TEST
2025-07-19 17:21:53,576 - risk_management.risk_engine - WARNING - Risk violation: max_single_position - Position in RELIANCE would be 15900.00% of portfolio
2025-07-19 17:21:53,576 - risk_management.risk_engine - WARNING - Risk violation: max_portfolio_drawdown - Portfolio drawdown is 20.00%
2025-07-19 17:21:53,577 - risk_management.risk_engine - WARNING - Risk violation: daily_loss_limit - Daily loss is 15.00%
2025-07-19 17:21:53,577 - risk_management.risk_engine - WARNING - Risk violation: insufficient_cash - Insufficient cash: need 13515000.00, have 10000.00
2025-07-19 17:21:53,577 - controls.emergency_stop - CRITICAL - EMERGENCY STOP ACTIVATED - Level: hard_stop
2025-07-19 17:21:53,577 - controls.emergency_stop - CRITICAL - Reason: risk_breach - Critical risk violation detected
2025-07-19 17:21:53,577 - controls.emergency_stop - CRITICAL - Initiated by: RISK_ENGINE
2025-07-19 17:21:53,577 - controls.emergency_stop - CRITICAL - Stop ID: 1a8c41d4-2a0a-4927-b78f-822128a96a8d
2025-07-19 17:21:53,577 - data.storage - INFO - Database initialized successfully
2025-07-19 17:21:53,577 - brokers.zerodha_broker - INFO - Zerodha broker initialized in demo mode
2025-07-19 17:21:53,577 - brokers.zerodha_broker - INFO - Connecting to Zerodha API...
2025-07-19 17:21:53,577 - brokers.zerodha_broker - INFO - Running in DEMO mode - using mock broker
2025-07-19 17:21:53,587 - monitoring.dashboard - INFO - Trading dashboard initialized
2025-07-19 17:21:53,587 - risk_management.risk_engine - INFO - Risk Engine initialized
2025-07-19 17:21:53,587 - risk_management.risk_engine - WARNING - Risk violation: max_single_position - Position in RELIANCE would be 194.33% of portfolio
2025-07-19 17:21:53,587 - risk_management.risk_engine - WARNING - Risk violation: max_single_position - Position in RELIANCE would be 196.10% of portfolio
2025-07-19 17:21:53,587 - risk_management.risk_engine - WARNING - Risk violation: max_single_position - Position in RELIANCE would be 197.87% of portfolio
2025-07-19 17:21:53,587 - risk_management.risk_engine - WARNING - Risk violation: max_single_position - Position in RELIANCE would be 199.63% of portfolio
2025-07-19 17:21:53,587 - risk_management.risk_engine - WARNING - Risk violation: max_single_position - Position in RELIANCE would be 201.40% of portfolio
2025-07-19 17:21:53,587 - risk_management.risk_engine - WARNING - Risk violation: max_single_position - Position in RELIANCE would be 203.17% of portfolio
2025-07-19 17:21:53,587 - risk_management.risk_engine - WARNING - Risk violation: max_single_position - Position in RELIANCE would be 204.93% of portfolio
2025-07-19 17:21:53,587 - risk_management.risk_engine - WARNING - Risk violation: max_single_position - Position in RELIANCE would be 206.70% of portfolio
2025-07-19 17:21:53,587 - risk_management.risk_engine - WARNING - Risk violation: max_single_position - Position in RELIANCE would be 208.47% of portfolio
2025-07-19 17:21:53,587 - risk_management.risk_engine - WARNING - Risk violation: max_single_position - Position in RELIANCE would be 210.23% of portfolio
2025-07-19 17:21:53,587 - risk_management.risk_engine - WARNING - Risk violation: insufficient_cash - Insufficient cash: need 51357.00, have 50000.00
2025-07-19 17:21:53,587 - risk_management.risk_engine - WARNING - Risk violation: max_single_position - Position in RELIANCE would be 212.00% of portfolio
2025-07-19 17:21:53,587 - risk_management.risk_engine - WARNING - Risk violation: insufficient_cash - Insufficient cash: need 54060.00, have 50000.00
2025-07-19 17:21:53,587 - risk_management.risk_engine - WARNING - Risk violation: max_single_position - Position in RELIANCE would be 213.77% of portfolio
2025-07-19 17:21:53,587 - risk_management.risk_engine - WARNING - Risk violation: insufficient_cash - Insufficient cash: need 56763.00, have 50000.00
2025-07-19 17:21:53,587 - risk_management.risk_engine - WARNING - Risk violation: max_single_position - Position in RELIANCE would be 215.53% of portfolio
2025-07-19 17:21:53,587 - risk_management.risk_engine - WARNING - Risk violation: insufficient_cash - Insufficient cash: need 59466.00, have 50000.00
2025-07-19 17:21:53,588 - risk_management.risk_engine - WARNING - Risk violation: max_single_position - Position in RELIANCE would be 217.30% of portfolio
2025-07-19 17:21:53,588 - risk_management.risk_engine - WARNING - Risk violation: insufficient_cash - Insufficient cash: need 62169.00, have 50000.00
2025-07-19 17:21:53,588 - risk_management.risk_engine - WARNING - Risk violation: max_single_position - Position in RELIANCE would be 219.07% of portfolio
2025-07-19 17:21:53,588 - risk_management.risk_engine - WARNING - Risk violation: insufficient_cash - Insufficient cash: need 64872.00, have 50000.00
2025-07-19 17:21:53,588 - risk_management.risk_engine - WARNING - Risk violation: max_single_position - Position in RELIANCE would be 220.83% of portfolio
2025-07-19 17:21:53,588 - risk_management.risk_engine - WARNING - Risk violation: insufficient_cash - Insufficient cash: need 67575.00, have 50000.00
2025-07-19 17:21:53,588 - risk_management.risk_engine - WARNING - Risk violation: max_single_position - Position in RELIANCE would be 222.60% of portfolio
2025-07-19 17:21:53,588 - risk_management.risk_engine - WARNING - Risk violation: insufficient_cash - Insufficient cash: need 70278.00, have 50000.00
2025-07-19 17:21:53,588 - risk_management.risk_engine - WARNING - Risk violation: max_single_position - Position in RELIANCE would be 224.37% of portfolio
2025-07-19 17:21:53,588 - risk_management.risk_engine - WARNING - Risk violation: insufficient_cash - Insufficient cash: need 72981.00, have 50000.00
2025-07-19 17:21:53,588 - risk_management.risk_engine - WARNING - Risk violation: max_single_position - Position in RELIANCE would be 226.13% of portfolio
2025-07-19 17:21:53,588 - risk_management.risk_engine - WARNING - Risk violation: insufficient_cash - Insufficient cash: need 75684.00, have 50000.00
2025-07-19 17:21:53,588 - risk_management.risk_engine - WARNING - Risk violation: max_single_position - Position in RELIANCE would be 227.90% of portfolio
2025-07-19 17:21:53,588 - risk_management.risk_engine - WARNING - Risk violation: insufficient_cash - Insufficient cash: need 78387.00, have 50000.00
2025-07-19 17:21:53,588 - risk_management.risk_engine - WARNING - Risk violation: max_single_position - Position in RELIANCE would be 229.67% of portfolio
2025-07-19 17:21:53,588 - risk_management.risk_engine - WARNING - Risk violation: insufficient_cash - Insufficient cash: need 81090.00, have 50000.00
2025-07-19 17:21:53,588 - risk_management.risk_engine - WARNING - Risk violation: max_single_position - Position in RELIANCE would be 231.43% of portfolio
2025-07-19 17:21:53,588 - risk_management.risk_engine - WARNING - Risk violation: insufficient_cash - Insufficient cash: need 83793.00, have 50000.00
2025-07-19 17:21:53,588 - risk_management.risk_engine - WARNING - Risk violation: max_single_position - Position in RELIANCE would be 233.20% of portfolio
2025-07-19 17:21:53,588 - risk_management.risk_engine - WARNING - Risk violation: insufficient_cash - Insufficient cash: need 86496.00, have 50000.00
2025-07-19 17:21:53,588 - risk_management.risk_engine - WARNING - Risk violation: max_single_position - Position in RELIANCE would be 234.97% of portfolio
2025-07-19 17:21:53,588 - risk_management.risk_engine - WARNING - Risk violation: insufficient_cash - Insufficient cash: need 89199.00, have 50000.00
2025-07-19 17:21:53,588 - risk_management.risk_engine - WARNING - Risk violation: max_single_position - Position in RELIANCE would be 236.73% of portfolio
2025-07-19 17:21:53,588 - risk_management.risk_engine - WARNING - Risk violation: insufficient_cash - Insufficient cash: need 91902.00, have 50000.00
2025-07-19 17:21:53,588 - risk_management.risk_engine - WARNING - Risk violation: max_single_position - Position in RELIANCE would be 238.50% of portfolio
2025-07-19 17:21:53,588 - risk_management.risk_engine - WARNING - Risk violation: insufficient_cash - Insufficient cash: need 94605.00, have 50000.00
2025-07-19 17:21:53,588 - risk_management.risk_engine - WARNING - Risk violation: max_single_position - Position in RELIANCE would be 240.27% of portfolio
2025-07-19 17:21:53,588 - risk_management.risk_engine - WARNING - Risk violation: insufficient_cash - Insufficient cash: need 97308.00, have 50000.00
2025-07-19 17:21:53,588 - risk_management.risk_engine - WARNING - Risk violation: max_single_position - Position in RELIANCE would be 242.03% of portfolio
2025-07-19 17:21:53,588 - risk_management.risk_engine - WARNING - Risk violation: insufficient_cash - Insufficient cash: need 100011.00, have 50000.00
2025-07-19 17:21:53,589 - risk_management.risk_engine - WARNING - Risk violation: max_single_position - Position in RELIANCE would be 243.80% of portfolio
2025-07-19 17:21:53,589 - risk_management.risk_engine - WARNING - Risk violation: insufficient_cash - Insufficient cash: need 102714.00, have 50000.00
2025-07-19 17:21:53,589 - risk_management.risk_engine - WARNING - Risk violation: max_single_position - Position in RELIANCE would be 245.57% of portfolio
2025-07-19 17:21:53,589 - risk_management.risk_engine - WARNING - Risk violation: insufficient_cash - Insufficient cash: need 105417.00, have 50000.00
2025-07-19 17:21:53,589 - risk_management.risk_engine - WARNING - Risk violation: max_single_position - Position in RELIANCE would be 247.33% of portfolio
2025-07-19 17:21:53,589 - risk_management.risk_engine - WARNING - Risk violation: insufficient_cash - Insufficient cash: need 108120.00, have 50000.00
2025-07-19 17:21:53,589 - risk_management.risk_engine - WARNING - Risk violation: max_single_position - Position in RELIANCE would be 249.10% of portfolio
2025-07-19 17:21:53,589 - risk_management.risk_engine - WARNING - Risk violation: insufficient_cash - Insufficient cash: need 110823.00, have 50000.00
2025-07-19 17:21:53,589 - risk_management.risk_engine - WARNING - Risk violation: max_single_position - Position in RELIANCE would be 250.87% of portfolio
2025-07-19 17:21:53,589 - risk_management.risk_engine - WARNING - Risk violation: insufficient_cash - Insufficient cash: need 113526.00, have 50000.00
2025-07-19 17:21:53,589 - risk_management.risk_engine - WARNING - Risk violation: max_single_position - Position in RELIANCE would be 252.63% of portfolio
2025-07-19 17:21:53,589 - risk_management.risk_engine - WARNING - Risk violation: insufficient_cash - Insufficient cash: need 116229.00, have 50000.00
2025-07-19 17:21:53,589 - risk_management.risk_engine - WARNING - Risk violation: max_single_position - Position in RELIANCE would be 254.40% of portfolio
2025-07-19 17:21:53,589 - risk_management.risk_engine - WARNING - Risk violation: insufficient_cash - Insufficient cash: need 118932.00, have 50000.00
2025-07-19 17:21:53,589 - risk_management.risk_engine - WARNING - Risk violation: max_single_position - Position in RELIANCE would be 256.17% of portfolio
2025-07-19 17:21:53,589 - risk_management.risk_engine - WARNING - Risk violation: insufficient_cash - Insufficient cash: need 121635.00, have 50000.00
2025-07-19 17:21:53,589 - risk_management.risk_engine - WARNING - Risk violation: max_single_position - Position in RELIANCE would be 257.93% of portfolio
2025-07-19 17:21:53,589 - risk_management.risk_engine - WARNING - Risk violation: insufficient_cash - Insufficient cash: need 124338.00, have 50000.00
2025-07-19 17:21:53,589 - risk_management.risk_engine - WARNING - Risk violation: max_single_position - Position in RELIANCE would be 259.70% of portfolio
2025-07-19 17:21:53,589 - risk_management.risk_engine - WARNING - Risk violation: insufficient_cash - Insufficient cash: need 127041.00, have 50000.00
2025-07-19 17:21:53,589 - risk_management.risk_engine - WARNING - Risk violation: max_single_position - Position in RELIANCE would be 261.47% of portfolio
2025-07-19 17:21:53,589 - risk_management.risk_engine - WARNING - Risk violation: insufficient_cash - Insufficient cash: need 129744.00, have 50000.00
2025-07-19 17:21:53,589 - risk_management.risk_engine - WARNING - Risk violation: max_single_position - Position in RELIANCE would be 263.23% of portfolio
2025-07-19 17:21:53,589 - risk_management.risk_engine - WARNING - Risk violation: insufficient_cash - Insufficient cash: need 132447.00, have 50000.00
2025-07-19 17:21:53,589 - risk_management.risk_engine - WARNING - Risk violation: max_single_position - Position in RELIANCE would be 265.00% of portfolio
2025-07-19 17:21:53,589 - risk_management.risk_engine - WARNING - Risk violation: insufficient_cash - Insufficient cash: need 135150.00, have 50000.00
2025-07-19 17:21:53,589 - risk_management.risk_engine - WARNING - Risk violation: max_single_position - Position in RELIANCE would be 266.77% of portfolio
2025-07-19 17:21:53,589 - risk_management.risk_engine - WARNING - Risk violation: insufficient_cash - Insufficient cash: need 137853.00, have 50000.00
2025-07-19 17:21:53,589 - risk_management.risk_engine - WARNING - Risk violation: max_single_position - Position in RELIANCE would be 268.53% of portfolio
2025-07-19 17:21:53,589 - risk_management.risk_engine - WARNING - Risk violation: insufficient_cash - Insufficient cash: need 140556.00, have 50000.00
2025-07-19 17:21:53,589 - risk_management.risk_engine - WARNING - Risk violation: max_single_position - Position in RELIANCE would be 270.30% of portfolio
2025-07-19 17:21:53,589 - risk_management.risk_engine - WARNING - Risk violation: insufficient_cash - Insufficient cash: need 143259.00, have 50000.00
2025-07-19 17:21:53,589 - risk_management.risk_engine - WARNING - Risk violation: max_single_position - Position in RELIANCE would be 272.07% of portfolio
2025-07-19 17:21:53,589 - risk_management.risk_engine - WARNING - Risk violation: insufficient_cash - Insufficient cash: need 145962.00, have 50000.00
2025-07-19 17:21:53,590 - risk_management.risk_engine - WARNING - Risk violation: max_single_position - Position in RELIANCE would be 273.83% of portfolio
2025-07-19 17:21:53,590 - risk_management.risk_engine - WARNING - Risk violation: insufficient_cash - Insufficient cash: need 148665.00, have 50000.00
2025-07-19 17:21:53,590 - risk_management.risk_engine - WARNING - Risk violation: max_single_position - Position in RELIANCE would be 275.60% of portfolio
2025-07-19 17:21:53,590 - risk_management.risk_engine - WARNING - Risk violation: insufficient_cash - Insufficient cash: need 151368.00, have 50000.00
2025-07-19 17:21:53,590 - risk_management.risk_engine - WARNING - Risk violation: max_single_position - Position in RELIANCE would be 277.37% of portfolio
2025-07-19 17:21:53,590 - risk_management.risk_engine - WARNING - Risk violation: insufficient_cash - Insufficient cash: need 154071.00, have 50000.00
2025-07-19 17:21:53,590 - risk_management.risk_engine - WARNING - Risk violation: max_single_position - Position in RELIANCE would be 279.13% of portfolio
2025-07-19 17:21:53,590 - risk_management.risk_engine - WARNING - Risk violation: insufficient_cash - Insufficient cash: need 156774.00, have 50000.00
2025-07-19 17:21:53,590 - risk_management.risk_engine - WARNING - Risk violation: max_single_position - Position in RELIANCE would be 280.90% of portfolio
2025-07-19 17:21:53,590 - risk_management.risk_engine - WARNING - Risk violation: insufficient_cash - Insufficient cash: need 159477.00, have 50000.00
2025-07-19 17:21:53,590 - risk_management.risk_engine - WARNING - Risk violation: max_single_position - Position in RELIANCE would be 282.67% of portfolio
2025-07-19 17:21:53,590 - risk_management.risk_engine - WARNING - Risk violation: insufficient_cash - Insufficient cash: need 162180.00, have 50000.00
2025-07-19 17:21:53,590 - risk_management.risk_engine - WARNING - Risk violation: max_single_position - Position in RELIANCE would be 284.43% of portfolio
2025-07-19 17:21:53,590 - risk_management.risk_engine - WARNING - Risk violation: insufficient_cash - Insufficient cash: need 164883.00, have 50000.00
2025-07-19 17:21:53,590 - risk_management.risk_engine - WARNING - Risk violation: max_single_position - Position in RELIANCE would be 286.20% of portfolio
2025-07-19 17:21:53,590 - risk_management.risk_engine - WARNING - Risk violation: insufficient_cash - Insufficient cash: need 167586.00, have 50000.00
2025-07-19 17:21:53,590 - risk_management.risk_engine - WARNING - Risk violation: max_single_position - Position in RELIANCE would be 287.97% of portfolio
2025-07-19 17:21:53,590 - risk_management.risk_engine - WARNING - Risk violation: insufficient_cash - Insufficient cash: need 170289.00, have 50000.00
2025-07-19 17:21:53,590 - risk_management.risk_engine - WARNING - Risk violation: max_single_position - Position in RELIANCE would be 289.73% of portfolio
2025-07-19 17:21:53,590 - risk_management.risk_engine - WARNING - Risk violation: insufficient_cash - Insufficient cash: need 172992.00, have 50000.00
2025-07-19 17:21:53,590 - risk_management.risk_engine - WARNING - Risk violation: max_single_position - Position in RELIANCE would be 291.50% of portfolio
2025-07-19 17:21:53,590 - risk_management.risk_engine - WARNING - Risk violation: insufficient_cash - Insufficient cash: need 175695.00, have 50000.00
2025-07-19 17:21:53,590 - risk_management.risk_engine - WARNING - Risk violation: max_single_position - Position in RELIANCE would be 293.27% of portfolio
2025-07-19 17:21:53,590 - risk_management.risk_engine - WARNING - Risk violation: insufficient_cash - Insufficient cash: need 178398.00, have 50000.00
2025-07-19 17:21:53,590 - risk_management.risk_engine - WARNING - Risk violation: max_single_position - Position in RELIANCE would be 295.03% of portfolio
2025-07-19 17:21:53,590 - risk_management.risk_engine - WARNING - Risk violation: insufficient_cash - Insufficient cash: need 181101.00, have 50000.00
2025-07-19 17:21:53,590 - risk_management.risk_engine - WARNING - Risk violation: max_single_position - Position in RELIANCE would be 296.80% of portfolio
2025-07-19 17:21:53,590 - risk_management.risk_engine - WARNING - Risk violation: insufficient_cash - Insufficient cash: need 183804.00, have 50000.00
2025-07-19 17:21:53,590 - risk_management.risk_engine - WARNING - Risk violation: max_single_position - Position in RELIANCE would be 298.57% of portfolio
2025-07-19 17:21:53,590 - risk_management.risk_engine - WARNING - Risk violation: insufficient_cash - Insufficient cash: need 186507.00, have 50000.00
2025-07-19 17:21:53,590 - risk_management.risk_engine - WARNING - Risk violation: max_single_position - Position in RELIANCE would be 300.33% of portfolio
2025-07-19 17:21:53,590 - risk_management.risk_engine - WARNING - Risk violation: insufficient_cash - Insufficient cash: need 189210.00, have 50000.00
2025-07-19 17:21:53,590 - risk_management.risk_engine - WARNING - Risk violation: max_single_position - Position in RELIANCE would be 302.10% of portfolio
2025-07-19 17:21:53,590 - risk_management.risk_engine - WARNING - Risk violation: insufficient_cash - Insufficient cash: need 191913.00, have 50000.00
2025-07-19 17:21:53,590 - risk_management.risk_engine - WARNING - Risk violation: max_single_position - Position in RELIANCE would be 303.87% of portfolio
2025-07-19 17:21:53,590 - risk_management.risk_engine - WARNING - Risk violation: insufficient_cash - Insufficient cash: need 194616.00, have 50000.00
2025-07-19 17:21:53,591 - risk_management.risk_engine - WARNING - Risk violation: max_single_position - Position in RELIANCE would be 305.63% of portfolio
2025-07-19 17:21:53,591 - risk_management.risk_engine - WARNING - Risk violation: insufficient_cash - Insufficient cash: need 197319.00, have 50000.00
2025-07-19 17:21:53,591 - risk_management.risk_engine - WARNING - Risk violation: max_single_position - Position in RELIANCE would be 307.40% of portfolio
2025-07-19 17:21:53,591 - risk_management.risk_engine - WARNING - Risk violation: insufficient_cash - Insufficient cash: need 200022.00, have 50000.00
2025-07-19 17:21:53,591 - risk_management.risk_engine - WARNING - Risk violation: max_single_position - Position in RELIANCE would be 309.17% of portfolio
2025-07-19 17:21:53,591 - risk_management.risk_engine - WARNING - Risk violation: insufficient_cash - Insufficient cash: need 202725.00, have 50000.00
2025-07-19 17:21:53,591 - risk_management.risk_engine - WARNING - Risk violation: max_single_position - Position in RELIANCE would be 310.93% of portfolio
2025-07-19 17:21:53,591 - risk_management.risk_engine - WARNING - Risk violation: insufficient_cash - Insufficient cash: need 205428.00, have 50000.00
2025-07-19 17:21:53,591 - risk_management.risk_engine - WARNING - Risk violation: max_single_position - Position in RELIANCE would be 312.70% of portfolio
2025-07-19 17:21:53,591 - risk_management.risk_engine - WARNING - Risk violation: insufficient_cash - Insufficient cash: need 208131.00, have 50000.00
2025-07-19 17:21:53,591 - risk_management.risk_engine - WARNING - Risk violation: max_single_position - Position in RELIANCE would be 314.47% of portfolio
2025-07-19 17:21:53,591 - risk_management.risk_engine - WARNING - Risk violation: insufficient_cash - Insufficient cash: need 210834.00, have 50000.00
2025-07-19 17:21:53,591 - risk_management.risk_engine - WARNING - Risk violation: max_single_position - Position in RELIANCE would be 316.23% of portfolio
2025-07-19 17:21:53,591 - risk_management.risk_engine - WARNING - Risk violation: insufficient_cash - Insufficient cash: need 213537.00, have 50000.00
2025-07-19 17:21:53,591 - risk_management.risk_engine - WARNING - Risk violation: max_single_position - Position in RELIANCE would be 318.00% of portfolio
2025-07-19 17:21:53,591 - risk_management.risk_engine - WARNING - Risk violation: insufficient_cash - Insufficient cash: need 216240.00, have 50000.00
2025-07-19 17:21:53,591 - risk_management.risk_engine - WARNING - Risk violation: max_single_position - Position in RELIANCE would be 319.77% of portfolio
2025-07-19 17:21:53,591 - risk_management.risk_engine - WARNING - Risk violation: insufficient_cash - Insufficient cash: need 218943.00, have 50000.00
2025-07-19 17:21:53,591 - risk_management.risk_engine - WARNING - Risk violation: max_single_position - Position in RELIANCE would be 321.53% of portfolio
2025-07-19 17:21:53,591 - risk_management.risk_engine - WARNING - Risk violation: insufficient_cash - Insufficient cash: need 221646.00, have 50000.00
2025-07-19 17:21:53,591 - risk_management.risk_engine - WARNING - Risk violation: max_single_position - Position in RELIANCE would be 323.30% of portfolio
2025-07-19 17:21:53,591 - risk_management.risk_engine - WARNING - Risk violation: insufficient_cash - Insufficient cash: need 224349.00, have 50000.00
2025-07-19 17:21:53,591 - risk_management.risk_engine - WARNING - Risk violation: max_single_position - Position in RELIANCE would be 325.07% of portfolio
2025-07-19 17:21:53,591 - risk_management.risk_engine - WARNING - Risk violation: insufficient_cash - Insufficient cash: need 227052.00, have 50000.00
2025-07-19 17:21:53,591 - risk_management.risk_engine - WARNING - Risk violation: max_single_position - Position in RELIANCE would be 326.83% of portfolio
2025-07-19 17:21:53,591 - risk_management.risk_engine - WARNING - Risk violation: insufficient_cash - Insufficient cash: need 229755.00, have 50000.00
2025-07-19 17:21:53,591 - risk_management.risk_engine - WARNING - Risk violation: max_single_position - Position in RELIANCE would be 328.60% of portfolio
2025-07-19 17:21:53,591 - risk_management.risk_engine - WARNING - Risk violation: insufficient_cash - Insufficient cash: need 232458.00, have 50000.00
2025-07-19 17:21:53,591 - risk_management.risk_engine - WARNING - Risk violation: max_single_position - Position in RELIANCE would be 330.37% of portfolio
2025-07-19 17:21:53,591 - risk_management.risk_engine - WARNING - Risk violation: insufficient_cash - Insufficient cash: need 235161.00, have 50000.00
2025-07-19 17:21:53,591 - risk_management.risk_engine - WARNING - Risk violation: max_single_position - Position in RELIANCE would be 332.13% of portfolio
2025-07-19 17:21:53,591 - risk_management.risk_engine - WARNING - Risk violation: insufficient_cash - Insufficient cash: need 237864.00, have 50000.00
2025-07-19 17:21:53,592 - risk_management.risk_engine - WARNING - Risk violation: max_single_position - Position in RELIANCE would be 333.90% of portfolio
2025-07-19 17:21:53,592 - risk_management.risk_engine - WARNING - Risk violation: insufficient_cash - Insufficient cash: need 240567.00, have 50000.00
2025-07-19 17:21:53,592 - risk_management.risk_engine - WARNING - Risk violation: max_single_position - Position in RELIANCE would be 335.67% of portfolio
2025-07-19 17:21:53,592 - risk_management.risk_engine - WARNING - Risk violation: insufficient_cash - Insufficient cash: need 243270.00, have 50000.00
2025-07-19 17:21:53,592 - risk_management.risk_engine - WARNING - Risk violation: max_single_position - Position in RELIANCE would be 337.43% of portfolio
2025-07-19 17:21:53,592 - risk_management.risk_engine - WARNING - Risk violation: insufficient_cash - Insufficient cash: need 245973.00, have 50000.00
2025-07-19 17:21:53,592 - risk_management.risk_engine - WARNING - Risk violation: max_single_position - Position in RELIANCE would be 339.20% of portfolio
2025-07-19 17:21:53,592 - risk_management.risk_engine - WARNING - Risk violation: insufficient_cash - Insufficient cash: need 248676.00, have 50000.00
2025-07-19 17:21:53,592 - risk_management.risk_engine - WARNING - Risk violation: max_single_position - Position in RELIANCE would be 340.97% of portfolio
2025-07-19 17:21:53,592 - risk_management.risk_engine - WARNING - Risk violation: insufficient_cash - Insufficient cash: need 251379.00, have 50000.00
2025-07-19 17:21:53,592 - risk_management.risk_engine - WARNING - Risk violation: max_single_position - Position in RELIANCE would be 342.73% of portfolio
2025-07-19 17:21:53,592 - risk_management.risk_engine - WARNING - Risk violation: insufficient_cash - Insufficient cash: need 254082.00, have 50000.00
2025-07-19 17:21:53,592 - risk_management.risk_engine - WARNING - Risk violation: max_single_position - Position in RELIANCE would be 344.50% of portfolio
2025-07-19 17:21:53,592 - risk_management.risk_engine - WARNING - Risk violation: insufficient_cash - Insufficient cash: need 256785.00, have 50000.00
2025-07-19 17:21:53,592 - risk_management.risk_engine - WARNING - Risk violation: max_single_position - Position in RELIANCE would be 346.27% of portfolio
2025-07-19 17:21:53,592 - risk_management.risk_engine - WARNING - Risk violation: insufficient_cash - Insufficient cash: need 259488.00, have 50000.00
2025-07-19 17:21:53,592 - risk_management.risk_engine - WARNING - Risk violation: max_single_position - Position in RELIANCE would be 348.03% of portfolio
2025-07-19 17:21:53,592 - risk_management.risk_engine - WARNING - Risk violation: insufficient_cash - Insufficient cash: need 262191.00, have 50000.00
2025-07-19 17:21:53,592 - risk_management.risk_engine - WARNING - Risk violation: max_single_position - Position in RELIANCE would be 349.80% of portfolio
2025-07-19 17:21:53,592 - risk_management.risk_engine - WARNING - Risk violation: insufficient_cash - Insufficient cash: need 264894.00, have 50000.00
2025-07-19 17:21:53,592 - risk_management.risk_engine - WARNING - Risk violation: max_single_position - Position in RELIANCE would be 351.57% of portfolio
2025-07-19 17:21:53,592 - risk_management.risk_engine - WARNING - Risk violation: insufficient_cash - Insufficient cash: need 267597.00, have 50000.00
2025-07-19 17:21:53,592 - risk_management.risk_engine - WARNING - Risk violation: max_single_position - Position in RELIANCE would be 353.33% of portfolio
2025-07-19 17:21:53,592 - risk_management.risk_engine - WARNING - Risk violation: insufficient_cash - Insufficient cash: need 270300.00, have 50000.00
2025-07-19 17:21:53,592 - risk_management.risk_engine - WARNING - Risk violation: max_single_position - Position in RELIANCE would be 355.10% of portfolio
2025-07-19 17:21:53,592 - risk_management.risk_engine - WARNING - Risk violation: insufficient_cash - Insufficient cash: need 273003.00, have 50000.00
2025-07-19 17:21:53,593 - risk_management.risk_engine - WARNING - Risk violation: max_single_position - Position in RELIANCE would be 356.87% of portfolio
2025-07-19 17:21:53,593 - risk_management.risk_engine - WARNING - Risk violation: insufficient_cash - Insufficient cash: need 275706.00, have 50000.00
2025-07-19 17:21:53,593 - risk_management.risk_engine - WARNING - Risk violation: max_single_position - Position in RELIANCE would be 358.63% of portfolio
2025-07-19 17:21:53,593 - risk_management.risk_engine - WARNING - Risk violation: insufficient_cash - Insufficient cash: need 278409.00, have 50000.00
2025-07-19 17:21:53,593 - risk_management.risk_engine - WARNING - Risk violation: max_single_position - Position in RELIANCE would be 360.40% of portfolio
2025-07-19 17:21:53,593 - risk_management.risk_engine - WARNING - Risk violation: insufficient_cash - Insufficient cash: need 281112.00, have 50000.00
2025-07-19 17:21:53,593 - risk_management.risk_engine - WARNING - Risk violation: max_single_position - Position in RELIANCE would be 362.17% of portfolio
2025-07-19 17:21:53,593 - risk_management.risk_engine - WARNING - Risk violation: insufficient_cash - Insufficient cash: need 283815.00, have 50000.00
2025-07-19 17:21:53,593 - risk_management.risk_engine - WARNING - Risk violation: max_single_position - Position in RELIANCE would be 363.93% of portfolio
2025-07-19 17:21:53,593 - risk_management.risk_engine - WARNING - Risk violation: insufficient_cash - Insufficient cash: need 286518.00, have 50000.00
2025-07-19 17:21:53,593 - risk_management.risk_engine - WARNING - Risk violation: max_single_position - Position in RELIANCE would be 365.70% of portfolio
2025-07-19 17:21:53,593 - risk_management.risk_engine - WARNING - Risk violation: insufficient_cash - Insufficient cash: need 289221.00, have 50000.00
2025-07-19 17:21:53,593 - risk_management.risk_engine - WARNING - Risk violation: max_single_position - Position in RELIANCE would be 367.47% of portfolio
2025-07-19 17:21:53,593 - risk_management.risk_engine - WARNING - Risk violation: insufficient_cash - Insufficient cash: need 291924.00, have 50000.00
2025-07-19 17:21:53,593 - risk_management.risk_engine - WARNING - Risk violation: max_single_position - Position in RELIANCE would be 369.23% of portfolio
2025-07-19 17:21:53,593 - risk_management.risk_engine - WARNING - Risk violation: insufficient_cash - Insufficient cash: need 294627.00, have 50000.00
2025-07-19 17:21:53,593 - data.storage - INFO - Database initialized successfully
2025-07-19 17:21:53,593 - brokers.zerodha_broker - INFO - Zerodha broker initialized in demo mode
2025-07-19 17:21:53,593 - brokers.zerodha_broker - INFO - Connecting to Zerodha API...
2025-07-19 17:21:53,593 - brokers.zerodha_broker - INFO - Running in DEMO mode - using mock broker
2025-07-19 17:21:53,601 - monitoring.dashboard - INFO - Trading dashboard initialized
2025-07-19 17:21:53,601 - controls.manual_override - INFO - Manual override system initialized for SECURITY_TEST
2025-07-19 17:21:53,601 - controls.manual_override - WARNING - User unauthorized_user not authorized for manual override
2025-07-19 17:21:53,601 - controls.manual_override - INFO - User Admin (authorized_user) granted system_control access
2025-07-19 17:21:53,604 - Phase3Verification - ERROR - Security test error: Traceback (most recent call last):
  File "/Users/priyanshpatidar/Documents/github/sip-algo-trading/phase3_verification.py", line 530, in test_security
  File "/Users/priyanshpatidar/Documents/github/sip-algo-trading/controls/manual_override.py", line 156, in start_override_session
    return None
TypeError: '<' not supported between instances of 'OverrideLevel' and 'OverrideLevel'

2025-07-19 17:23:50,093 - risk_management.risk_engine - INFO - Risk Engine initialized
2025-07-19 17:23:50,094 - risk_management.risk_engine - WARNING - Risk violation: max_single_position - Position in RELIANCE would be 353.33% of portfolio
2025-07-19 17:23:50,094 - risk_management.risk_engine - WARNING - Risk violation: insufficient_cash - Insufficient cash: need 270300.00, have 50000.00
2025-07-19 17:23:50,094 - risk_management.risk_engine - WARNING - Risk violation: max_single_position - Position in RELIANCE would be 17843.33% of portfolio
2025-07-19 17:23:50,094 - risk_management.risk_engine - WARNING - Risk violation: insufficient_cash - Insufficient cash: need 27030000.00, have 50000.00
2025-07-19 17:23:50,094 - risk_management.risk_engine - CRITICAL - EMERGENCY STOP ACTIVATED: Test emergency stop
2025-07-19 17:23:50,094 - risk_management.risk_engine - INFO - Emergency stop reset: Test reset
2025-07-19 17:23:50,100 - data.storage - INFO - Database initialized successfully
2025-07-19 17:23:50,101 - brokers.zerodha_broker - INFO - Zerodha broker initialized in demo mode
2025-07-19 17:23:50,101 - brokers.zerodha_broker - INFO - Connecting to Zerodha API...
2025-07-19 17:23:50,101 - brokers.zerodha_broker - INFO - Running in DEMO mode - using mock broker
2025-07-19 17:23:50,118 - monitoring.dashboard - INFO - Trading dashboard initialized
2025-07-19 17:23:50,143 - controls.circuit_breaker - INFO - Circuit breaker 'test_breaker' initialized with 2 triggers
2025-07-19 17:23:50,143 - controls.circuit_breaker - CRITICAL - CIRCUIT BREAKER TRIGGERED: test_breaker
2025-07-19 17:23:50,143 - controls.circuit_breaker - CRITICAL - Trigger: portfolio_loss
2025-07-19 17:23:50,143 - controls.circuit_breaker - CRITICAL - Current Value: -0.12
2025-07-19 17:23:50,143 - controls.circuit_breaker - CRITICAL - Threshold: 0.1
2025-07-19 17:23:50,143 - controls.circuit_breaker - CRITICAL - Breach Ratio: 1.20
2025-07-19 17:23:50,143 - controls.circuit_breaker - INFO - Circuit breaker 'test_breaker' entering cooldown until 2025-07-19 17:53:50.143164
2025-07-19 17:23:50,143 - Phase3Verification - ERROR - Emergency controls test error: Traceback (most recent call last):
  File "/Users/priyanshpatidar/Documents/github/sip-algo-trading/phase3_verification.py", line 312, in test_emergency_controls
    assert status['state'] == 'triggered'
AssertionError

2025-07-19 17:23:50,144 - risk_management.risk_engine - INFO - Risk Engine initialized
2025-07-19 17:23:50,144 - controls.emergency_stop - INFO - Emergency stop system initialized for INTEGRATION_TEST
2025-07-19 17:23:50,144 - risk_management.risk_engine - WARNING - Risk violation: max_single_position - Position in RELIANCE would be 15900.00% of portfolio
2025-07-19 17:23:50,144 - risk_management.risk_engine - WARNING - Risk violation: max_portfolio_drawdown - Portfolio drawdown is 20.00%
2025-07-19 17:23:50,144 - risk_management.risk_engine - WARNING - Risk violation: daily_loss_limit - Daily loss is 15.00%
2025-07-19 17:23:50,144 - risk_management.risk_engine - WARNING - Risk violation: insufficient_cash - Insufficient cash: need 13515000.00, have 10000.00
2025-07-19 17:23:50,144 - controls.emergency_stop - CRITICAL - EMERGENCY STOP ACTIVATED - Level: hard_stop
2025-07-19 17:23:50,144 - controls.emergency_stop - CRITICAL - Reason: risk_breach - Critical risk violation detected
2025-07-19 17:23:50,144 - controls.emergency_stop - CRITICAL - Initiated by: RISK_ENGINE
2025-07-19 17:23:50,144 - controls.emergency_stop - CRITICAL - Stop ID: e36c8d0f-1beb-4edc-b144-6aebb55144a1
2025-07-19 17:23:50,144 - data.storage - INFO - Database initialized successfully
2025-07-19 17:23:50,144 - brokers.zerodha_broker - INFO - Zerodha broker initialized in demo mode
2025-07-19 17:23:50,144 - brokers.zerodha_broker - INFO - Connecting to Zerodha API...
2025-07-19 17:23:50,144 - brokers.zerodha_broker - INFO - Running in DEMO mode - using mock broker
2025-07-19 17:23:50,151 - monitoring.dashboard - INFO - Trading dashboard initialized
2025-07-19 17:23:50,151 - risk_management.risk_engine - INFO - Risk Engine initialized
2025-07-19 17:23:50,151 - risk_management.risk_engine - WARNING - Risk violation: max_single_position - Position in RELIANCE would be 194.33% of portfolio
2025-07-19 17:23:50,152 - risk_management.risk_engine - WARNING - Risk violation: max_single_position - Position in RELIANCE would be 196.10% of portfolio
2025-07-19 17:23:50,152 - risk_management.risk_engine - WARNING - Risk violation: max_single_position - Position in RELIANCE would be 197.87% of portfolio
2025-07-19 17:23:50,152 - risk_management.risk_engine - WARNING - Risk violation: max_single_position - Position in RELIANCE would be 199.63% of portfolio
2025-07-19 17:23:50,152 - risk_management.risk_engine - WARNING - Risk violation: max_single_position - Position in RELIANCE would be 201.40% of portfolio
2025-07-19 17:23:50,152 - risk_management.risk_engine - WARNING - Risk violation: max_single_position - Position in RELIANCE would be 203.17% of portfolio
2025-07-19 17:23:50,152 - risk_management.risk_engine - WARNING - Risk violation: max_single_position - Position in RELIANCE would be 204.93% of portfolio
2025-07-19 17:23:50,152 - risk_management.risk_engine - WARNING - Risk violation: max_single_position - Position in RELIANCE would be 206.70% of portfolio
2025-07-19 17:23:50,152 - risk_management.risk_engine - WARNING - Risk violation: max_single_position - Position in RELIANCE would be 208.47% of portfolio
2025-07-19 17:23:50,152 - risk_management.risk_engine - WARNING - Risk violation: max_single_position - Position in RELIANCE would be 210.23% of portfolio
2025-07-19 17:23:50,152 - risk_management.risk_engine - WARNING - Risk violation: insufficient_cash - Insufficient cash: need 51357.00, have 50000.00
2025-07-19 17:23:50,152 - risk_management.risk_engine - WARNING - Risk violation: max_single_position - Position in RELIANCE would be 212.00% of portfolio
2025-07-19 17:23:50,152 - risk_management.risk_engine - WARNING - Risk violation: insufficient_cash - Insufficient cash: need 54060.00, have 50000.00
2025-07-19 17:23:50,152 - risk_management.risk_engine - WARNING - Risk violation: max_single_position - Position in RELIANCE would be 213.77% of portfolio
2025-07-19 17:23:50,152 - risk_management.risk_engine - WARNING - Risk violation: insufficient_cash - Insufficient cash: need 56763.00, have 50000.00
2025-07-19 17:23:50,152 - risk_management.risk_engine - WARNING - Risk violation: max_single_position - Position in RELIANCE would be 215.53% of portfolio
2025-07-19 17:23:50,152 - risk_management.risk_engine - WARNING - Risk violation: insufficient_cash - Insufficient cash: need 59466.00, have 50000.00
2025-07-19 17:23:50,152 - risk_management.risk_engine - WARNING - Risk violation: max_single_position - Position in RELIANCE would be 217.30% of portfolio
2025-07-19 17:23:50,152 - risk_management.risk_engine - WARNING - Risk violation: insufficient_cash - Insufficient cash: need 62169.00, have 50000.00
2025-07-19 17:23:50,152 - risk_management.risk_engine - WARNING - Risk violation: max_single_position - Position in RELIANCE would be 219.07% of portfolio
2025-07-19 17:23:50,152 - risk_management.risk_engine - WARNING - Risk violation: insufficient_cash - Insufficient cash: need 64872.00, have 50000.00
2025-07-19 17:23:50,152 - risk_management.risk_engine - WARNING - Risk violation: max_single_position - Position in RELIANCE would be 220.83% of portfolio
2025-07-19 17:23:50,152 - risk_management.risk_engine - WARNING - Risk violation: insufficient_cash - Insufficient cash: need 67575.00, have 50000.00
2025-07-19 17:23:50,152 - risk_management.risk_engine - WARNING - Risk violation: max_single_position - Position in RELIANCE would be 222.60% of portfolio
2025-07-19 17:23:50,152 - risk_management.risk_engine - WARNING - Risk violation: insufficient_cash - Insufficient cash: need 70278.00, have 50000.00
2025-07-19 17:23:50,152 - risk_management.risk_engine - WARNING - Risk violation: max_single_position - Position in RELIANCE would be 224.37% of portfolio
2025-07-19 17:23:50,152 - risk_management.risk_engine - WARNING - Risk violation: insufficient_cash - Insufficient cash: need 72981.00, have 50000.00
2025-07-19 17:23:50,152 - risk_management.risk_engine - WARNING - Risk violation: max_single_position - Position in RELIANCE would be 226.13% of portfolio
2025-07-19 17:23:50,152 - risk_management.risk_engine - WARNING - Risk violation: insufficient_cash - Insufficient cash: need 75684.00, have 50000.00
2025-07-19 17:23:50,152 - risk_management.risk_engine - WARNING - Risk violation: max_single_position - Position in RELIANCE would be 227.90% of portfolio
2025-07-19 17:23:50,152 - risk_management.risk_engine - WARNING - Risk violation: insufficient_cash - Insufficient cash: need 78387.00, have 50000.00
2025-07-19 17:23:50,152 - risk_management.risk_engine - WARNING - Risk violation: max_single_position - Position in RELIANCE would be 229.67% of portfolio
2025-07-19 17:23:50,152 - risk_management.risk_engine - WARNING - Risk violation: insufficient_cash - Insufficient cash: need 81090.00, have 50000.00
2025-07-19 17:23:50,152 - risk_management.risk_engine - WARNING - Risk violation: max_single_position - Position in RELIANCE would be 231.43% of portfolio
2025-07-19 17:23:50,152 - risk_management.risk_engine - WARNING - Risk violation: insufficient_cash - Insufficient cash: need 83793.00, have 50000.00
2025-07-19 17:23:50,152 - risk_management.risk_engine - WARNING - Risk violation: max_single_position - Position in RELIANCE would be 233.20% of portfolio
2025-07-19 17:23:50,152 - risk_management.risk_engine - WARNING - Risk violation: insufficient_cash - Insufficient cash: need 86496.00, have 50000.00
2025-07-19 17:23:50,152 - risk_management.risk_engine - WARNING - Risk violation: max_single_position - Position in RELIANCE would be 234.97% of portfolio
2025-07-19 17:23:50,152 - risk_management.risk_engine - WARNING - Risk violation: insufficient_cash - Insufficient cash: need 89199.00, have 50000.00
2025-07-19 17:23:50,152 - risk_management.risk_engine - WARNING - Risk violation: max_single_position - Position in RELIANCE would be 236.73% of portfolio
2025-07-19 17:23:50,152 - risk_management.risk_engine - WARNING - Risk violation: insufficient_cash - Insufficient cash: need 91902.00, have 50000.00
2025-07-19 17:23:50,153 - risk_management.risk_engine - WARNING - Risk violation: max_single_position - Position in RELIANCE would be 238.50% of portfolio
2025-07-19 17:23:50,153 - risk_management.risk_engine - WARNING - Risk violation: insufficient_cash - Insufficient cash: need 94605.00, have 50000.00
2025-07-19 17:23:50,153 - risk_management.risk_engine - WARNING - Risk violation: max_single_position - Position in RELIANCE would be 240.27% of portfolio
2025-07-19 17:23:50,153 - risk_management.risk_engine - WARNING - Risk violation: insufficient_cash - Insufficient cash: need 97308.00, have 50000.00
2025-07-19 17:23:50,153 - risk_management.risk_engine - WARNING - Risk violation: max_single_position - Position in RELIANCE would be 242.03% of portfolio
2025-07-19 17:23:50,153 - risk_management.risk_engine - WARNING - Risk violation: insufficient_cash - Insufficient cash: need 100011.00, have 50000.00
2025-07-19 17:23:50,153 - risk_management.risk_engine - WARNING - Risk violation: max_single_position - Position in RELIANCE would be 243.80% of portfolio
2025-07-19 17:23:50,153 - risk_management.risk_engine - WARNING - Risk violation: insufficient_cash - Insufficient cash: need 102714.00, have 50000.00
2025-07-19 17:23:50,153 - risk_management.risk_engine - WARNING - Risk violation: max_single_position - Position in RELIANCE would be 245.57% of portfolio
2025-07-19 17:23:50,153 - risk_management.risk_engine - WARNING - Risk violation: insufficient_cash - Insufficient cash: need 105417.00, have 50000.00
2025-07-19 17:23:50,153 - risk_management.risk_engine - WARNING - Risk violation: max_single_position - Position in RELIANCE would be 247.33% of portfolio
2025-07-19 17:23:50,153 - risk_management.risk_engine - WARNING - Risk violation: insufficient_cash - Insufficient cash: need 108120.00, have 50000.00
2025-07-19 17:23:50,153 - risk_management.risk_engine - WARNING - Risk violation: max_single_position - Position in RELIANCE would be 249.10% of portfolio
2025-07-19 17:23:50,153 - risk_management.risk_engine - WARNING - Risk violation: insufficient_cash - Insufficient cash: need 110823.00, have 50000.00
2025-07-19 17:23:50,153 - risk_management.risk_engine - WARNING - Risk violation: max_single_position - Position in RELIANCE would be 250.87% of portfolio
2025-07-19 17:23:50,153 - risk_management.risk_engine - WARNING - Risk violation: insufficient_cash - Insufficient cash: need 113526.00, have 50000.00
2025-07-19 17:23:50,153 - risk_management.risk_engine - WARNING - Risk violation: max_single_position - Position in RELIANCE would be 252.63% of portfolio
2025-07-19 17:23:50,153 - risk_management.risk_engine - WARNING - Risk violation: insufficient_cash - Insufficient cash: need 116229.00, have 50000.00
2025-07-19 17:23:50,153 - risk_management.risk_engine - WARNING - Risk violation: max_single_position - Position in RELIANCE would be 254.40% of portfolio
2025-07-19 17:23:50,153 - risk_management.risk_engine - WARNING - Risk violation: insufficient_cash - Insufficient cash: need 118932.00, have 50000.00
2025-07-19 17:23:50,153 - risk_management.risk_engine - WARNING - Risk violation: max_single_position - Position in RELIANCE would be 256.17% of portfolio
2025-07-19 17:23:50,153 - risk_management.risk_engine - WARNING - Risk violation: insufficient_cash - Insufficient cash: need 121635.00, have 50000.00
2025-07-19 17:23:50,153 - risk_management.risk_engine - WARNING - Risk violation: max_single_position - Position in RELIANCE would be 257.93% of portfolio
2025-07-19 17:23:50,153 - risk_management.risk_engine - WARNING - Risk violation: insufficient_cash - Insufficient cash: need 124338.00, have 50000.00
2025-07-19 17:23:50,153 - risk_management.risk_engine - WARNING - Risk violation: max_single_position - Position in RELIANCE would be 259.70% of portfolio
2025-07-19 17:23:50,153 - risk_management.risk_engine - WARNING - Risk violation: insufficient_cash - Insufficient cash: need 127041.00, have 50000.00
2025-07-19 17:23:50,153 - risk_management.risk_engine - WARNING - Risk violation: max_single_position - Position in RELIANCE would be 261.47% of portfolio
2025-07-19 17:23:50,153 - risk_management.risk_engine - WARNING - Risk violation: insufficient_cash - Insufficient cash: need 129744.00, have 50000.00
2025-07-19 17:23:50,153 - risk_management.risk_engine - WARNING - Risk violation: max_single_position - Position in RELIANCE would be 263.23% of portfolio
2025-07-19 17:23:50,153 - risk_management.risk_engine - WARNING - Risk violation: insufficient_cash - Insufficient cash: need 132447.00, have 50000.00
2025-07-19 17:23:50,153 - risk_management.risk_engine - WARNING - Risk violation: max_single_position - Position in RELIANCE would be 265.00% of portfolio
2025-07-19 17:23:50,153 - risk_management.risk_engine - WARNING - Risk violation: insufficient_cash - Insufficient cash: need 135150.00, have 50000.00
2025-07-19 17:23:50,153 - risk_management.risk_engine - WARNING - Risk violation: max_single_position - Position in RELIANCE would be 266.77% of portfolio
2025-07-19 17:23:50,153 - risk_management.risk_engine - WARNING - Risk violation: insufficient_cash - Insufficient cash: need 137853.00, have 50000.00
2025-07-19 17:23:50,153 - risk_management.risk_engine - WARNING - Risk violation: max_single_position - Position in RELIANCE would be 268.53% of portfolio
2025-07-19 17:23:50,153 - risk_management.risk_engine - WARNING - Risk violation: insufficient_cash - Insufficient cash: need 140556.00, have 50000.00
2025-07-19 17:23:50,153 - risk_management.risk_engine - WARNING - Risk violation: max_single_position - Position in RELIANCE would be 270.30% of portfolio
2025-07-19 17:23:50,153 - risk_management.risk_engine - WARNING - Risk violation: insufficient_cash - Insufficient cash: need 143259.00, have 50000.00
2025-07-19 17:23:50,153 - risk_management.risk_engine - WARNING - Risk violation: max_single_position - Position in RELIANCE would be 272.07% of portfolio
2025-07-19 17:23:50,153 - risk_management.risk_engine - WARNING - Risk violation: insufficient_cash - Insufficient cash: need 145962.00, have 50000.00
2025-07-19 17:23:50,153 - risk_management.risk_engine - WARNING - Risk violation: max_single_position - Position in RELIANCE would be 273.83% of portfolio
2025-07-19 17:23:50,153 - risk_management.risk_engine - WARNING - Risk violation: insufficient_cash - Insufficient cash: need 148665.00, have 50000.00
2025-07-19 17:23:50,154 - risk_management.risk_engine - WARNING - Risk violation: max_single_position - Position in RELIANCE would be 275.60% of portfolio
2025-07-19 17:23:50,154 - risk_management.risk_engine - WARNING - Risk violation: insufficient_cash - Insufficient cash: need 151368.00, have 50000.00
2025-07-19 17:23:50,154 - risk_management.risk_engine - WARNING - Risk violation: max_single_position - Position in RELIANCE would be 277.37% of portfolio
2025-07-19 17:23:50,154 - risk_management.risk_engine - WARNING - Risk violation: insufficient_cash - Insufficient cash: need 154071.00, have 50000.00
2025-07-19 17:23:50,154 - risk_management.risk_engine - WARNING - Risk violation: max_single_position - Position in RELIANCE would be 279.13% of portfolio
2025-07-19 17:23:50,154 - risk_management.risk_engine - WARNING - Risk violation: insufficient_cash - Insufficient cash: need 156774.00, have 50000.00
2025-07-19 17:23:50,154 - risk_management.risk_engine - WARNING - Risk violation: max_single_position - Position in RELIANCE would be 280.90% of portfolio
2025-07-19 17:23:50,154 - risk_management.risk_engine - WARNING - Risk violation: insufficient_cash - Insufficient cash: need 159477.00, have 50000.00
2025-07-19 17:23:50,154 - risk_management.risk_engine - WARNING - Risk violation: max_single_position - Position in RELIANCE would be 282.67% of portfolio
2025-07-19 17:23:50,154 - risk_management.risk_engine - WARNING - Risk violation: insufficient_cash - Insufficient cash: need 162180.00, have 50000.00
2025-07-19 17:23:50,154 - risk_management.risk_engine - WARNING - Risk violation: max_single_position - Position in RELIANCE would be 284.43% of portfolio
2025-07-19 17:23:50,154 - risk_management.risk_engine - WARNING - Risk violation: insufficient_cash - Insufficient cash: need 164883.00, have 50000.00
2025-07-19 17:23:50,154 - risk_management.risk_engine - WARNING - Risk violation: max_single_position - Position in RELIANCE would be 286.20% of portfolio
2025-07-19 17:23:50,154 - risk_management.risk_engine - WARNING - Risk violation: insufficient_cash - Insufficient cash: need 167586.00, have 50000.00
2025-07-19 17:23:50,154 - risk_management.risk_engine - WARNING - Risk violation: max_single_position - Position in RELIANCE would be 287.97% of portfolio
2025-07-19 17:23:50,154 - risk_management.risk_engine - WARNING - Risk violation: insufficient_cash - Insufficient cash: need 170289.00, have 50000.00
2025-07-19 17:23:50,154 - risk_management.risk_engine - WARNING - Risk violation: max_single_position - Position in RELIANCE would be 289.73% of portfolio
2025-07-19 17:23:50,154 - risk_management.risk_engine - WARNING - Risk violation: insufficient_cash - Insufficient cash: need 172992.00, have 50000.00
2025-07-19 17:23:50,154 - risk_management.risk_engine - WARNING - Risk violation: max_single_position - Position in RELIANCE would be 291.50% of portfolio
2025-07-19 17:23:50,154 - risk_management.risk_engine - WARNING - Risk violation: insufficient_cash - Insufficient cash: need 175695.00, have 50000.00
2025-07-19 17:23:50,154 - risk_management.risk_engine - WARNING - Risk violation: max_single_position - Position in RELIANCE would be 293.27% of portfolio
2025-07-19 17:23:50,154 - risk_management.risk_engine - WARNING - Risk violation: insufficient_cash - Insufficient cash: need 178398.00, have 50000.00
2025-07-19 17:23:50,154 - risk_management.risk_engine - WARNING - Risk violation: max_single_position - Position in RELIANCE would be 295.03% of portfolio
2025-07-19 17:23:50,154 - risk_management.risk_engine - WARNING - Risk violation: insufficient_cash - Insufficient cash: need 181101.00, have 50000.00
2025-07-19 17:23:50,154 - risk_management.risk_engine - WARNING - Risk violation: max_single_position - Position in RELIANCE would be 296.80% of portfolio
2025-07-19 17:23:50,154 - risk_management.risk_engine - WARNING - Risk violation: insufficient_cash - Insufficient cash: need 183804.00, have 50000.00
2025-07-19 17:23:50,154 - risk_management.risk_engine - WARNING - Risk violation: max_single_position - Position in RELIANCE would be 298.57% of portfolio
2025-07-19 17:23:50,154 - risk_management.risk_engine - WARNING - Risk violation: insufficient_cash - Insufficient cash: need 186507.00, have 50000.00
2025-07-19 17:23:50,154 - risk_management.risk_engine - WARNING - Risk violation: max_single_position - Position in RELIANCE would be 300.33% of portfolio
2025-07-19 17:23:50,154 - risk_management.risk_engine - WARNING - Risk violation: insufficient_cash - Insufficient cash: need 189210.00, have 50000.00
2025-07-19 17:23:50,154 - risk_management.risk_engine - WARNING - Risk violation: max_single_position - Position in RELIANCE would be 302.10% of portfolio
2025-07-19 17:23:50,154 - risk_management.risk_engine - WARNING - Risk violation: insufficient_cash - Insufficient cash: need 191913.00, have 50000.00
2025-07-19 17:23:50,154 - risk_management.risk_engine - WARNING - Risk violation: max_single_position - Position in RELIANCE would be 303.87% of portfolio
2025-07-19 17:23:50,154 - risk_management.risk_engine - WARNING - Risk violation: insufficient_cash - Insufficient cash: need 194616.00, have 50000.00
2025-07-19 17:23:50,154 - risk_management.risk_engine - WARNING - Risk violation: max_single_position - Position in RELIANCE would be 305.63% of portfolio
2025-07-19 17:23:50,154 - risk_management.risk_engine - WARNING - Risk violation: insufficient_cash - Insufficient cash: need 197319.00, have 50000.00
2025-07-19 17:23:50,154 - risk_management.risk_engine - WARNING - Risk violation: max_single_position - Position in RELIANCE would be 307.40% of portfolio
2025-07-19 17:23:50,154 - risk_management.risk_engine - WARNING - Risk violation: insufficient_cash - Insufficient cash: need 200022.00, have 50000.00
2025-07-19 17:23:50,154 - risk_management.risk_engine - WARNING - Risk violation: max_single_position - Position in RELIANCE would be 309.17% of portfolio
2025-07-19 17:23:50,154 - risk_management.risk_engine - WARNING - Risk violation: insufficient_cash - Insufficient cash: need 202725.00, have 50000.00
2025-07-19 17:23:50,155 - risk_management.risk_engine - WARNING - Risk violation: max_single_position - Position in RELIANCE would be 310.93% of portfolio
2025-07-19 17:23:50,155 - risk_management.risk_engine - WARNING - Risk violation: insufficient_cash - Insufficient cash: need 205428.00, have 50000.00
2025-07-19 17:23:50,155 - risk_management.risk_engine - WARNING - Risk violation: max_single_position - Position in RELIANCE would be 312.70% of portfolio
2025-07-19 17:23:50,155 - risk_management.risk_engine - WARNING - Risk violation: insufficient_cash - Insufficient cash: need 208131.00, have 50000.00
2025-07-19 17:23:50,155 - risk_management.risk_engine - WARNING - Risk violation: max_single_position - Position in RELIANCE would be 314.47% of portfolio
2025-07-19 17:23:50,155 - risk_management.risk_engine - WARNING - Risk violation: insufficient_cash - Insufficient cash: need 210834.00, have 50000.00
2025-07-19 17:23:50,155 - risk_management.risk_engine - WARNING - Risk violation: max_single_position - Position in RELIANCE would be 316.23% of portfolio
2025-07-19 17:23:50,155 - risk_management.risk_engine - WARNING - Risk violation: insufficient_cash - Insufficient cash: need 213537.00, have 50000.00
2025-07-19 17:23:50,155 - risk_management.risk_engine - WARNING - Risk violation: max_single_position - Position in RELIANCE would be 318.00% of portfolio
2025-07-19 17:23:50,155 - risk_management.risk_engine - WARNING - Risk violation: insufficient_cash - Insufficient cash: need 216240.00, have 50000.00
2025-07-19 17:23:50,155 - risk_management.risk_engine - WARNING - Risk violation: max_single_position - Position in RELIANCE would be 319.77% of portfolio
2025-07-19 17:23:50,155 - risk_management.risk_engine - WARNING - Risk violation: insufficient_cash - Insufficient cash: need 218943.00, have 50000.00
2025-07-19 17:23:50,155 - risk_management.risk_engine - WARNING - Risk violation: max_single_position - Position in RELIANCE would be 321.53% of portfolio
2025-07-19 17:23:50,155 - risk_management.risk_engine - WARNING - Risk violation: insufficient_cash - Insufficient cash: need 221646.00, have 50000.00
2025-07-19 17:23:50,155 - risk_management.risk_engine - WARNING - Risk violation: max_single_position - Position in RELIANCE would be 323.30% of portfolio
2025-07-19 17:23:50,155 - risk_management.risk_engine - WARNING - Risk violation: insufficient_cash - Insufficient cash: need 224349.00, have 50000.00
2025-07-19 17:23:50,155 - risk_management.risk_engine - WARNING - Risk violation: max_single_position - Position in RELIANCE would be 325.07% of portfolio
2025-07-19 17:23:50,155 - risk_management.risk_engine - WARNING - Risk violation: insufficient_cash - Insufficient cash: need 227052.00, have 50000.00
2025-07-19 17:23:50,155 - risk_management.risk_engine - WARNING - Risk violation: max_single_position - Position in RELIANCE would be 326.83% of portfolio
2025-07-19 17:23:50,155 - risk_management.risk_engine - WARNING - Risk violation: insufficient_cash - Insufficient cash: need 229755.00, have 50000.00
2025-07-19 17:23:50,155 - risk_management.risk_engine - WARNING - Risk violation: max_single_position - Position in RELIANCE would be 328.60% of portfolio
2025-07-19 17:23:50,155 - risk_management.risk_engine - WARNING - Risk violation: insufficient_cash - Insufficient cash: need 232458.00, have 50000.00
2025-07-19 17:23:50,155 - risk_management.risk_engine - WARNING - Risk violation: max_single_position - Position in RELIANCE would be 330.37% of portfolio
2025-07-19 17:23:50,155 - risk_management.risk_engine - WARNING - Risk violation: insufficient_cash - Insufficient cash: need 235161.00, have 50000.00
2025-07-19 17:23:50,155 - risk_management.risk_engine - WARNING - Risk violation: max_single_position - Position in RELIANCE would be 332.13% of portfolio
2025-07-19 17:23:50,155 - risk_management.risk_engine - WARNING - Risk violation: insufficient_cash - Insufficient cash: need 237864.00, have 50000.00
2025-07-19 17:23:50,155 - risk_management.risk_engine - WARNING - Risk violation: max_single_position - Position in RELIANCE would be 333.90% of portfolio
2025-07-19 17:23:50,155 - risk_management.risk_engine - WARNING - Risk violation: insufficient_cash - Insufficient cash: need 240567.00, have 50000.00
2025-07-19 17:23:50,155 - risk_management.risk_engine - WARNING - Risk violation: max_single_position - Position in RELIANCE would be 335.67% of portfolio
2025-07-19 17:23:50,155 - risk_management.risk_engine - WARNING - Risk violation: insufficient_cash - Insufficient cash: need 243270.00, have 50000.00
2025-07-19 17:23:50,155 - risk_management.risk_engine - WARNING - Risk violation: max_single_position - Position in RELIANCE would be 337.43% of portfolio
2025-07-19 17:23:50,155 - risk_management.risk_engine - WARNING - Risk violation: insufficient_cash - Insufficient cash: need 245973.00, have 50000.00
2025-07-19 17:23:50,155 - risk_management.risk_engine - WARNING - Risk violation: max_single_position - Position in RELIANCE would be 339.20% of portfolio
2025-07-19 17:23:50,155 - risk_management.risk_engine - WARNING - Risk violation: insufficient_cash - Insufficient cash: need 248676.00, have 50000.00
2025-07-19 17:23:50,155 - risk_management.risk_engine - WARNING - Risk violation: max_single_position - Position in RELIANCE would be 340.97% of portfolio
2025-07-19 17:23:50,155 - risk_management.risk_engine - WARNING - Risk violation: insufficient_cash - Insufficient cash: need 251379.00, have 50000.00
2025-07-19 17:23:50,155 - risk_management.risk_engine - WARNING - Risk violation: max_single_position - Position in RELIANCE would be 342.73% of portfolio
2025-07-19 17:23:50,155 - risk_management.risk_engine - WARNING - Risk violation: insufficient_cash - Insufficient cash: need 254082.00, have 50000.00
2025-07-19 17:23:50,155 - risk_management.risk_engine - WARNING - Risk violation: max_single_position - Position in RELIANCE would be 344.50% of portfolio
2025-07-19 17:23:50,155 - risk_management.risk_engine - WARNING - Risk violation: insufficient_cash - Insufficient cash: need 256785.00, have 50000.00
2025-07-19 17:23:50,155 - risk_management.risk_engine - WARNING - Risk violation: max_single_position - Position in RELIANCE would be 346.27% of portfolio
2025-07-19 17:23:50,155 - risk_management.risk_engine - WARNING - Risk violation: insufficient_cash - Insufficient cash: need 259488.00, have 50000.00
2025-07-19 17:23:50,155 - risk_management.risk_engine - WARNING - Risk violation: max_single_position - Position in RELIANCE would be 348.03% of portfolio
2025-07-19 17:23:50,155 - risk_management.risk_engine - WARNING - Risk violation: insufficient_cash - Insufficient cash: need 262191.00, have 50000.00
2025-07-19 17:23:50,156 - risk_management.risk_engine - WARNING - Risk violation: max_single_position - Position in RELIANCE would be 349.80% of portfolio
2025-07-19 17:23:50,156 - risk_management.risk_engine - WARNING - Risk violation: insufficient_cash - Insufficient cash: need 264894.00, have 50000.00
2025-07-19 17:23:50,156 - risk_management.risk_engine - WARNING - Risk violation: max_single_position - Position in RELIANCE would be 351.57% of portfolio
2025-07-19 17:23:50,156 - risk_management.risk_engine - WARNING - Risk violation: insufficient_cash - Insufficient cash: need 267597.00, have 50000.00
2025-07-19 17:23:50,156 - risk_management.risk_engine - WARNING - Risk violation: max_single_position - Position in RELIANCE would be 353.33% of portfolio
2025-07-19 17:23:50,156 - risk_management.risk_engine - WARNING - Risk violation: insufficient_cash - Insufficient cash: need 270300.00, have 50000.00
2025-07-19 17:23:50,156 - risk_management.risk_engine - WARNING - Risk violation: max_single_position - Position in RELIANCE would be 355.10% of portfolio
2025-07-19 17:23:50,156 - risk_management.risk_engine - WARNING - Risk violation: insufficient_cash - Insufficient cash: need 273003.00, have 50000.00
2025-07-19 17:23:50,156 - risk_management.risk_engine - WARNING - Risk violation: max_single_position - Position in RELIANCE would be 356.87% of portfolio
2025-07-19 17:23:50,156 - risk_management.risk_engine - WARNING - Risk violation: insufficient_cash - Insufficient cash: need 275706.00, have 50000.00
2025-07-19 17:23:50,156 - risk_management.risk_engine - WARNING - Risk violation: max_single_position - Position in RELIANCE would be 358.63% of portfolio
2025-07-19 17:23:50,156 - risk_management.risk_engine - WARNING - Risk violation: insufficient_cash - Insufficient cash: need 278409.00, have 50000.00
2025-07-19 17:23:50,156 - risk_management.risk_engine - WARNING - Risk violation: max_single_position - Position in RELIANCE would be 360.40% of portfolio
2025-07-19 17:23:50,156 - risk_management.risk_engine - WARNING - Risk violation: insufficient_cash - Insufficient cash: need 281112.00, have 50000.00
2025-07-19 17:23:50,156 - risk_management.risk_engine - WARNING - Risk violation: max_single_position - Position in RELIANCE would be 362.17% of portfolio
2025-07-19 17:23:50,156 - risk_management.risk_engine - WARNING - Risk violation: insufficient_cash - Insufficient cash: need 283815.00, have 50000.00
2025-07-19 17:23:50,156 - risk_management.risk_engine - WARNING - Risk violation: max_single_position - Position in RELIANCE would be 363.93% of portfolio
2025-07-19 17:23:50,156 - risk_management.risk_engine - WARNING - Risk violation: insufficient_cash - Insufficient cash: need 286518.00, have 50000.00
2025-07-19 17:23:50,156 - risk_management.risk_engine - WARNING - Risk violation: max_single_position - Position in RELIANCE would be 365.70% of portfolio
2025-07-19 17:23:50,156 - risk_management.risk_engine - WARNING - Risk violation: insufficient_cash - Insufficient cash: need 289221.00, have 50000.00
2025-07-19 17:23:50,156 - risk_management.risk_engine - WARNING - Risk violation: max_single_position - Position in RELIANCE would be 367.47% of portfolio
2025-07-19 17:23:50,156 - risk_management.risk_engine - WARNING - Risk violation: insufficient_cash - Insufficient cash: need 291924.00, have 50000.00
2025-07-19 17:23:50,156 - risk_management.risk_engine - WARNING - Risk violation: max_single_position - Position in RELIANCE would be 369.23% of portfolio
2025-07-19 17:23:50,156 - risk_management.risk_engine - WARNING - Risk violation: insufficient_cash - Insufficient cash: need 294627.00, have 50000.00
2025-07-19 17:23:50,157 - data.storage - INFO - Database initialized successfully
2025-07-19 17:23:50,157 - brokers.zerodha_broker - INFO - Zerodha broker initialized in demo mode
2025-07-19 17:23:50,157 - brokers.zerodha_broker - INFO - Connecting to Zerodha API...
2025-07-19 17:23:50,157 - brokers.zerodha_broker - INFO - Running in DEMO mode - using mock broker
2025-07-19 17:23:50,164 - monitoring.dashboard - INFO - Trading dashboard initialized
2025-07-19 17:23:50,164 - controls.manual_override - INFO - Manual override system initialized for SECURITY_TEST
2025-07-19 17:23:50,164 - controls.manual_override - WARNING - User unauthorized_user not authorized for manual override
2025-07-19 17:23:50,164 - controls.manual_override - INFO - User Admin (authorized_user) granted system_control access
2025-07-19 17:23:50,167 - Phase3Verification - ERROR - Security test error: Traceback (most recent call last):
  File "/Users/priyanshpatidar/Documents/github/sip-algo-trading/phase3_verification.py", line 531, in test_security
    session_id = manual_override.start_override_session(
  File "/Users/priyanshpatidar/Documents/github/sip-algo-trading/controls/manual_override.py", line 156, in start_override_session
    override_level=min(user_level, requested_level),
TypeError: '<' not supported between instances of 'OverrideLevel' and 'OverrideLevel'

2025-07-19 17:26:48,100 - risk_management.risk_engine - INFO - Risk Engine initialized
2025-07-19 17:26:48,101 - risk_management.risk_engine - WARNING - Risk violation: max_single_position - Position in RELIANCE would be 353.33% of portfolio
2025-07-19 17:26:48,101 - risk_management.risk_engine - WARNING - Risk violation: insufficient_cash - Insufficient cash: need 270300.00, have 50000.00
2025-07-19 17:26:48,101 - risk_management.risk_engine - WARNING - Risk violation: max_single_position - Position in RELIANCE would be 17843.33% of portfolio
2025-07-19 17:26:48,101 - risk_management.risk_engine - WARNING - Risk violation: insufficient_cash - Insufficient cash: need 27030000.00, have 50000.00
2025-07-19 17:26:48,101 - risk_management.risk_engine - CRITICAL - EMERGENCY STOP ACTIVATED: Test emergency stop
2025-07-19 17:26:48,101 - risk_management.risk_engine - INFO - Emergency stop reset: Test reset
2025-07-19 17:26:48,107 - data.storage - INFO - Database initialized successfully
2025-07-19 17:26:48,107 - brokers.zerodha_broker - INFO - Zerodha broker initialized in demo mode
2025-07-19 17:26:48,108 - brokers.zerodha_broker - INFO - Connecting to Zerodha API...
2025-07-19 17:26:48,108 - brokers.zerodha_broker - INFO - Running in DEMO mode - using mock broker
2025-07-19 17:26:48,124 - monitoring.dashboard - INFO - Trading dashboard initialized
2025-07-19 17:26:48,149 - controls.circuit_breaker - INFO - Circuit breaker 'test_breaker' initialized with 2 triggers
2025-07-19 17:26:48,149 - controls.circuit_breaker - CRITICAL - CIRCUIT BREAKER TRIGGERED: test_breaker
2025-07-19 17:26:48,149 - controls.circuit_breaker - CRITICAL - Trigger: portfolio_loss
2025-07-19 17:26:48,149 - controls.circuit_breaker - CRITICAL - Current Value: -0.12
2025-07-19 17:26:48,149 - controls.circuit_breaker - CRITICAL - Threshold: 0.1
2025-07-19 17:26:48,149 - controls.circuit_breaker - CRITICAL - Breach Ratio: 1.20
2025-07-19 17:26:48,149 - controls.circuit_breaker - INFO - Circuit breaker 'test_breaker' entering cooldown until 2025-07-19 17:56:48.149616
2025-07-19 17:26:48,150 - Phase3Verification - ERROR - Emergency controls test error: Traceback (most recent call last):
  File "/Users/priyanshpatidar/Documents/github/sip-algo-trading/phase3_verification.py", line 312, in test_emergency_controls
    assert status['state'] == 'triggered'
AssertionError

2025-07-19 17:26:48,150 - risk_management.risk_engine - INFO - Risk Engine initialized
2025-07-19 17:26:48,150 - controls.emergency_stop - INFO - Emergency stop system initialized for INTEGRATION_TEST
2025-07-19 17:26:48,150 - risk_management.risk_engine - WARNING - Risk violation: max_single_position - Position in RELIANCE would be 15900.00% of portfolio
2025-07-19 17:26:48,150 - risk_management.risk_engine - WARNING - Risk violation: max_portfolio_drawdown - Portfolio drawdown is 20.00%
2025-07-19 17:26:48,150 - risk_management.risk_engine - WARNING - Risk violation: daily_loss_limit - Daily loss is 15.00%
2025-07-19 17:26:48,150 - risk_management.risk_engine - WARNING - Risk violation: insufficient_cash - Insufficient cash: need 13515000.00, have 10000.00
2025-07-19 17:26:48,150 - controls.emergency_stop - CRITICAL - EMERGENCY STOP ACTIVATED - Level: hard_stop
2025-07-19 17:26:48,150 - controls.emergency_stop - CRITICAL - Reason: risk_breach - Critical risk violation detected
2025-07-19 17:26:48,150 - controls.emergency_stop - CRITICAL - Initiated by: RISK_ENGINE
2025-07-19 17:26:48,150 - controls.emergency_stop - CRITICAL - Stop ID: f70d5794-cdd2-4d7f-98cb-14c19bae2167
2025-07-19 17:26:48,151 - data.storage - INFO - Database initialized successfully
2025-07-19 17:26:48,151 - brokers.zerodha_broker - INFO - Zerodha broker initialized in demo mode
2025-07-19 17:26:48,151 - brokers.zerodha_broker - INFO - Connecting to Zerodha API...
2025-07-19 17:26:48,151 - brokers.zerodha_broker - INFO - Running in DEMO mode - using mock broker
2025-07-19 17:26:48,158 - monitoring.dashboard - INFO - Trading dashboard initialized
2025-07-19 17:26:48,158 - risk_management.risk_engine - INFO - Risk Engine initialized
2025-07-19 17:26:48,158 - risk_management.risk_engine - WARNING - Risk violation: max_single_position - Position in RELIANCE would be 194.33% of portfolio
2025-07-19 17:26:48,158 - risk_management.risk_engine - WARNING - Risk violation: max_single_position - Position in RELIANCE would be 196.10% of portfolio
2025-07-19 17:26:48,158 - risk_management.risk_engine - WARNING - Risk violation: max_single_position - Position in RELIANCE would be 197.87% of portfolio
2025-07-19 17:26:48,158 - risk_management.risk_engine - WARNING - Risk violation: max_single_position - Position in RELIANCE would be 199.63% of portfolio
2025-07-19 17:26:48,158 - risk_management.risk_engine - WARNING - Risk violation: max_single_position - Position in RELIANCE would be 201.40% of portfolio
2025-07-19 17:26:48,158 - risk_management.risk_engine - WARNING - Risk violation: max_single_position - Position in RELIANCE would be 203.17% of portfolio
2025-07-19 17:26:48,158 - risk_management.risk_engine - WARNING - Risk violation: max_single_position - Position in RELIANCE would be 204.93% of portfolio
2025-07-19 17:26:48,158 - risk_management.risk_engine - WARNING - Risk violation: max_single_position - Position in RELIANCE would be 206.70% of portfolio
2025-07-19 17:26:48,158 - risk_management.risk_engine - WARNING - Risk violation: max_single_position - Position in RELIANCE would be 208.47% of portfolio
2025-07-19 17:26:48,158 - risk_management.risk_engine - WARNING - Risk violation: max_single_position - Position in RELIANCE would be 210.23% of portfolio
2025-07-19 17:26:48,158 - risk_management.risk_engine - WARNING - Risk violation: insufficient_cash - Insufficient cash: need 51357.00, have 50000.00
2025-07-19 17:26:48,158 - risk_management.risk_engine - WARNING - Risk violation: max_single_position - Position in RELIANCE would be 212.00% of portfolio
2025-07-19 17:26:48,158 - risk_management.risk_engine - WARNING - Risk violation: insufficient_cash - Insufficient cash: need 54060.00, have 50000.00
2025-07-19 17:26:48,158 - risk_management.risk_engine - WARNING - Risk violation: max_single_position - Position in RELIANCE would be 213.77% of portfolio
2025-07-19 17:26:48,158 - risk_management.risk_engine - WARNING - Risk violation: insufficient_cash - Insufficient cash: need 56763.00, have 50000.00
2025-07-19 17:26:48,158 - risk_management.risk_engine - WARNING - Risk violation: max_single_position - Position in RELIANCE would be 215.53% of portfolio
2025-07-19 17:26:48,158 - risk_management.risk_engine - WARNING - Risk violation: insufficient_cash - Insufficient cash: need 59466.00, have 50000.00
2025-07-19 17:26:48,158 - risk_management.risk_engine - WARNING - Risk violation: max_single_position - Position in RELIANCE would be 217.30% of portfolio
2025-07-19 17:26:48,158 - risk_management.risk_engine - WARNING - Risk violation: insufficient_cash - Insufficient cash: need 62169.00, have 50000.00
2025-07-19 17:26:48,158 - risk_management.risk_engine - WARNING - Risk violation: max_single_position - Position in RELIANCE would be 219.07% of portfolio
2025-07-19 17:26:48,158 - risk_management.risk_engine - WARNING - Risk violation: insufficient_cash - Insufficient cash: need 64872.00, have 50000.00
2025-07-19 17:26:48,158 - risk_management.risk_engine - WARNING - Risk violation: max_single_position - Position in RELIANCE would be 220.83% of portfolio
2025-07-19 17:26:48,158 - risk_management.risk_engine - WARNING - Risk violation: insufficient_cash - Insufficient cash: need 67575.00, have 50000.00
2025-07-19 17:26:48,158 - risk_management.risk_engine - WARNING - Risk violation: max_single_position - Position in RELIANCE would be 222.60% of portfolio
2025-07-19 17:26:48,158 - risk_management.risk_engine - WARNING - Risk violation: insufficient_cash - Insufficient cash: need 70278.00, have 50000.00
2025-07-19 17:26:48,158 - risk_management.risk_engine - WARNING - Risk violation: max_single_position - Position in RELIANCE would be 224.37% of portfolio
2025-07-19 17:26:48,158 - risk_management.risk_engine - WARNING - Risk violation: insufficient_cash - Insufficient cash: need 72981.00, have 50000.00
2025-07-19 17:26:48,159 - risk_management.risk_engine - WARNING - Risk violation: max_single_position - Position in RELIANCE would be 226.13% of portfolio
2025-07-19 17:26:48,159 - risk_management.risk_engine - WARNING - Risk violation: insufficient_cash - Insufficient cash: need 75684.00, have 50000.00
2025-07-19 17:26:48,159 - risk_management.risk_engine - WARNING - Risk violation: max_single_position - Position in RELIANCE would be 227.90% of portfolio
2025-07-19 17:26:48,159 - risk_management.risk_engine - WARNING - Risk violation: insufficient_cash - Insufficient cash: need 78387.00, have 50000.00
2025-07-19 17:26:48,159 - risk_management.risk_engine - WARNING - Risk violation: max_single_position - Position in RELIANCE would be 229.67% of portfolio
2025-07-19 17:26:48,159 - risk_management.risk_engine - WARNING - Risk violation: insufficient_cash - Insufficient cash: need 81090.00, have 50000.00
2025-07-19 17:26:48,159 - risk_management.risk_engine - WARNING - Risk violation: max_single_position - Position in RELIANCE would be 231.43% of portfolio
2025-07-19 17:26:48,159 - risk_management.risk_engine - WARNING - Risk violation: insufficient_cash - Insufficient cash: need 83793.00, have 50000.00
2025-07-19 17:26:48,159 - risk_management.risk_engine - WARNING - Risk violation: max_single_position - Position in RELIANCE would be 233.20% of portfolio
2025-07-19 17:26:48,159 - risk_management.risk_engine - WARNING - Risk violation: insufficient_cash - Insufficient cash: need 86496.00, have 50000.00
2025-07-19 17:26:48,159 - risk_management.risk_engine - WARNING - Risk violation: max_single_position - Position in RELIANCE would be 234.97% of portfolio
2025-07-19 17:26:48,159 - risk_management.risk_engine - WARNING - Risk violation: insufficient_cash - Insufficient cash: need 89199.00, have 50000.00
2025-07-19 17:26:48,159 - risk_management.risk_engine - WARNING - Risk violation: max_single_position - Position in RELIANCE would be 236.73% of portfolio
2025-07-19 17:26:48,159 - risk_management.risk_engine - WARNING - Risk violation: insufficient_cash - Insufficient cash: need 91902.00, have 50000.00
2025-07-19 17:26:48,159 - risk_management.risk_engine - WARNING - Risk violation: max_single_position - Position in RELIANCE would be 238.50% of portfolio
2025-07-19 17:26:48,159 - risk_management.risk_engine - WARNING - Risk violation: insufficient_cash - Insufficient cash: need 94605.00, have 50000.00
2025-07-19 17:26:48,159 - risk_management.risk_engine - WARNING - Risk violation: max_single_position - Position in RELIANCE would be 240.27% of portfolio
2025-07-19 17:26:48,159 - risk_management.risk_engine - WARNING - Risk violation: insufficient_cash - Insufficient cash: need 97308.00, have 50000.00
2025-07-19 17:26:48,159 - risk_management.risk_engine - WARNING - Risk violation: max_single_position - Position in RELIANCE would be 242.03% of portfolio
2025-07-19 17:26:48,159 - risk_management.risk_engine - WARNING - Risk violation: insufficient_cash - Insufficient cash: need 100011.00, have 50000.00
2025-07-19 17:26:48,159 - risk_management.risk_engine - WARNING - Risk violation: max_single_position - Position in RELIANCE would be 243.80% of portfolio
2025-07-19 17:26:48,159 - risk_management.risk_engine - WARNING - Risk violation: insufficient_cash - Insufficient cash: need 102714.00, have 50000.00
2025-07-19 17:26:48,159 - risk_management.risk_engine - WARNING - Risk violation: max_single_position - Position in RELIANCE would be 245.57% of portfolio
2025-07-19 17:26:48,159 - risk_management.risk_engine - WARNING - Risk violation: insufficient_cash - Insufficient cash: need 105417.00, have 50000.00
2025-07-19 17:26:48,159 - risk_management.risk_engine - WARNING - Risk violation: max_single_position - Position in RELIANCE would be 247.33% of portfolio
2025-07-19 17:26:48,159 - risk_management.risk_engine - WARNING - Risk violation: insufficient_cash - Insufficient cash: need 108120.00, have 50000.00
2025-07-19 17:26:48,159 - risk_management.risk_engine - WARNING - Risk violation: max_single_position - Position in RELIANCE would be 249.10% of portfolio
2025-07-19 17:26:48,159 - risk_management.risk_engine - WARNING - Risk violation: insufficient_cash - Insufficient cash: need 110823.00, have 50000.00
2025-07-19 17:26:48,159 - risk_management.risk_engine - WARNING - Risk violation: max_single_position - Position in RELIANCE would be 250.87% of portfolio
2025-07-19 17:26:48,159 - risk_management.risk_engine - WARNING - Risk violation: insufficient_cash - Insufficient cash: need 113526.00, have 50000.00
2025-07-19 17:26:48,159 - risk_management.risk_engine - WARNING - Risk violation: max_single_position - Position in RELIANCE would be 252.63% of portfolio
2025-07-19 17:26:48,159 - risk_management.risk_engine - WARNING - Risk violation: insufficient_cash - Insufficient cash: need 116229.00, have 50000.00
2025-07-19 17:26:48,159 - risk_management.risk_engine - WARNING - Risk violation: max_single_position - Position in RELIANCE would be 254.40% of portfolio
2025-07-19 17:26:48,159 - risk_management.risk_engine - WARNING - Risk violation: insufficient_cash - Insufficient cash: need 118932.00, have 50000.00
2025-07-19 17:26:48,159 - risk_management.risk_engine - WARNING - Risk violation: max_single_position - Position in RELIANCE would be 256.17% of portfolio
2025-07-19 17:26:48,159 - risk_management.risk_engine - WARNING - Risk violation: insufficient_cash - Insufficient cash: need 121635.00, have 50000.00
2025-07-19 17:26:48,160 - risk_management.risk_engine - WARNING - Risk violation: max_single_position - Position in RELIANCE would be 257.93% of portfolio
2025-07-19 17:26:48,160 - risk_management.risk_engine - WARNING - Risk violation: insufficient_cash - Insufficient cash: need 124338.00, have 50000.00
2025-07-19 17:26:48,160 - risk_management.risk_engine - WARNING - Risk violation: max_single_position - Position in RELIANCE would be 259.70% of portfolio
2025-07-19 17:26:48,160 - risk_management.risk_engine - WARNING - Risk violation: insufficient_cash - Insufficient cash: need 127041.00, have 50000.00
2025-07-19 17:26:48,160 - risk_management.risk_engine - WARNING - Risk violation: max_single_position - Position in RELIANCE would be 261.47% of portfolio
2025-07-19 17:26:48,160 - risk_management.risk_engine - WARNING - Risk violation: insufficient_cash - Insufficient cash: need 129744.00, have 50000.00
2025-07-19 17:26:48,160 - risk_management.risk_engine - WARNING - Risk violation: max_single_position - Position in RELIANCE would be 263.23% of portfolio
2025-07-19 17:26:48,160 - risk_management.risk_engine - WARNING - Risk violation: insufficient_cash - Insufficient cash: need 132447.00, have 50000.00
2025-07-19 17:26:48,160 - risk_management.risk_engine - WARNING - Risk violation: max_single_position - Position in RELIANCE would be 265.00% of portfolio
2025-07-19 17:26:48,160 - risk_management.risk_engine - WARNING - Risk violation: insufficient_cash - Insufficient cash: need 135150.00, have 50000.00
2025-07-19 17:26:48,160 - risk_management.risk_engine - WARNING - Risk violation: max_single_position - Position in RELIANCE would be 266.77% of portfolio
2025-07-19 17:26:48,160 - risk_management.risk_engine - WARNING - Risk violation: insufficient_cash - Insufficient cash: need 137853.00, have 50000.00
2025-07-19 17:26:48,160 - risk_management.risk_engine - WARNING - Risk violation: max_single_position - Position in RELIANCE would be 268.53% of portfolio
2025-07-19 17:26:48,160 - risk_management.risk_engine - WARNING - Risk violation: insufficient_cash - Insufficient cash: need 140556.00, have 50000.00
2025-07-19 17:26:48,160 - risk_management.risk_engine - WARNING - Risk violation: max_single_position - Position in RELIANCE would be 270.30% of portfolio
2025-07-19 17:26:48,160 - risk_management.risk_engine - WARNING - Risk violation: insufficient_cash - Insufficient cash: need 143259.00, have 50000.00
2025-07-19 17:26:48,160 - risk_management.risk_engine - WARNING - Risk violation: max_single_position - Position in RELIANCE would be 272.07% of portfolio
2025-07-19 17:26:48,160 - risk_management.risk_engine - WARNING - Risk violation: insufficient_cash - Insufficient cash: need 145962.00, have 50000.00
2025-07-19 17:26:48,160 - risk_management.risk_engine - WARNING - Risk violation: max_single_position - Position in RELIANCE would be 273.83% of portfolio
2025-07-19 17:26:48,160 - risk_management.risk_engine - WARNING - Risk violation: insufficient_cash - Insufficient cash: need 148665.00, have 50000.00
2025-07-19 17:26:48,160 - risk_management.risk_engine - WARNING - Risk violation: max_single_position - Position in RELIANCE would be 275.60% of portfolio
2025-07-19 17:26:48,160 - risk_management.risk_engine - WARNING - Risk violation: insufficient_cash - Insufficient cash: need 151368.00, have 50000.00
2025-07-19 17:26:48,160 - risk_management.risk_engine - WARNING - Risk violation: max_single_position - Position in RELIANCE would be 277.37% of portfolio
2025-07-19 17:26:48,160 - risk_management.risk_engine - WARNING - Risk violation: insufficient_cash - Insufficient cash: need 154071.00, have 50000.00
2025-07-19 17:26:48,160 - risk_management.risk_engine - WARNING - Risk violation: max_single_position - Position in RELIANCE would be 279.13% of portfolio
2025-07-19 17:26:48,160 - risk_management.risk_engine - WARNING - Risk violation: insufficient_cash - Insufficient cash: need 156774.00, have 50000.00
2025-07-19 17:26:48,160 - risk_management.risk_engine - WARNING - Risk violation: max_single_position - Position in RELIANCE would be 280.90% of portfolio
2025-07-19 17:26:48,160 - risk_management.risk_engine - WARNING - Risk violation: insufficient_cash - Insufficient cash: need 159477.00, have 50000.00
2025-07-19 17:26:48,160 - risk_management.risk_engine - WARNING - Risk violation: max_single_position - Position in RELIANCE would be 282.67% of portfolio
2025-07-19 17:26:48,160 - risk_management.risk_engine - WARNING - Risk violation: insufficient_cash - Insufficient cash: need 162180.00, have 50000.00
2025-07-19 17:26:48,160 - risk_management.risk_engine - WARNING - Risk violation: max_single_position - Position in RELIANCE would be 284.43% of portfolio
2025-07-19 17:26:48,160 - risk_management.risk_engine - WARNING - Risk violation: insufficient_cash - Insufficient cash: need 164883.00, have 50000.00
2025-07-19 17:26:48,160 - risk_management.risk_engine - WARNING - Risk violation: max_single_position - Position in RELIANCE would be 286.20% of portfolio
2025-07-19 17:26:48,160 - risk_management.risk_engine - WARNING - Risk violation: insufficient_cash - Insufficient cash: need 167586.00, have 50000.00
2025-07-19 17:26:48,160 - risk_management.risk_engine - WARNING - Risk violation: max_single_position - Position in RELIANCE would be 287.97% of portfolio
2025-07-19 17:26:48,160 - risk_management.risk_engine - WARNING - Risk violation: insufficient_cash - Insufficient cash: need 170289.00, have 50000.00
2025-07-19 17:26:48,160 - risk_management.risk_engine - WARNING - Risk violation: max_single_position - Position in RELIANCE would be 289.73% of portfolio
2025-07-19 17:26:48,160 - risk_management.risk_engine - WARNING - Risk violation: insufficient_cash - Insufficient cash: need 172992.00, have 50000.00
2025-07-19 17:26:48,160 - risk_management.risk_engine - WARNING - Risk violation: max_single_position - Position in RELIANCE would be 291.50% of portfolio
2025-07-19 17:26:48,160 - risk_management.risk_engine - WARNING - Risk violation: insufficient_cash - Insufficient cash: need 175695.00, have 50000.00
2025-07-19 17:26:48,160 - risk_management.risk_engine - WARNING - Risk violation: max_single_position - Position in RELIANCE would be 293.27% of portfolio
2025-07-19 17:26:48,161 - risk_management.risk_engine - WARNING - Risk violation: insufficient_cash - Insufficient cash: need 178398.00, have 50000.00
2025-07-19 17:26:48,161 - risk_management.risk_engine - WARNING - Risk violation: max_single_position - Position in RELIANCE would be 295.03% of portfolio
2025-07-19 17:26:48,161 - risk_management.risk_engine - WARNING - Risk violation: insufficient_cash - Insufficient cash: need 181101.00, have 50000.00
2025-07-19 17:26:48,161 - risk_management.risk_engine - WARNING - Risk violation: max_single_position - Position in RELIANCE would be 296.80% of portfolio
2025-07-19 17:26:48,161 - risk_management.risk_engine - WARNING - Risk violation: insufficient_cash - Insufficient cash: need 183804.00, have 50000.00
2025-07-19 17:26:48,161 - risk_management.risk_engine - WARNING - Risk violation: max_single_position - Position in RELIANCE would be 298.57% of portfolio
2025-07-19 17:26:48,161 - risk_management.risk_engine - WARNING - Risk violation: insufficient_cash - Insufficient cash: need 186507.00, have 50000.00
2025-07-19 17:26:48,161 - risk_management.risk_engine - WARNING - Risk violation: max_single_position - Position in RELIANCE would be 300.33% of portfolio
2025-07-19 17:26:48,161 - risk_management.risk_engine - WARNING - Risk violation: insufficient_cash - Insufficient cash: need 189210.00, have 50000.00
2025-07-19 17:26:48,161 - risk_management.risk_engine - WARNING - Risk violation: max_single_position - Position in RELIANCE would be 302.10% of portfolio
2025-07-19 17:26:48,161 - risk_management.risk_engine - WARNING - Risk violation: insufficient_cash - Insufficient cash: need 191913.00, have 50000.00
2025-07-19 17:26:48,161 - risk_management.risk_engine - WARNING - Risk violation: max_single_position - Position in RELIANCE would be 303.87% of portfolio
2025-07-19 17:26:48,161 - risk_management.risk_engine - WARNING - Risk violation: insufficient_cash - Insufficient cash: need 194616.00, have 50000.00
2025-07-19 17:26:48,161 - risk_management.risk_engine - WARNING - Risk violation: max_single_position - Position in RELIANCE would be 305.63% of portfolio
2025-07-19 17:26:48,161 - risk_management.risk_engine - WARNING - Risk violation: insufficient_cash - Insufficient cash: need 197319.00, have 50000.00
2025-07-19 17:26:48,161 - risk_management.risk_engine - WARNING - Risk violation: max_single_position - Position in RELIANCE would be 307.40% of portfolio
2025-07-19 17:26:48,161 - risk_management.risk_engine - WARNING - Risk violation: insufficient_cash - Insufficient cash: need 200022.00, have 50000.00
2025-07-19 17:26:48,161 - risk_management.risk_engine - WARNING - Risk violation: max_single_position - Position in RELIANCE would be 309.17% of portfolio
2025-07-19 17:26:48,161 - risk_management.risk_engine - WARNING - Risk violation: insufficient_cash - Insufficient cash: need 202725.00, have 50000.00
2025-07-19 17:26:48,161 - risk_management.risk_engine - WARNING - Risk violation: max_single_position - Position in RELIANCE would be 310.93% of portfolio
2025-07-19 17:26:48,161 - risk_management.risk_engine - WARNING - Risk violation: insufficient_cash - Insufficient cash: need 205428.00, have 50000.00
2025-07-19 17:26:48,161 - risk_management.risk_engine - WARNING - Risk violation: max_single_position - Position in RELIANCE would be 312.70% of portfolio
2025-07-19 17:26:48,161 - risk_management.risk_engine - WARNING - Risk violation: insufficient_cash - Insufficient cash: need 208131.00, have 50000.00
2025-07-19 17:26:48,161 - risk_management.risk_engine - WARNING - Risk violation: max_single_position - Position in RELIANCE would be 314.47% of portfolio
2025-07-19 17:26:48,161 - risk_management.risk_engine - WARNING - Risk violation: insufficient_cash - Insufficient cash: need 210834.00, have 50000.00
2025-07-19 17:26:48,161 - risk_management.risk_engine - WARNING - Risk violation: max_single_position - Position in RELIANCE would be 316.23% of portfolio
2025-07-19 17:26:48,161 - risk_management.risk_engine - WARNING - Risk violation: insufficient_cash - Insufficient cash: need 213537.00, have 50000.00
2025-07-19 17:26:48,161 - risk_management.risk_engine - WARNING - Risk violation: max_single_position - Position in RELIANCE would be 318.00% of portfolio
2025-07-19 17:26:48,161 - risk_management.risk_engine - WARNING - Risk violation: insufficient_cash - Insufficient cash: need 216240.00, have 50000.00
2025-07-19 17:26:48,161 - risk_management.risk_engine - WARNING - Risk violation: max_single_position - Position in RELIANCE would be 319.77% of portfolio
2025-07-19 17:26:48,161 - risk_management.risk_engine - WARNING - Risk violation: insufficient_cash - Insufficient cash: need 218943.00, have 50000.00
2025-07-19 17:26:48,161 - risk_management.risk_engine - WARNING - Risk violation: max_single_position - Position in RELIANCE would be 321.53% of portfolio
2025-07-19 17:26:48,161 - risk_management.risk_engine - WARNING - Risk violation: insufficient_cash - Insufficient cash: need 221646.00, have 50000.00
2025-07-19 17:26:48,161 - risk_management.risk_engine - WARNING - Risk violation: max_single_position - Position in RELIANCE would be 323.30% of portfolio
2025-07-19 17:26:48,161 - risk_management.risk_engine - WARNING - Risk violation: insufficient_cash - Insufficient cash: need 224349.00, have 50000.00
2025-07-19 17:26:48,161 - risk_management.risk_engine - WARNING - Risk violation: max_single_position - Position in RELIANCE would be 325.07% of portfolio
2025-07-19 17:26:48,161 - risk_management.risk_engine - WARNING - Risk violation: insufficient_cash - Insufficient cash: need 227052.00, have 50000.00
2025-07-19 17:26:48,161 - risk_management.risk_engine - WARNING - Risk violation: max_single_position - Position in RELIANCE would be 326.83% of portfolio
2025-07-19 17:26:48,161 - risk_management.risk_engine - WARNING - Risk violation: insufficient_cash - Insufficient cash: need 229755.00, have 50000.00
2025-07-19 17:26:48,161 - risk_management.risk_engine - WARNING - Risk violation: max_single_position - Position in RELIANCE would be 328.60% of portfolio
2025-07-19 17:26:48,161 - risk_management.risk_engine - WARNING - Risk violation: insufficient_cash - Insufficient cash: need 232458.00, have 50000.00
2025-07-19 17:26:48,161 - risk_management.risk_engine - WARNING - Risk violation: max_single_position - Position in RELIANCE would be 330.37% of portfolio
2025-07-19 17:26:48,161 - risk_management.risk_engine - WARNING - Risk violation: insufficient_cash - Insufficient cash: need 235161.00, have 50000.00
2025-07-19 17:26:48,161 - risk_management.risk_engine - WARNING - Risk violation: max_single_position - Position in RELIANCE would be 332.13% of portfolio
2025-07-19 17:26:48,161 - risk_management.risk_engine - WARNING - Risk violation: insufficient_cash - Insufficient cash: need 237864.00, have 50000.00
2025-07-19 17:26:48,161 - risk_management.risk_engine - WARNING - Risk violation: max_single_position - Position in RELIANCE would be 333.90% of portfolio
2025-07-19 17:26:48,162 - risk_management.risk_engine - WARNING - Risk violation: insufficient_cash - Insufficient cash: need 240567.00, have 50000.00
2025-07-19 17:26:48,162 - risk_management.risk_engine - WARNING - Risk violation: max_single_position - Position in RELIANCE would be 335.67% of portfolio
2025-07-19 17:26:48,162 - risk_management.risk_engine - WARNING - Risk violation: insufficient_cash - Insufficient cash: need 243270.00, have 50000.00
2025-07-19 17:26:48,162 - risk_management.risk_engine - WARNING - Risk violation: max_single_position - Position in RELIANCE would be 337.43% of portfolio
2025-07-19 17:26:48,162 - risk_management.risk_engine - WARNING - Risk violation: insufficient_cash - Insufficient cash: need 245973.00, have 50000.00
2025-07-19 17:26:48,162 - risk_management.risk_engine - WARNING - Risk violation: max_single_position - Position in RELIANCE would be 339.20% of portfolio
2025-07-19 17:26:48,162 - risk_management.risk_engine - WARNING - Risk violation: insufficient_cash - Insufficient cash: need 248676.00, have 50000.00
2025-07-19 17:26:48,162 - risk_management.risk_engine - WARNING - Risk violation: max_single_position - Position in RELIANCE would be 340.97% of portfolio
2025-07-19 17:26:48,162 - risk_management.risk_engine - WARNING - Risk violation: insufficient_cash - Insufficient cash: need 251379.00, have 50000.00
2025-07-19 17:26:48,162 - risk_management.risk_engine - WARNING - Risk violation: max_single_position - Position in RELIANCE would be 342.73% of portfolio
2025-07-19 17:26:48,162 - risk_management.risk_engine - WARNING - Risk violation: insufficient_cash - Insufficient cash: need 254082.00, have 50000.00
2025-07-19 17:26:48,162 - risk_management.risk_engine - WARNING - Risk violation: max_single_position - Position in RELIANCE would be 344.50% of portfolio
2025-07-19 17:26:48,162 - risk_management.risk_engine - WARNING - Risk violation: insufficient_cash - Insufficient cash: need 256785.00, have 50000.00
2025-07-19 17:26:48,162 - risk_management.risk_engine - WARNING - Risk violation: max_single_position - Position in RELIANCE would be 346.27% of portfolio
2025-07-19 17:26:48,162 - risk_management.risk_engine - WARNING - Risk violation: insufficient_cash - Insufficient cash: need 259488.00, have 50000.00
2025-07-19 17:26:48,162 - risk_management.risk_engine - WARNING - Risk violation: max_single_position - Position in RELIANCE would be 348.03% of portfolio
2025-07-19 17:26:48,162 - risk_management.risk_engine - WARNING - Risk violation: insufficient_cash - Insufficient cash: need 262191.00, have 50000.00
2025-07-19 17:26:48,162 - risk_management.risk_engine - WARNING - Risk violation: max_single_position - Position in RELIANCE would be 349.80% of portfolio
2025-07-19 17:26:48,162 - risk_management.risk_engine - WARNING - Risk violation: insufficient_cash - Insufficient cash: need 264894.00, have 50000.00
2025-07-19 17:26:48,162 - risk_management.risk_engine - WARNING - Risk violation: max_single_position - Position in RELIANCE would be 351.57% of portfolio
2025-07-19 17:26:48,162 - risk_management.risk_engine - WARNING - Risk violation: insufficient_cash - Insufficient cash: need 267597.00, have 50000.00
2025-07-19 17:26:48,162 - risk_management.risk_engine - WARNING - Risk violation: max_single_position - Position in RELIANCE would be 353.33% of portfolio
2025-07-19 17:26:48,162 - risk_management.risk_engine - WARNING - Risk violation: insufficient_cash - Insufficient cash: need 270300.00, have 50000.00
2025-07-19 17:26:48,162 - risk_management.risk_engine - WARNING - Risk violation: max_single_position - Position in RELIANCE would be 355.10% of portfolio
2025-07-19 17:26:48,162 - risk_management.risk_engine - WARNING - Risk violation: insufficient_cash - Insufficient cash: need 273003.00, have 50000.00
2025-07-19 17:26:48,162 - risk_management.risk_engine - WARNING - Risk violation: max_single_position - Position in RELIANCE would be 356.87% of portfolio
2025-07-19 17:26:48,162 - risk_management.risk_engine - WARNING - Risk violation: insufficient_cash - Insufficient cash: need 275706.00, have 50000.00
2025-07-19 17:26:48,162 - risk_management.risk_engine - WARNING - Risk violation: max_single_position - Position in RELIANCE would be 358.63% of portfolio
2025-07-19 17:26:48,162 - risk_management.risk_engine - WARNING - Risk violation: insufficient_cash - Insufficient cash: need 278409.00, have 50000.00
2025-07-19 17:26:48,162 - risk_management.risk_engine - WARNING - Risk violation: max_single_position - Position in RELIANCE would be 360.40% of portfolio
2025-07-19 17:26:48,162 - risk_management.risk_engine - WARNING - Risk violation: insufficient_cash - Insufficient cash: need 281112.00, have 50000.00
2025-07-19 17:26:48,162 - risk_management.risk_engine - WARNING - Risk violation: max_single_position - Position in RELIANCE would be 362.17% of portfolio
2025-07-19 17:26:48,162 - risk_management.risk_engine - WARNING - Risk violation: insufficient_cash - Insufficient cash: need 283815.00, have 50000.00
2025-07-19 17:26:48,162 - risk_management.risk_engine - WARNING - Risk violation: max_single_position - Position in RELIANCE would be 363.93% of portfolio
2025-07-19 17:26:48,162 - risk_management.risk_engine - WARNING - Risk violation: insufficient_cash - Insufficient cash: need 286518.00, have 50000.00
2025-07-19 17:26:48,162 - risk_management.risk_engine - WARNING - Risk violation: max_single_position - Position in RELIANCE would be 365.70% of portfolio
2025-07-19 17:26:48,162 - risk_management.risk_engine - WARNING - Risk violation: insufficient_cash - Insufficient cash: need 289221.00, have 50000.00
2025-07-19 17:26:48,162 - risk_management.risk_engine - WARNING - Risk violation: max_single_position - Position in RELIANCE would be 367.47% of portfolio
2025-07-19 17:26:48,162 - risk_management.risk_engine - WARNING - Risk violation: insufficient_cash - Insufficient cash: need 291924.00, have 50000.00
2025-07-19 17:26:48,162 - risk_management.risk_engine - WARNING - Risk violation: max_single_position - Position in RELIANCE would be 369.23% of portfolio
2025-07-19 17:26:48,162 - risk_management.risk_engine - WARNING - Risk violation: insufficient_cash - Insufficient cash: need 294627.00, have 50000.00
2025-07-19 17:26:48,163 - data.storage - INFO - Database initialized successfully
2025-07-19 17:26:48,163 - brokers.zerodha_broker - INFO - Zerodha broker initialized in demo mode
2025-07-19 17:26:48,163 - brokers.zerodha_broker - INFO - Connecting to Zerodha API...
2025-07-19 17:26:48,163 - brokers.zerodha_broker - INFO - Running in DEMO mode - using mock broker
2025-07-19 17:26:48,170 - monitoring.dashboard - INFO - Trading dashboard initialized
2025-07-19 17:26:48,170 - controls.manual_override - INFO - Manual override system initialized for SECURITY_TEST
2025-07-19 17:26:48,170 - controls.manual_override - WARNING - User unauthorized_user not authorized for manual override
2025-07-19 17:26:48,170 - controls.manual_override - INFO - User Admin (authorized_user) granted SYSTEM_CONTROL access
2025-07-19 17:26:48,170 - controls.manual_override - INFO - Override session started: OVERRIDE_20250719_172648_e56c52fa
2025-07-19 17:26:48,170 - controls.manual_override - INFO - User: Admin (authorized_user)
2025-07-19 17:26:48,170 - controls.manual_override - INFO - Level: PARAMETER_ADJUST
2025-07-19 17:26:48,170 - controls.manual_override - INFO - Reason: Legitimate access
2025-07-19 17:26:48,171 - controls.manual_override - WARNING - Action override_circuit_breaker not permitted for session OVERRIDE_20250719_172648_e56c52fa
2025-07-19 17:26:48,171 - controls.manual_override - INFO - Override session ended: OVERRIDE_20250719_172648_e56c52fa
2025-07-19 17:26:48,171 - controls.manual_override - INFO - Duration: 0:00:00.000122
2025-07-19 17:26:48,171 - controls.manual_override - INFO - Actions performed: 0
2025-07-19 17:26:48,171 - controls.manual_override - INFO - Reason: Security test completed
2025-07-19 17:26:48,171 - controls.emergency_stop - INFO - Emergency stop system initialized for SECURITY_TEST
2025-07-19 17:26:48,171 - controls.emergency_stop - CRITICAL - EMERGENCY STOP ACTIVATED - Level: hard_stop
2025-07-19 17:26:48,171 - controls.emergency_stop - CRITICAL - Reason: manual_stop - Security test stop
2025-07-19 17:26:48,171 - controls.emergency_stop - CRITICAL - Initiated by: security_test
2025-07-19 17:26:48,171 - controls.emergency_stop - CRITICAL - Stop ID: 8c47e058-bec0-45fc-8f71-72b09d546bf7
2025-07-19 17:26:48,171 - controls.emergency_stop - INFO - Recovery initiated by unauthorized: Bypass attempt
2025-07-19 17:27:11,046 - controls.circuit_breaker - INFO - Circuit breaker 'test_breaker' initialized with 2 triggers
2025-07-19 17:27:11,047 - controls.circuit_breaker - CRITICAL - CIRCUIT BREAKER TRIGGERED: test_breaker
2025-07-19 17:27:11,047 - controls.circuit_breaker - CRITICAL - Trigger: portfolio_loss
2025-07-19 17:27:11,047 - controls.circuit_breaker - CRITICAL - Current Value: -0.12
2025-07-19 17:27:11,047 - controls.circuit_breaker - CRITICAL - Threshold: 0.1
2025-07-19 17:27:11,047 - controls.circuit_breaker - CRITICAL - Breach Ratio: 1.20
2025-07-19 17:27:11,048 - controls.circuit_breaker - INFO - Circuit breaker 'test_breaker' entering cooldown until 2025-07-19 17:57:11.047054
2025-07-19 17:27:11,048 - Phase3Verification - ERROR - Emergency controls test error: Traceback (most recent call last):
  File "/Users/priyanshpatidar/Documents/github/sip-algo-trading/phase3_verification.py", line 312, in test_emergency_controls
    assert status['state'] == 'triggered'
AssertionError

2025-07-19 17:29:35,904 - risk_management.risk_engine - INFO - Risk Engine initialized
2025-07-19 17:29:35,904 - risk_management.risk_engine - WARNING - Risk violation: max_single_position - Position in RELIANCE would be 353.33% of portfolio
2025-07-19 17:29:35,904 - risk_management.risk_engine - WARNING - Risk violation: insufficient_cash - Insufficient cash: need 270300.00, have 50000.00
2025-07-19 17:29:35,905 - risk_management.risk_engine - WARNING - Risk violation: max_single_position - Position in RELIANCE would be 17843.33% of portfolio
2025-07-19 17:29:35,905 - risk_management.risk_engine - WARNING - Risk violation: insufficient_cash - Insufficient cash: need 27030000.00, have 50000.00
2025-07-19 17:29:35,905 - risk_management.risk_engine - CRITICAL - EMERGENCY STOP ACTIVATED: Test emergency stop
2025-07-19 17:29:35,905 - risk_management.risk_engine - INFO - Emergency stop reset: Test reset
2025-07-19 17:29:35,906 - data.storage - INFO - Database initialized successfully
2025-07-19 17:29:35,906 - brokers.zerodha_broker - INFO - Zerodha broker initialized in demo mode
2025-07-19 17:29:35,907 - brokers.zerodha_broker - INFO - Connecting to Zerodha API...
2025-07-19 17:29:35,907 - brokers.zerodha_broker - INFO - Running in DEMO mode - using mock broker
2025-07-19 17:29:35,923 - monitoring.dashboard - INFO - Trading dashboard initialized
2025-07-19 17:29:35,928 - controls.circuit_breaker - INFO - Circuit breaker 'test_breaker' initialized with 2 triggers
2025-07-19 17:29:35,928 - controls.circuit_breaker - CRITICAL - CIRCUIT BREAKER TRIGGERED: test_breaker
2025-07-19 17:29:35,928 - controls.circuit_breaker - CRITICAL - Trigger: portfolio_loss
2025-07-19 17:29:35,928 - controls.circuit_breaker - CRITICAL - Current Value: -0.12
2025-07-19 17:29:35,928 - controls.circuit_breaker - CRITICAL - Threshold: 0.1
2025-07-19 17:29:35,928 - controls.circuit_breaker - CRITICAL - Breach Ratio: 1.20
2025-07-19 17:29:35,928 - controls.circuit_breaker - INFO - Circuit breaker 'test_breaker' entering cooldown until 2025-07-19 17:59:35.928112
2025-07-19 17:29:35,929 - Phase3Verification - ERROR - Emergency controls test error: Traceback (most recent call last):
  File "/Users/priyanshpatidar/Documents/github/sip-algo-trading/phase3_verification.py", line 312, in test_emergency_controls
    portfolio_state = {
AssertionError

2025-07-19 17:29:35,929 - risk_management.risk_engine - INFO - Risk Engine initialized
2025-07-19 17:29:35,929 - controls.emergency_stop - INFO - Emergency stop system initialized for INTEGRATION_TEST
2025-07-19 17:29:35,929 - risk_management.risk_engine - WARNING - Risk violation: max_single_position - Position in RELIANCE would be 15900.00% of portfolio
2025-07-19 17:29:35,929 - risk_management.risk_engine - WARNING - Risk violation: max_portfolio_drawdown - Portfolio drawdown is 20.00%
2025-07-19 17:29:35,929 - risk_management.risk_engine - WARNING - Risk violation: daily_loss_limit - Daily loss is 15.00%
2025-07-19 17:29:35,929 - risk_management.risk_engine - WARNING - Risk violation: insufficient_cash - Insufficient cash: need 13515000.00, have 10000.00
2025-07-19 17:29:35,929 - controls.emergency_stop - CRITICAL - EMERGENCY STOP ACTIVATED - Level: hard_stop
2025-07-19 17:29:35,929 - controls.emergency_stop - CRITICAL - Reason: risk_breach - Critical risk violation detected
2025-07-19 17:29:35,929 - controls.emergency_stop - CRITICAL - Initiated by: RISK_ENGINE
2025-07-19 17:29:35,929 - controls.emergency_stop - CRITICAL - Stop ID: f2facfa8-dc1d-4c52-a0b7-a5f34352e631
2025-07-19 17:29:35,930 - data.storage - INFO - Database initialized successfully
2025-07-19 17:29:35,930 - brokers.zerodha_broker - INFO - Zerodha broker initialized in demo mode
2025-07-19 17:29:35,930 - brokers.zerodha_broker - INFO - Connecting to Zerodha API...
2025-07-19 17:29:35,930 - brokers.zerodha_broker - INFO - Running in DEMO mode - using mock broker
2025-07-19 17:29:35,939 - monitoring.dashboard - INFO - Trading dashboard initialized
2025-07-19 17:29:35,939 - risk_management.risk_engine - INFO - Risk Engine initialized
2025-07-19 17:29:35,939 - risk_management.risk_engine - WARNING - Risk violation: max_single_position - Position in RELIANCE would be 194.33% of portfolio
2025-07-19 17:29:35,939 - risk_management.risk_engine - WARNING - Risk violation: max_single_position - Position in RELIANCE would be 196.10% of portfolio
2025-07-19 17:29:35,939 - risk_management.risk_engine - WARNING - Risk violation: max_single_position - Position in RELIANCE would be 197.87% of portfolio
2025-07-19 17:29:35,939 - risk_management.risk_engine - WARNING - Risk violation: max_single_position - Position in RELIANCE would be 199.63% of portfolio
2025-07-19 17:29:35,939 - risk_management.risk_engine - WARNING - Risk violation: max_single_position - Position in RELIANCE would be 201.40% of portfolio
2025-07-19 17:29:35,939 - risk_management.risk_engine - WARNING - Risk violation: max_single_position - Position in RELIANCE would be 203.17% of portfolio
2025-07-19 17:29:35,939 - risk_management.risk_engine - WARNING - Risk violation: max_single_position - Position in RELIANCE would be 204.93% of portfolio
2025-07-19 17:29:35,939 - risk_management.risk_engine - WARNING - Risk violation: max_single_position - Position in RELIANCE would be 206.70% of portfolio
2025-07-19 17:29:35,939 - risk_management.risk_engine - WARNING - Risk violation: max_single_position - Position in RELIANCE would be 208.47% of portfolio
2025-07-19 17:29:35,939 - risk_management.risk_engine - WARNING - Risk violation: max_single_position - Position in RELIANCE would be 210.23% of portfolio
2025-07-19 17:29:35,940 - risk_management.risk_engine - WARNING - Risk violation: insufficient_cash - Insufficient cash: need 51357.00, have 50000.00
2025-07-19 17:29:35,940 - risk_management.risk_engine - WARNING - Risk violation: max_single_position - Position in RELIANCE would be 212.00% of portfolio
2025-07-19 17:29:35,940 - risk_management.risk_engine - WARNING - Risk violation: insufficient_cash - Insufficient cash: need 54060.00, have 50000.00
2025-07-19 17:29:35,940 - risk_management.risk_engine - WARNING - Risk violation: max_single_position - Position in RELIANCE would be 213.77% of portfolio
2025-07-19 17:29:35,940 - risk_management.risk_engine - WARNING - Risk violation: insufficient_cash - Insufficient cash: need 56763.00, have 50000.00
2025-07-19 17:29:35,940 - risk_management.risk_engine - WARNING - Risk violation: max_single_position - Position in RELIANCE would be 215.53% of portfolio
2025-07-19 17:29:35,940 - risk_management.risk_engine - WARNING - Risk violation: insufficient_cash - Insufficient cash: need 59466.00, have 50000.00
2025-07-19 17:29:35,940 - risk_management.risk_engine - WARNING - Risk violation: max_single_position - Position in RELIANCE would be 217.30% of portfolio
2025-07-19 17:29:35,940 - risk_management.risk_engine - WARNING - Risk violation: insufficient_cash - Insufficient cash: need 62169.00, have 50000.00
2025-07-19 17:29:35,940 - risk_management.risk_engine - WARNING - Risk violation: max_single_position - Position in RELIANCE would be 219.07% of portfolio
2025-07-19 17:29:35,940 - risk_management.risk_engine - WARNING - Risk violation: insufficient_cash - Insufficient cash: need 64872.00, have 50000.00
2025-07-19 17:29:35,940 - risk_management.risk_engine - WARNING - Risk violation: max_single_position - Position in RELIANCE would be 220.83% of portfolio
2025-07-19 17:29:35,940 - risk_management.risk_engine - WARNING - Risk violation: insufficient_cash - Insufficient cash: need 67575.00, have 50000.00
2025-07-19 17:29:35,940 - risk_management.risk_engine - WARNING - Risk violation: max_single_position - Position in RELIANCE would be 222.60% of portfolio
2025-07-19 17:29:35,940 - risk_management.risk_engine - WARNING - Risk violation: insufficient_cash - Insufficient cash: need 70278.00, have 50000.00
2025-07-19 17:29:35,940 - risk_management.risk_engine - WARNING - Risk violation: max_single_position - Position in RELIANCE would be 224.37% of portfolio
2025-07-19 17:29:35,940 - risk_management.risk_engine - WARNING - Risk violation: insufficient_cash - Insufficient cash: need 72981.00, have 50000.00
2025-07-19 17:29:35,940 - risk_management.risk_engine - WARNING - Risk violation: max_single_position - Position in RELIANCE would be 226.13% of portfolio
2025-07-19 17:29:35,940 - risk_management.risk_engine - WARNING - Risk violation: insufficient_cash - Insufficient cash: need 75684.00, have 50000.00
2025-07-19 17:29:35,940 - risk_management.risk_engine - WARNING - Risk violation: max_single_position - Position in RELIANCE would be 227.90% of portfolio
2025-07-19 17:29:35,940 - risk_management.risk_engine - WARNING - Risk violation: insufficient_cash - Insufficient cash: need 78387.00, have 50000.00
2025-07-19 17:29:35,940 - risk_management.risk_engine - WARNING - Risk violation: max_single_position - Position in RELIANCE would be 229.67% of portfolio
2025-07-19 17:29:35,940 - risk_management.risk_engine - WARNING - Risk violation: insufficient_cash - Insufficient cash: need 81090.00, have 50000.00
2025-07-19 17:29:35,940 - risk_management.risk_engine - WARNING - Risk violation: max_single_position - Position in RELIANCE would be 231.43% of portfolio
2025-07-19 17:29:35,940 - risk_management.risk_engine - WARNING - Risk violation: insufficient_cash - Insufficient cash: need 83793.00, have 50000.00
2025-07-19 17:29:35,940 - risk_management.risk_engine - WARNING - Risk violation: max_single_position - Position in RELIANCE would be 233.20% of portfolio
2025-07-19 17:29:35,940 - risk_management.risk_engine - WARNING - Risk violation: insufficient_cash - Insufficient cash: need 86496.00, have 50000.00
2025-07-19 17:29:35,940 - risk_management.risk_engine - WARNING - Risk violation: max_single_position - Position in RELIANCE would be 234.97% of portfolio
2025-07-19 17:29:35,940 - risk_management.risk_engine - WARNING - Risk violation: insufficient_cash - Insufficient cash: need 89199.00, have 50000.00
2025-07-19 17:29:35,940 - risk_management.risk_engine - WARNING - Risk violation: max_single_position - Position in RELIANCE would be 236.73% of portfolio
2025-07-19 17:29:35,940 - risk_management.risk_engine - WARNING - Risk violation: insufficient_cash - Insufficient cash: need 91902.00, have 50000.00
2025-07-19 17:29:35,941 - risk_management.risk_engine - WARNING - Risk violation: max_single_position - Position in RELIANCE would be 238.50% of portfolio
2025-07-19 17:29:35,941 - risk_management.risk_engine - WARNING - Risk violation: insufficient_cash - Insufficient cash: need 94605.00, have 50000.00
2025-07-19 17:29:35,941 - risk_management.risk_engine - WARNING - Risk violation: max_single_position - Position in RELIANCE would be 240.27% of portfolio
2025-07-19 17:29:35,941 - risk_management.risk_engine - WARNING - Risk violation: insufficient_cash - Insufficient cash: need 97308.00, have 50000.00
2025-07-19 17:29:35,941 - risk_management.risk_engine - WARNING - Risk violation: max_single_position - Position in RELIANCE would be 242.03% of portfolio
2025-07-19 17:29:35,941 - risk_management.risk_engine - WARNING - Risk violation: insufficient_cash - Insufficient cash: need 100011.00, have 50000.00
2025-07-19 17:29:35,941 - risk_management.risk_engine - WARNING - Risk violation: max_single_position - Position in RELIANCE would be 243.80% of portfolio
2025-07-19 17:29:35,941 - risk_management.risk_engine - WARNING - Risk violation: insufficient_cash - Insufficient cash: need 102714.00, have 50000.00
2025-07-19 17:29:35,941 - risk_management.risk_engine - WARNING - Risk violation: max_single_position - Position in RELIANCE would be 245.57% of portfolio
2025-07-19 17:29:35,941 - risk_management.risk_engine - WARNING - Risk violation: insufficient_cash - Insufficient cash: need 105417.00, have 50000.00
2025-07-19 17:29:35,941 - risk_management.risk_engine - WARNING - Risk violation: max_single_position - Position in RELIANCE would be 247.33% of portfolio
2025-07-19 17:29:35,941 - risk_management.risk_engine - WARNING - Risk violation: insufficient_cash - Insufficient cash: need 108120.00, have 50000.00
2025-07-19 17:29:35,941 - risk_management.risk_engine - WARNING - Risk violation: max_single_position - Position in RELIANCE would be 249.10% of portfolio
2025-07-19 17:29:35,941 - risk_management.risk_engine - WARNING - Risk violation: insufficient_cash - Insufficient cash: need 110823.00, have 50000.00
2025-07-19 17:29:35,941 - risk_management.risk_engine - WARNING - Risk violation: max_single_position - Position in RELIANCE would be 250.87% of portfolio
2025-07-19 17:29:35,941 - risk_management.risk_engine - WARNING - Risk violation: insufficient_cash - Insufficient cash: need 113526.00, have 50000.00
2025-07-19 17:29:35,941 - risk_management.risk_engine - WARNING - Risk violation: max_single_position - Position in RELIANCE would be 252.63% of portfolio
2025-07-19 17:29:35,941 - risk_management.risk_engine - WARNING - Risk violation: insufficient_cash - Insufficient cash: need 116229.00, have 50000.00
2025-07-19 17:29:35,941 - risk_management.risk_engine - WARNING - Risk violation: max_single_position - Position in RELIANCE would be 254.40% of portfolio
2025-07-19 17:29:35,941 - risk_management.risk_engine - WARNING - Risk violation: insufficient_cash - Insufficient cash: need 118932.00, have 50000.00
2025-07-19 17:29:35,941 - risk_management.risk_engine - WARNING - Risk violation: max_single_position - Position in RELIANCE would be 256.17% of portfolio
2025-07-19 17:29:35,941 - risk_management.risk_engine - WARNING - Risk violation: insufficient_cash - Insufficient cash: need 121635.00, have 50000.00
2025-07-19 17:29:35,941 - risk_management.risk_engine - WARNING - Risk violation: max_single_position - Position in RELIANCE would be 257.93% of portfolio
2025-07-19 17:29:35,941 - risk_management.risk_engine - WARNING - Risk violation: insufficient_cash - Insufficient cash: need 124338.00, have 50000.00
2025-07-19 17:29:35,941 - risk_management.risk_engine - WARNING - Risk violation: max_single_position - Position in RELIANCE would be 259.70% of portfolio
2025-07-19 17:29:35,941 - risk_management.risk_engine - WARNING - Risk violation: insufficient_cash - Insufficient cash: need 127041.00, have 50000.00
2025-07-19 17:29:35,941 - risk_management.risk_engine - WARNING - Risk violation: max_single_position - Position in RELIANCE would be 261.47% of portfolio
2025-07-19 17:29:35,941 - risk_management.risk_engine - WARNING - Risk violation: insufficient_cash - Insufficient cash: need 129744.00, have 50000.00
2025-07-19 17:29:35,941 - risk_management.risk_engine - WARNING - Risk violation: max_single_position - Position in RELIANCE would be 263.23% of portfolio
2025-07-19 17:29:35,941 - risk_management.risk_engine - WARNING - Risk violation: insufficient_cash - Insufficient cash: need 132447.00, have 50000.00
2025-07-19 17:29:35,941 - risk_management.risk_engine - WARNING - Risk violation: max_single_position - Position in RELIANCE would be 265.00% of portfolio
2025-07-19 17:29:35,941 - risk_management.risk_engine - WARNING - Risk violation: insufficient_cash - Insufficient cash: need 135150.00, have 50000.00
2025-07-19 17:29:35,941 - risk_management.risk_engine - WARNING - Risk violation: max_single_position - Position in RELIANCE would be 266.77% of portfolio
2025-07-19 17:29:35,941 - risk_management.risk_engine - WARNING - Risk violation: insufficient_cash - Insufficient cash: need 137853.00, have 50000.00
2025-07-19 17:29:35,941 - risk_management.risk_engine - WARNING - Risk violation: max_single_position - Position in RELIANCE would be 268.53% of portfolio
2025-07-19 17:29:35,941 - risk_management.risk_engine - WARNING - Risk violation: insufficient_cash - Insufficient cash: need 140556.00, have 50000.00
2025-07-19 17:29:35,941 - risk_management.risk_engine - WARNING - Risk violation: max_single_position - Position in RELIANCE would be 270.30% of portfolio
2025-07-19 17:29:35,941 - risk_management.risk_engine - WARNING - Risk violation: insufficient_cash - Insufficient cash: need 143259.00, have 50000.00
2025-07-19 17:29:35,941 - risk_management.risk_engine - WARNING - Risk violation: max_single_position - Position in RELIANCE would be 272.07% of portfolio
2025-07-19 17:29:35,942 - risk_management.risk_engine - WARNING - Risk violation: insufficient_cash - Insufficient cash: need 145962.00, have 50000.00
2025-07-19 17:29:35,942 - risk_management.risk_engine - WARNING - Risk violation: max_single_position - Position in RELIANCE would be 273.83% of portfolio
2025-07-19 17:29:35,942 - risk_management.risk_engine - WARNING - Risk violation: insufficient_cash - Insufficient cash: need 148665.00, have 50000.00
2025-07-19 17:29:35,942 - risk_management.risk_engine - WARNING - Risk violation: max_single_position - Position in RELIANCE would be 275.60% of portfolio
2025-07-19 17:29:35,942 - risk_management.risk_engine - WARNING - Risk violation: insufficient_cash - Insufficient cash: need 151368.00, have 50000.00
2025-07-19 17:29:35,942 - risk_management.risk_engine - WARNING - Risk violation: max_single_position - Position in RELIANCE would be 277.37% of portfolio
2025-07-19 17:29:35,942 - risk_management.risk_engine - WARNING - Risk violation: insufficient_cash - Insufficient cash: need 154071.00, have 50000.00
2025-07-19 17:29:35,942 - risk_management.risk_engine - WARNING - Risk violation: max_single_position - Position in RELIANCE would be 279.13% of portfolio
2025-07-19 17:29:35,942 - risk_management.risk_engine - WARNING - Risk violation: insufficient_cash - Insufficient cash: need 156774.00, have 50000.00
2025-07-19 17:29:35,942 - risk_management.risk_engine - WARNING - Risk violation: max_single_position - Position in RELIANCE would be 280.90% of portfolio
2025-07-19 17:29:35,942 - risk_management.risk_engine - WARNING - Risk violation: insufficient_cash - Insufficient cash: need 159477.00, have 50000.00
2025-07-19 17:29:35,942 - risk_management.risk_engine - WARNING - Risk violation: max_single_position - Position in RELIANCE would be 282.67% of portfolio
2025-07-19 17:29:35,942 - risk_management.risk_engine - WARNING - Risk violation: insufficient_cash - Insufficient cash: need 162180.00, have 50000.00
2025-07-19 17:29:35,942 - risk_management.risk_engine - WARNING - Risk violation: max_single_position - Position in RELIANCE would be 284.43% of portfolio
2025-07-19 17:29:35,942 - risk_management.risk_engine - WARNING - Risk violation: insufficient_cash - Insufficient cash: need 164883.00, have 50000.00
2025-07-19 17:29:35,942 - risk_management.risk_engine - WARNING - Risk violation: max_single_position - Position in RELIANCE would be 286.20% of portfolio
2025-07-19 17:29:35,942 - risk_management.risk_engine - WARNING - Risk violation: insufficient_cash - Insufficient cash: need 167586.00, have 50000.00
2025-07-19 17:29:35,942 - risk_management.risk_engine - WARNING - Risk violation: max_single_position - Position in RELIANCE would be 287.97% of portfolio
2025-07-19 17:29:35,942 - risk_management.risk_engine - WARNING - Risk violation: insufficient_cash - Insufficient cash: need 170289.00, have 50000.00
2025-07-19 17:29:35,942 - risk_management.risk_engine - WARNING - Risk violation: max_single_position - Position in RELIANCE would be 289.73% of portfolio
2025-07-19 17:29:35,942 - risk_management.risk_engine - WARNING - Risk violation: insufficient_cash - Insufficient cash: need 172992.00, have 50000.00
2025-07-19 17:29:35,942 - risk_management.risk_engine - WARNING - Risk violation: max_single_position - Position in RELIANCE would be 291.50% of portfolio
2025-07-19 17:29:35,942 - risk_management.risk_engine - WARNING - Risk violation: insufficient_cash - Insufficient cash: need 175695.00, have 50000.00
2025-07-19 17:29:35,942 - risk_management.risk_engine - WARNING - Risk violation: max_single_position - Position in RELIANCE would be 293.27% of portfolio
2025-07-19 17:29:35,942 - risk_management.risk_engine - WARNING - Risk violation: insufficient_cash - Insufficient cash: need 178398.00, have 50000.00
2025-07-19 17:29:35,942 - risk_management.risk_engine - WARNING - Risk violation: max_single_position - Position in RELIANCE would be 295.03% of portfolio
2025-07-19 17:29:35,942 - risk_management.risk_engine - WARNING - Risk violation: insufficient_cash - Insufficient cash: need 181101.00, have 50000.00
2025-07-19 17:29:35,942 - risk_management.risk_engine - WARNING - Risk violation: max_single_position - Position in RELIANCE would be 296.80% of portfolio
2025-07-19 17:29:35,942 - risk_management.risk_engine - WARNING - Risk violation: insufficient_cash - Insufficient cash: need 183804.00, have 50000.00
2025-07-19 17:29:35,942 - risk_management.risk_engine - WARNING - Risk violation: max_single_position - Position in RELIANCE would be 298.57% of portfolio
2025-07-19 17:29:35,942 - risk_management.risk_engine - WARNING - Risk violation: insufficient_cash - Insufficient cash: need 186507.00, have 50000.00
2025-07-19 17:29:35,942 - risk_management.risk_engine - WARNING - Risk violation: max_single_position - Position in RELIANCE would be 300.33% of portfolio
2025-07-19 17:29:35,942 - risk_management.risk_engine - WARNING - Risk violation: insufficient_cash - Insufficient cash: need 189210.00, have 50000.00
2025-07-19 17:29:35,942 - risk_management.risk_engine - WARNING - Risk violation: max_single_position - Position in RELIANCE would be 302.10% of portfolio
2025-07-19 17:29:35,942 - risk_management.risk_engine - WARNING - Risk violation: insufficient_cash - Insufficient cash: need 191913.00, have 50000.00
2025-07-19 17:29:35,942 - risk_management.risk_engine - WARNING - Risk violation: max_single_position - Position in RELIANCE would be 303.87% of portfolio
2025-07-19 17:29:35,942 - risk_management.risk_engine - WARNING - Risk violation: insufficient_cash - Insufficient cash: need 194616.00, have 50000.00
2025-07-19 17:29:35,942 - risk_management.risk_engine - WARNING - Risk violation: max_single_position - Position in RELIANCE would be 305.63% of portfolio
2025-07-19 17:29:35,942 - risk_management.risk_engine - WARNING - Risk violation: insufficient_cash - Insufficient cash: need 197319.00, have 50000.00
2025-07-19 17:29:35,942 - risk_management.risk_engine - WARNING - Risk violation: max_single_position - Position in RELIANCE would be 307.40% of portfolio
2025-07-19 17:29:35,943 - risk_management.risk_engine - WARNING - Risk violation: insufficient_cash - Insufficient cash: need 200022.00, have 50000.00
2025-07-19 17:29:35,943 - risk_management.risk_engine - WARNING - Risk violation: max_single_position - Position in RELIANCE would be 309.17% of portfolio
2025-07-19 17:29:35,943 - risk_management.risk_engine - WARNING - Risk violation: insufficient_cash - Insufficient cash: need 202725.00, have 50000.00
2025-07-19 17:29:35,943 - risk_management.risk_engine - WARNING - Risk violation: max_single_position - Position in RELIANCE would be 310.93% of portfolio
2025-07-19 17:29:35,943 - risk_management.risk_engine - WARNING - Risk violation: insufficient_cash - Insufficient cash: need 205428.00, have 50000.00
2025-07-19 17:29:35,943 - risk_management.risk_engine - WARNING - Risk violation: max_single_position - Position in RELIANCE would be 312.70% of portfolio
2025-07-19 17:29:35,943 - risk_management.risk_engine - WARNING - Risk violation: insufficient_cash - Insufficient cash: need 208131.00, have 50000.00
2025-07-19 17:29:35,943 - risk_management.risk_engine - WARNING - Risk violation: max_single_position - Position in RELIANCE would be 314.47% of portfolio
2025-07-19 17:29:35,943 - risk_management.risk_engine - WARNING - Risk violation: insufficient_cash - Insufficient cash: need 210834.00, have 50000.00
2025-07-19 17:29:35,943 - risk_management.risk_engine - WARNING - Risk violation: max_single_position - Position in RELIANCE would be 316.23% of portfolio
2025-07-19 17:29:35,943 - risk_management.risk_engine - WARNING - Risk violation: insufficient_cash - Insufficient cash: need 213537.00, have 50000.00
2025-07-19 17:29:35,943 - risk_management.risk_engine - WARNING - Risk violation: max_single_position - Position in RELIANCE would be 318.00% of portfolio
2025-07-19 17:29:35,943 - risk_management.risk_engine - WARNING - Risk violation: insufficient_cash - Insufficient cash: need 216240.00, have 50000.00
2025-07-19 17:29:35,943 - risk_management.risk_engine - WARNING - Risk violation: max_single_position - Position in RELIANCE would be 319.77% of portfolio
2025-07-19 17:29:35,943 - risk_management.risk_engine - WARNING - Risk violation: insufficient_cash - Insufficient cash: need 218943.00, have 50000.00
2025-07-19 17:29:35,943 - risk_management.risk_engine - WARNING - Risk violation: max_single_position - Position in RELIANCE would be 321.53% of portfolio
2025-07-19 17:29:35,943 - risk_management.risk_engine - WARNING - Risk violation: insufficient_cash - Insufficient cash: need 221646.00, have 50000.00
2025-07-19 17:29:35,943 - risk_management.risk_engine - WARNING - Risk violation: max_single_position - Position in RELIANCE would be 323.30% of portfolio
2025-07-19 17:29:35,943 - risk_management.risk_engine - WARNING - Risk violation: insufficient_cash - Insufficient cash: need 224349.00, have 50000.00
2025-07-19 17:29:35,943 - risk_management.risk_engine - WARNING - Risk violation: max_single_position - Position in RELIANCE would be 325.07% of portfolio
2025-07-19 17:29:35,943 - risk_management.risk_engine - WARNING - Risk violation: insufficient_cash - Insufficient cash: need 227052.00, have 50000.00
2025-07-19 17:29:35,943 - risk_management.risk_engine - WARNING - Risk violation: max_single_position - Position in RELIANCE would be 326.83% of portfolio
2025-07-19 17:29:35,943 - risk_management.risk_engine - WARNING - Risk violation: insufficient_cash - Insufficient cash: need 229755.00, have 50000.00
2025-07-19 17:29:35,943 - risk_management.risk_engine - WARNING - Risk violation: max_single_position - Position in RELIANCE would be 328.60% of portfolio
2025-07-19 17:29:35,943 - risk_management.risk_engine - WARNING - Risk violation: insufficient_cash - Insufficient cash: need 232458.00, have 50000.00
2025-07-19 17:29:35,943 - risk_management.risk_engine - WARNING - Risk violation: max_single_position - Position in RELIANCE would be 330.37% of portfolio
2025-07-19 17:29:35,943 - risk_management.risk_engine - WARNING - Risk violation: insufficient_cash - Insufficient cash: need 235161.00, have 50000.00
2025-07-19 17:29:35,943 - risk_management.risk_engine - WARNING - Risk violation: max_single_position - Position in RELIANCE would be 332.13% of portfolio
2025-07-19 17:29:35,943 - risk_management.risk_engine - WARNING - Risk violation: insufficient_cash - Insufficient cash: need 237864.00, have 50000.00
2025-07-19 17:29:35,943 - risk_management.risk_engine - WARNING - Risk violation: max_single_position - Position in RELIANCE would be 333.90% of portfolio
2025-07-19 17:29:35,943 - risk_management.risk_engine - WARNING - Risk violation: insufficient_cash - Insufficient cash: need 240567.00, have 50000.00
2025-07-19 17:29:35,943 - risk_management.risk_engine - WARNING - Risk violation: max_single_position - Position in RELIANCE would be 335.67% of portfolio
2025-07-19 17:29:35,943 - risk_management.risk_engine - WARNING - Risk violation: insufficient_cash - Insufficient cash: need 243270.00, have 50000.00
2025-07-19 17:29:35,943 - risk_management.risk_engine - WARNING - Risk violation: max_single_position - Position in RELIANCE would be 337.43% of portfolio
2025-07-19 17:29:35,944 - risk_management.risk_engine - WARNING - Risk violation: insufficient_cash - Insufficient cash: need 245973.00, have 50000.00
2025-07-19 17:29:35,944 - risk_management.risk_engine - WARNING - Risk violation: max_single_position - Position in RELIANCE would be 339.20% of portfolio
2025-07-19 17:29:35,944 - risk_management.risk_engine - WARNING - Risk violation: insufficient_cash - Insufficient cash: need 248676.00, have 50000.00
2025-07-19 17:29:35,944 - risk_management.risk_engine - WARNING - Risk violation: max_single_position - Position in RELIANCE would be 340.97% of portfolio
2025-07-19 17:29:35,944 - risk_management.risk_engine - WARNING - Risk violation: insufficient_cash - Insufficient cash: need 251379.00, have 50000.00
2025-07-19 17:29:35,944 - risk_management.risk_engine - WARNING - Risk violation: max_single_position - Position in RELIANCE would be 342.73% of portfolio
2025-07-19 17:29:35,944 - risk_management.risk_engine - WARNING - Risk violation: insufficient_cash - Insufficient cash: need 254082.00, have 50000.00
2025-07-19 17:29:35,944 - risk_management.risk_engine - WARNING - Risk violation: max_single_position - Position in RELIANCE would be 344.50% of portfolio
2025-07-19 17:29:35,944 - risk_management.risk_engine - WARNING - Risk violation: insufficient_cash - Insufficient cash: need 256785.00, have 50000.00
2025-07-19 17:29:35,944 - risk_management.risk_engine - WARNING - Risk violation: max_single_position - Position in RELIANCE would be 346.27% of portfolio
2025-07-19 17:29:35,944 - risk_management.risk_engine - WARNING - Risk violation: insufficient_cash - Insufficient cash: need 259488.00, have 50000.00
2025-07-19 17:29:35,944 - risk_management.risk_engine - WARNING - Risk violation: max_single_position - Position in RELIANCE would be 348.03% of portfolio
2025-07-19 17:29:35,944 - risk_management.risk_engine - WARNING - Risk violation: insufficient_cash - Insufficient cash: need 262191.00, have 50000.00
2025-07-19 17:29:35,944 - risk_management.risk_engine - WARNING - Risk violation: max_single_position - Position in RELIANCE would be 349.80% of portfolio
2025-07-19 17:29:35,944 - risk_management.risk_engine - WARNING - Risk violation: insufficient_cash - Insufficient cash: need 264894.00, have 50000.00
2025-07-19 17:29:35,944 - risk_management.risk_engine - WARNING - Risk violation: max_single_position - Position in RELIANCE would be 351.57% of portfolio
2025-07-19 17:29:35,944 - risk_management.risk_engine - WARNING - Risk violation: insufficient_cash - Insufficient cash: need 267597.00, have 50000.00
2025-07-19 17:29:35,944 - risk_management.risk_engine - WARNING - Risk violation: max_single_position - Position in RELIANCE would be 353.33% of portfolio
2025-07-19 17:29:35,944 - risk_management.risk_engine - WARNING - Risk violation: insufficient_cash - Insufficient cash: need 270300.00, have 50000.00
2025-07-19 17:29:35,944 - risk_management.risk_engine - WARNING - Risk violation: max_single_position - Position in RELIANCE would be 355.10% of portfolio
2025-07-19 17:29:35,944 - risk_management.risk_engine - WARNING - Risk violation: insufficient_cash - Insufficient cash: need 273003.00, have 50000.00
2025-07-19 17:29:35,944 - risk_management.risk_engine - WARNING - Risk violation: max_single_position - Position in RELIANCE would be 356.87% of portfolio
2025-07-19 17:29:35,944 - risk_management.risk_engine - WARNING - Risk violation: insufficient_cash - Insufficient cash: need 275706.00, have 50000.00
2025-07-19 17:29:35,944 - risk_management.risk_engine - WARNING - Risk violation: max_single_position - Position in RELIANCE would be 358.63% of portfolio
2025-07-19 17:29:35,944 - risk_management.risk_engine - WARNING - Risk violation: insufficient_cash - Insufficient cash: need 278409.00, have 50000.00
2025-07-19 17:29:35,944 - risk_management.risk_engine - WARNING - Risk violation: max_single_position - Position in RELIANCE would be 360.40% of portfolio
2025-07-19 17:29:35,944 - risk_management.risk_engine - WARNING - Risk violation: insufficient_cash - Insufficient cash: need 281112.00, have 50000.00
2025-07-19 17:29:35,944 - risk_management.risk_engine - WARNING - Risk violation: max_single_position - Position in RELIANCE would be 362.17% of portfolio
2025-07-19 17:29:35,944 - risk_management.risk_engine - WARNING - Risk violation: insufficient_cash - Insufficient cash: need 283815.00, have 50000.00
2025-07-19 17:29:35,944 - risk_management.risk_engine - WARNING - Risk violation: max_single_position - Position in RELIANCE would be 363.93% of portfolio
2025-07-19 17:29:35,944 - risk_management.risk_engine - WARNING - Risk violation: insufficient_cash - Insufficient cash: need 286518.00, have 50000.00
2025-07-19 17:29:35,945 - risk_management.risk_engine - WARNING - Risk violation: max_single_position - Position in RELIANCE would be 365.70% of portfolio
2025-07-19 17:29:35,945 - risk_management.risk_engine - WARNING - Risk violation: insufficient_cash - Insufficient cash: need 289221.00, have 50000.00
2025-07-19 17:29:35,945 - risk_management.risk_engine - WARNING - Risk violation: max_single_position - Position in RELIANCE would be 367.47% of portfolio
2025-07-19 17:29:35,945 - risk_management.risk_engine - WARNING - Risk violation: insufficient_cash - Insufficient cash: need 291924.00, have 50000.00
2025-07-19 17:29:35,945 - risk_management.risk_engine - WARNING - Risk violation: max_single_position - Position in RELIANCE would be 369.23% of portfolio
2025-07-19 17:29:35,945 - risk_management.risk_engine - WARNING - Risk violation: insufficient_cash - Insufficient cash: need 294627.00, have 50000.00
2025-07-19 17:29:35,945 - data.storage - INFO - Database initialized successfully
2025-07-19 17:29:35,945 - brokers.zerodha_broker - INFO - Zerodha broker initialized in demo mode
2025-07-19 17:29:35,945 - brokers.zerodha_broker - INFO - Connecting to Zerodha API...
2025-07-19 17:29:35,945 - brokers.zerodha_broker - INFO - Running in DEMO mode - using mock broker
2025-07-19 17:29:35,953 - monitoring.dashboard - INFO - Trading dashboard initialized
2025-07-19 17:29:35,953 - controls.manual_override - INFO - Manual override system initialized for SECURITY_TEST
2025-07-19 17:29:35,953 - controls.manual_override - WARNING - User unauthorized_user not authorized for manual override
2025-07-19 17:29:35,953 - controls.manual_override - INFO - User Admin (authorized_user) granted SYSTEM_CONTROL access
2025-07-19 17:29:35,953 - controls.manual_override - INFO - Override session started: OVERRIDE_20250719_172935_e4d305bf
2025-07-19 17:29:35,953 - controls.manual_override - INFO - User: Admin (authorized_user)
2025-07-19 17:29:35,953 - controls.manual_override - INFO - Level: PARAMETER_ADJUST
2025-07-19 17:29:35,953 - controls.manual_override - INFO - Reason: Legitimate access
2025-07-19 17:29:35,953 - controls.manual_override - WARNING - Action override_circuit_breaker not permitted for session OVERRIDE_20250719_172935_e4d305bf
2025-07-19 17:29:35,953 - controls.manual_override - INFO - Override session ended: OVERRIDE_20250719_172935_e4d305bf
2025-07-19 17:29:35,953 - controls.manual_override - INFO - Duration: 0:00:00.000137
2025-07-19 17:29:35,953 - controls.manual_override - INFO - Actions performed: 0
2025-07-19 17:29:35,954 - controls.manual_override - INFO - Reason: Security test completed
2025-07-19 17:29:35,954 - controls.emergency_stop - INFO - Emergency stop system initialized for SECURITY_TEST
2025-07-19 17:29:35,954 - controls.emergency_stop - CRITICAL - EMERGENCY STOP ACTIVATED - Level: hard_stop
2025-07-19 17:29:35,954 - controls.emergency_stop - CRITICAL - Reason: manual_stop - Security test stop
2025-07-19 17:29:35,954 - controls.emergency_stop - CRITICAL - Initiated by: security_test
2025-07-19 17:29:35,954 - controls.emergency_stop - CRITICAL - Stop ID: 55d4aad6-d5ab-4b44-b741-c11e75598691
2025-07-19 17:29:35,954 - controls.emergency_stop - INFO - Recovery initiated by unauthorized: Bypass attempt
2025-07-19 17:29:40,757 - controls.circuit_breaker - INFO - Circuit breaker 'test_breaker' initialized with 2 triggers
2025-07-19 17:29:40,758 - controls.circuit_breaker - CRITICAL - CIRCUIT BREAKER TRIGGERED: test_breaker
2025-07-19 17:29:40,758 - controls.circuit_breaker - CRITICAL - Trigger: portfolio_loss
2025-07-19 17:29:40,758 - controls.circuit_breaker - CRITICAL - Current Value: -0.12
2025-07-19 17:29:40,758 - controls.circuit_breaker - CRITICAL - Threshold: 0.1
2025-07-19 17:29:40,758 - controls.circuit_breaker - CRITICAL - Breach Ratio: 1.20
2025-07-19 17:29:40,759 - controls.circuit_breaker - INFO - Circuit breaker 'test_breaker' entering cooldown until 2025-07-19 17:59:40.758349
2025-07-19 17:29:40,759 - Phase3Verification - ERROR - Emergency controls test error: Traceback (most recent call last):
  File "/Users/priyanshpatidar/Documents/github/sip-algo-trading/phase3_verification.py", line 312, in test_emergency_controls
    portfolio_state = {
AssertionError

2025-07-19 17:31:32,529 - risk_management.risk_engine - INFO - Risk Engine initialized
2025-07-19 17:31:32,530 - risk_management.risk_engine - WARNING - Risk violation: max_single_position - Position in RELIANCE would be 353.33% of portfolio
2025-07-19 17:31:32,530 - risk_management.risk_engine - WARNING - Risk violation: insufficient_cash - Insufficient cash: need 270300.00, have 50000.00
2025-07-19 17:31:32,530 - risk_management.risk_engine - WARNING - Risk violation: max_single_position - Position in RELIANCE would be 17843.33% of portfolio
2025-07-19 17:31:32,530 - risk_management.risk_engine - WARNING - Risk violation: insufficient_cash - Insufficient cash: need 27030000.00, have 50000.00
2025-07-19 17:31:32,531 - risk_management.risk_engine - CRITICAL - EMERGENCY STOP ACTIVATED: Test emergency stop
2025-07-19 17:31:32,531 - risk_management.risk_engine - INFO - Emergency stop reset: Test reset
2025-07-19 17:31:32,532 - data.storage - INFO - Database initialized successfully
2025-07-19 17:31:32,533 - brokers.zerodha_broker - INFO - Zerodha broker initialized in demo mode
2025-07-19 17:31:32,533 - brokers.zerodha_broker - INFO - Connecting to Zerodha API...
2025-07-19 17:31:32,533 - brokers.zerodha_broker - INFO - Running in DEMO mode - using mock broker
2025-07-19 17:31:32,549 - monitoring.dashboard - INFO - Trading dashboard initialized
2025-07-19 17:31:32,553 - controls.circuit_breaker - INFO - Circuit breaker 'test_breaker' initialized with 2 triggers
2025-07-19 17:31:32,553 - controls.circuit_breaker - CRITICAL - CIRCUIT BREAKER TRIGGERED: test_breaker
2025-07-19 17:31:32,553 - controls.circuit_breaker - CRITICAL - Trigger: portfolio_loss
2025-07-19 17:31:32,553 - controls.circuit_breaker - CRITICAL - Current Value: -0.12
2025-07-19 17:31:32,553 - controls.circuit_breaker - CRITICAL - Threshold: 0.1
2025-07-19 17:31:32,553 - controls.circuit_breaker - CRITICAL - Breach Ratio: 1.20
2025-07-19 17:31:32,553 - controls.circuit_breaker - INFO - Circuit breaker 'test_breaker' entering cooldown until 2025-07-19 18:01:32.553228
2025-07-19 17:31:32,553 - Phase3Verification - ERROR - Emergency controls test error: Traceback (most recent call last):
  File "/Users/priyanshpatidar/Documents/github/sip-algo-trading/phase3_verification.py", line 312, in test_emergency_controls
    portfolio_state = {
AssertionError

2025-07-19 17:31:32,553 - risk_management.risk_engine - INFO - Risk Engine initialized
2025-07-19 17:31:32,553 - controls.emergency_stop - INFO - Emergency stop system initialized for INTEGRATION_TEST
2025-07-19 17:31:32,553 - risk_management.risk_engine - WARNING - Risk violation: max_single_position - Position in RELIANCE would be 15900.00% of portfolio
2025-07-19 17:31:32,553 - risk_management.risk_engine - WARNING - Risk violation: max_portfolio_drawdown - Portfolio drawdown is 20.00%
2025-07-19 17:31:32,553 - risk_management.risk_engine - WARNING - Risk violation: daily_loss_limit - Daily loss is 15.00%
2025-07-19 17:31:32,553 - risk_management.risk_engine - WARNING - Risk violation: insufficient_cash - Insufficient cash: need 13515000.00, have 10000.00
2025-07-19 17:31:32,553 - controls.emergency_stop - CRITICAL - EMERGENCY STOP ACTIVATED - Level: hard_stop
2025-07-19 17:31:32,553 - controls.emergency_stop - CRITICAL - Reason: risk_breach - Critical risk violation detected
2025-07-19 17:31:32,553 - controls.emergency_stop - CRITICAL - Initiated by: RISK_ENGINE
2025-07-19 17:31:32,554 - controls.emergency_stop - CRITICAL - Stop ID: b44ecc5a-6552-497d-b43f-aacd40c436fe
2025-07-19 17:31:32,554 - data.storage - INFO - Database initialized successfully
2025-07-19 17:31:32,554 - brokers.zerodha_broker - INFO - Zerodha broker initialized in demo mode
2025-07-19 17:31:32,554 - brokers.zerodha_broker - INFO - Connecting to Zerodha API...
2025-07-19 17:31:32,554 - brokers.zerodha_broker - INFO - Running in DEMO mode - using mock broker
2025-07-19 17:31:32,563 - monitoring.dashboard - INFO - Trading dashboard initialized
2025-07-19 17:31:32,563 - risk_management.risk_engine - INFO - Risk Engine initialized
2025-07-19 17:31:32,563 - risk_management.risk_engine - WARNING - Risk violation: max_single_position - Position in RELIANCE would be 194.33% of portfolio
2025-07-19 17:31:32,563 - risk_management.risk_engine - WARNING - Risk violation: max_single_position - Position in RELIANCE would be 196.10% of portfolio
2025-07-19 17:31:32,563 - risk_management.risk_engine - WARNING - Risk violation: max_single_position - Position in RELIANCE would be 197.87% of portfolio
2025-07-19 17:31:32,563 - risk_management.risk_engine - WARNING - Risk violation: max_single_position - Position in RELIANCE would be 199.63% of portfolio
2025-07-19 17:31:32,563 - risk_management.risk_engine - WARNING - Risk violation: max_single_position - Position in RELIANCE would be 201.40% of portfolio
2025-07-19 17:31:32,563 - risk_management.risk_engine - WARNING - Risk violation: max_single_position - Position in RELIANCE would be 203.17% of portfolio
2025-07-19 17:31:32,563 - risk_management.risk_engine - WARNING - Risk violation: max_single_position - Position in RELIANCE would be 204.93% of portfolio
2025-07-19 17:31:32,563 - risk_management.risk_engine - WARNING - Risk violation: max_single_position - Position in RELIANCE would be 206.70% of portfolio
2025-07-19 17:31:32,563 - risk_management.risk_engine - WARNING - Risk violation: max_single_position - Position in RELIANCE would be 208.47% of portfolio
2025-07-19 17:31:32,563 - risk_management.risk_engine - WARNING - Risk violation: max_single_position - Position in RELIANCE would be 210.23% of portfolio
2025-07-19 17:31:32,563 - risk_management.risk_engine - WARNING - Risk violation: insufficient_cash - Insufficient cash: need 51357.00, have 50000.00
2025-07-19 17:31:32,564 - risk_management.risk_engine - WARNING - Risk violation: max_single_position - Position in RELIANCE would be 212.00% of portfolio
2025-07-19 17:31:32,564 - risk_management.risk_engine - WARNING - Risk violation: insufficient_cash - Insufficient cash: need 54060.00, have 50000.00
2025-07-19 17:31:32,564 - risk_management.risk_engine - WARNING - Risk violation: max_single_position - Position in RELIANCE would be 213.77% of portfolio
2025-07-19 17:31:32,564 - risk_management.risk_engine - WARNING - Risk violation: insufficient_cash - Insufficient cash: need 56763.00, have 50000.00
2025-07-19 17:31:32,564 - risk_management.risk_engine - WARNING - Risk violation: max_single_position - Position in RELIANCE would be 215.53% of portfolio
2025-07-19 17:31:32,564 - risk_management.risk_engine - WARNING - Risk violation: insufficient_cash - Insufficient cash: need 59466.00, have 50000.00
2025-07-19 17:31:32,564 - risk_management.risk_engine - WARNING - Risk violation: max_single_position - Position in RELIANCE would be 217.30% of portfolio
2025-07-19 17:31:32,564 - risk_management.risk_engine - WARNING - Risk violation: insufficient_cash - Insufficient cash: need 62169.00, have 50000.00
2025-07-19 17:31:32,564 - risk_management.risk_engine - WARNING - Risk violation: max_single_position - Position in RELIANCE would be 219.07% of portfolio
2025-07-19 17:31:32,564 - risk_management.risk_engine - WARNING - Risk violation: insufficient_cash - Insufficient cash: need 64872.00, have 50000.00
2025-07-19 17:31:32,564 - risk_management.risk_engine - WARNING - Risk violation: max_single_position - Position in RELIANCE would be 220.83% of portfolio
2025-07-19 17:31:32,564 - risk_management.risk_engine - WARNING - Risk violation: insufficient_cash - Insufficient cash: need 67575.00, have 50000.00
2025-07-19 17:31:32,564 - risk_management.risk_engine - WARNING - Risk violation: max_single_position - Position in RELIANCE would be 222.60% of portfolio
2025-07-19 17:31:32,564 - risk_management.risk_engine - WARNING - Risk violation: insufficient_cash - Insufficient cash: need 70278.00, have 50000.00
2025-07-19 17:31:32,564 - risk_management.risk_engine - WARNING - Risk violation: max_single_position - Position in RELIANCE would be 224.37% of portfolio
2025-07-19 17:31:32,564 - risk_management.risk_engine - WARNING - Risk violation: insufficient_cash - Insufficient cash: need 72981.00, have 50000.00
2025-07-19 17:31:32,565 - risk_management.risk_engine - WARNING - Risk violation: max_single_position - Position in RELIANCE would be 226.13% of portfolio
2025-07-19 17:31:32,565 - risk_management.risk_engine - WARNING - Risk violation: insufficient_cash - Insufficient cash: need 75684.00, have 50000.00
2025-07-19 17:31:32,565 - risk_management.risk_engine - WARNING - Risk violation: max_single_position - Position in RELIANCE would be 227.90% of portfolio
2025-07-19 17:31:32,565 - risk_management.risk_engine - WARNING - Risk violation: insufficient_cash - Insufficient cash: need 78387.00, have 50000.00
2025-07-19 17:31:32,565 - risk_management.risk_engine - WARNING - Risk violation: max_single_position - Position in RELIANCE would be 229.67% of portfolio
2025-07-19 17:31:32,565 - risk_management.risk_engine - WARNING - Risk violation: insufficient_cash - Insufficient cash: need 81090.00, have 50000.00
2025-07-19 17:31:32,565 - risk_management.risk_engine - WARNING - Risk violation: max_single_position - Position in RELIANCE would be 231.43% of portfolio
2025-07-19 17:31:32,565 - risk_management.risk_engine - WARNING - Risk violation: insufficient_cash - Insufficient cash: need 83793.00, have 50000.00
2025-07-19 17:31:32,565 - risk_management.risk_engine - WARNING - Risk violation: max_single_position - Position in RELIANCE would be 233.20% of portfolio
2025-07-19 17:31:32,565 - risk_management.risk_engine - WARNING - Risk violation: insufficient_cash - Insufficient cash: need 86496.00, have 50000.00
2025-07-19 17:31:32,565 - risk_management.risk_engine - WARNING - Risk violation: max_single_position - Position in RELIANCE would be 234.97% of portfolio
2025-07-19 17:31:32,565 - risk_management.risk_engine - WARNING - Risk violation: insufficient_cash - Insufficient cash: need 89199.00, have 50000.00
2025-07-19 17:31:32,565 - risk_management.risk_engine - WARNING - Risk violation: max_single_position - Position in RELIANCE would be 236.73% of portfolio
2025-07-19 17:31:32,565 - risk_management.risk_engine - WARNING - Risk violation: insufficient_cash - Insufficient cash: need 91902.00, have 50000.00
2025-07-19 17:31:32,565 - risk_management.risk_engine - WARNING - Risk violation: max_single_position - Position in RELIANCE would be 238.50% of portfolio
2025-07-19 17:31:32,565 - risk_management.risk_engine - WARNING - Risk violation: insufficient_cash - Insufficient cash: need 94605.00, have 50000.00
2025-07-19 17:31:32,565 - risk_management.risk_engine - WARNING - Risk violation: max_single_position - Position in RELIANCE would be 240.27% of portfolio
2025-07-19 17:31:32,565 - risk_management.risk_engine - WARNING - Risk violation: insufficient_cash - Insufficient cash: need 97308.00, have 50000.00
2025-07-19 17:31:32,565 - risk_management.risk_engine - WARNING - Risk violation: max_single_position - Position in RELIANCE would be 242.03% of portfolio
2025-07-19 17:31:32,565 - risk_management.risk_engine - WARNING - Risk violation: insufficient_cash - Insufficient cash: need 100011.00, have 50000.00
2025-07-19 17:31:32,565 - risk_management.risk_engine - WARNING - Risk violation: max_single_position - Position in RELIANCE would be 243.80% of portfolio
2025-07-19 17:31:32,565 - risk_management.risk_engine - WARNING - Risk violation: insufficient_cash - Insufficient cash: need 102714.00, have 50000.00
2025-07-19 17:31:32,565 - risk_management.risk_engine - WARNING - Risk violation: max_single_position - Position in RELIANCE would be 245.57% of portfolio
2025-07-19 17:31:32,565 - risk_management.risk_engine - WARNING - Risk violation: insufficient_cash - Insufficient cash: need 105417.00, have 50000.00
2025-07-19 17:31:32,565 - risk_management.risk_engine - WARNING - Risk violation: max_single_position - Position in RELIANCE would be 247.33% of portfolio
2025-07-19 17:31:32,565 - risk_management.risk_engine - WARNING - Risk violation: insufficient_cash - Insufficient cash: need 108120.00, have 50000.00
2025-07-19 17:31:32,565 - risk_management.risk_engine - WARNING - Risk violation: max_single_position - Position in RELIANCE would be 249.10% of portfolio
2025-07-19 17:31:32,565 - risk_management.risk_engine - WARNING - Risk violation: insufficient_cash - Insufficient cash: need 110823.00, have 50000.00
2025-07-19 17:31:32,565 - risk_management.risk_engine - WARNING - Risk violation: max_single_position - Position in RELIANCE would be 250.87% of portfolio
2025-07-19 17:31:32,565 - risk_management.risk_engine - WARNING - Risk violation: insufficient_cash - Insufficient cash: need 113526.00, have 50000.00
2025-07-19 17:31:32,565 - risk_management.risk_engine - WARNING - Risk violation: max_single_position - Position in RELIANCE would be 252.63% of portfolio
2025-07-19 17:31:32,565 - risk_management.risk_engine - WARNING - Risk violation: insufficient_cash - Insufficient cash: need 116229.00, have 50000.00
2025-07-19 17:31:32,565 - risk_management.risk_engine - WARNING - Risk violation: max_single_position - Position in RELIANCE would be 254.40% of portfolio
2025-07-19 17:31:32,565 - risk_management.risk_engine - WARNING - Risk violation: insufficient_cash - Insufficient cash: need 118932.00, have 50000.00
2025-07-19 17:31:32,566 - risk_management.risk_engine - WARNING - Risk violation: max_single_position - Position in RELIANCE would be 256.17% of portfolio
2025-07-19 17:31:32,566 - risk_management.risk_engine - WARNING - Risk violation: insufficient_cash - Insufficient cash: need 121635.00, have 50000.00
2025-07-19 17:31:32,566 - risk_management.risk_engine - WARNING - Risk violation: max_single_position - Position in RELIANCE would be 257.93% of portfolio
2025-07-19 17:31:32,566 - risk_management.risk_engine - WARNING - Risk violation: insufficient_cash - Insufficient cash: need 124338.00, have 50000.00
2025-07-19 17:31:32,566 - risk_management.risk_engine - WARNING - Risk violation: max_single_position - Position in RELIANCE would be 259.70% of portfolio
2025-07-19 17:31:32,566 - risk_management.risk_engine - WARNING - Risk violation: insufficient_cash - Insufficient cash: need 127041.00, have 50000.00
2025-07-19 17:31:32,566 - risk_management.risk_engine - WARNING - Risk violation: max_single_position - Position in RELIANCE would be 261.47% of portfolio
2025-07-19 17:31:32,566 - risk_management.risk_engine - WARNING - Risk violation: insufficient_cash - Insufficient cash: need 129744.00, have 50000.00
2025-07-19 17:31:32,566 - risk_management.risk_engine - WARNING - Risk violation: max_single_position - Position in RELIANCE would be 263.23% of portfolio
2025-07-19 17:31:32,566 - risk_management.risk_engine - WARNING - Risk violation: insufficient_cash - Insufficient cash: need 132447.00, have 50000.00
2025-07-19 17:31:32,566 - risk_management.risk_engine - WARNING - Risk violation: max_single_position - Position in RELIANCE would be 265.00% of portfolio
2025-07-19 17:31:32,566 - risk_management.risk_engine - WARNING - Risk violation: insufficient_cash - Insufficient cash: need 135150.00, have 50000.00
2025-07-19 17:31:32,566 - risk_management.risk_engine - WARNING - Risk violation: max_single_position - Position in RELIANCE would be 266.77% of portfolio
2025-07-19 17:31:32,566 - risk_management.risk_engine - WARNING - Risk violation: insufficient_cash - Insufficient cash: need 137853.00, have 50000.00
2025-07-19 17:31:32,566 - risk_management.risk_engine - WARNING - Risk violation: max_single_position - Position in RELIANCE would be 268.53% of portfolio
2025-07-19 17:31:32,566 - risk_management.risk_engine - WARNING - Risk violation: insufficient_cash - Insufficient cash: need 140556.00, have 50000.00
2025-07-19 17:31:32,566 - risk_management.risk_engine - WARNING - Risk violation: max_single_position - Position in RELIANCE would be 270.30% of portfolio
2025-07-19 17:31:32,566 - risk_management.risk_engine - WARNING - Risk violation: insufficient_cash - Insufficient cash: need 143259.00, have 50000.00
2025-07-19 17:31:32,566 - risk_management.risk_engine - WARNING - Risk violation: max_single_position - Position in RELIANCE would be 272.07% of portfolio
2025-07-19 17:31:32,566 - risk_management.risk_engine - WARNING - Risk violation: insufficient_cash - Insufficient cash: need 145962.00, have 50000.00
2025-07-19 17:31:32,566 - risk_management.risk_engine - WARNING - Risk violation: max_single_position - Position in RELIANCE would be 273.83% of portfolio
2025-07-19 17:31:32,566 - risk_management.risk_engine - WARNING - Risk violation: insufficient_cash - Insufficient cash: need 148665.00, have 50000.00
2025-07-19 17:31:32,566 - risk_management.risk_engine - WARNING - Risk violation: max_single_position - Position in RELIANCE would be 275.60% of portfolio
2025-07-19 17:31:32,566 - risk_management.risk_engine - WARNING - Risk violation: insufficient_cash - Insufficient cash: need 151368.00, have 50000.00
2025-07-19 17:31:32,566 - risk_management.risk_engine - WARNING - Risk violation: max_single_position - Position in RELIANCE would be 277.37% of portfolio
2025-07-19 17:31:32,566 - risk_management.risk_engine - WARNING - Risk violation: insufficient_cash - Insufficient cash: need 154071.00, have 50000.00
2025-07-19 17:31:32,566 - risk_management.risk_engine - WARNING - Risk violation: max_single_position - Position in RELIANCE would be 279.13% of portfolio
2025-07-19 17:31:32,566 - risk_management.risk_engine - WARNING - Risk violation: insufficient_cash - Insufficient cash: need 156774.00, have 50000.00
2025-07-19 17:31:32,566 - risk_management.risk_engine - WARNING - Risk violation: max_single_position - Position in RELIANCE would be 280.90% of portfolio
2025-07-19 17:31:32,566 - risk_management.risk_engine - WARNING - Risk violation: insufficient_cash - Insufficient cash: need 159477.00, have 50000.00
2025-07-19 17:31:32,566 - risk_management.risk_engine - WARNING - Risk violation: max_single_position - Position in RELIANCE would be 282.67% of portfolio
2025-07-19 17:31:32,566 - risk_management.risk_engine - WARNING - Risk violation: insufficient_cash - Insufficient cash: need 162180.00, have 50000.00
2025-07-19 17:31:32,566 - risk_management.risk_engine - WARNING - Risk violation: max_single_position - Position in RELIANCE would be 284.43% of portfolio
2025-07-19 17:31:32,567 - risk_management.risk_engine - WARNING - Risk violation: insufficient_cash - Insufficient cash: need 164883.00, have 50000.00
2025-07-19 17:31:32,567 - risk_management.risk_engine - WARNING - Risk violation: max_single_position - Position in RELIANCE would be 286.20% of portfolio
2025-07-19 17:31:32,567 - risk_management.risk_engine - WARNING - Risk violation: insufficient_cash - Insufficient cash: need 167586.00, have 50000.00
2025-07-19 17:31:32,567 - risk_management.risk_engine - WARNING - Risk violation: max_single_position - Position in RELIANCE would be 287.97% of portfolio
2025-07-19 17:31:32,567 - risk_management.risk_engine - WARNING - Risk violation: insufficient_cash - Insufficient cash: need 170289.00, have 50000.00
2025-07-19 17:31:32,567 - risk_management.risk_engine - WARNING - Risk violation: max_single_position - Position in RELIANCE would be 289.73% of portfolio
2025-07-19 17:31:32,567 - risk_management.risk_engine - WARNING - Risk violation: insufficient_cash - Insufficient cash: need 172992.00, have 50000.00
2025-07-19 17:31:32,567 - risk_management.risk_engine - WARNING - Risk violation: max_single_position - Position in RELIANCE would be 291.50% of portfolio
2025-07-19 17:31:32,567 - risk_management.risk_engine - WARNING - Risk violation: insufficient_cash - Insufficient cash: need 175695.00, have 50000.00
2025-07-19 17:31:32,567 - risk_management.risk_engine - WARNING - Risk violation: max_single_position - Position in RELIANCE would be 293.27% of portfolio
2025-07-19 17:31:32,567 - risk_management.risk_engine - WARNING - Risk violation: insufficient_cash - Insufficient cash: need 178398.00, have 50000.00
2025-07-19 17:31:32,567 - risk_management.risk_engine - WARNING - Risk violation: max_single_position - Position in RELIANCE would be 295.03% of portfolio
2025-07-19 17:31:32,567 - risk_management.risk_engine - WARNING - Risk violation: insufficient_cash - Insufficient cash: need 181101.00, have 50000.00
2025-07-19 17:31:32,567 - risk_management.risk_engine - WARNING - Risk violation: max_single_position - Position in RELIANCE would be 296.80% of portfolio
2025-07-19 17:31:32,567 - risk_management.risk_engine - WARNING - Risk violation: insufficient_cash - Insufficient cash: need 183804.00, have 50000.00
2025-07-19 17:31:32,567 - risk_management.risk_engine - WARNING - Risk violation: max_single_position - Position in RELIANCE would be 298.57% of portfolio
2025-07-19 17:31:32,567 - risk_management.risk_engine - WARNING - Risk violation: insufficient_cash - Insufficient cash: need 186507.00, have 50000.00
2025-07-19 17:31:32,567 - risk_management.risk_engine - WARNING - Risk violation: max_single_position - Position in RELIANCE would be 300.33% of portfolio
2025-07-19 17:31:32,567 - risk_management.risk_engine - WARNING - Risk violation: insufficient_cash - Insufficient cash: need 189210.00, have 50000.00
2025-07-19 17:31:32,567 - risk_management.risk_engine - WARNING - Risk violation: max_single_position - Position in RELIANCE would be 302.10% of portfolio
2025-07-19 17:31:32,567 - risk_management.risk_engine - WARNING - Risk violation: insufficient_cash - Insufficient cash: need 191913.00, have 50000.00
2025-07-19 17:31:32,567 - risk_management.risk_engine - WARNING - Risk violation: max_single_position - Position in RELIANCE would be 303.87% of portfolio
2025-07-19 17:31:32,567 - risk_management.risk_engine - WARNING - Risk violation: insufficient_cash - Insufficient cash: need 194616.00, have 50000.00
2025-07-19 17:31:32,567 - risk_management.risk_engine - WARNING - Risk violation: max_single_position - Position in RELIANCE would be 305.63% of portfolio
2025-07-19 17:31:32,567 - risk_management.risk_engine - WARNING - Risk violation: insufficient_cash - Insufficient cash: need 197319.00, have 50000.00
2025-07-19 17:31:32,567 - risk_management.risk_engine - WARNING - Risk violation: max_single_position - Position in RELIANCE would be 307.40% of portfolio
2025-07-19 17:31:32,567 - risk_management.risk_engine - WARNING - Risk violation: insufficient_cash - Insufficient cash: need 200022.00, have 50000.00
2025-07-19 17:31:32,567 - risk_management.risk_engine - WARNING - Risk violation: max_single_position - Position in RELIANCE would be 309.17% of portfolio
2025-07-19 17:31:32,567 - risk_management.risk_engine - WARNING - Risk violation: insufficient_cash - Insufficient cash: need 202725.00, have 50000.00
2025-07-19 17:31:32,567 - risk_management.risk_engine - WARNING - Risk violation: max_single_position - Position in RELIANCE would be 310.93% of portfolio
2025-07-19 17:31:32,567 - risk_management.risk_engine - WARNING - Risk violation: insufficient_cash - Insufficient cash: need 205428.00, have 50000.00
2025-07-19 17:31:32,567 - risk_management.risk_engine - WARNING - Risk violation: max_single_position - Position in RELIANCE would be 312.70% of portfolio
2025-07-19 17:31:32,567 - risk_management.risk_engine - WARNING - Risk violation: insufficient_cash - Insufficient cash: need 208131.00, have 50000.00
2025-07-19 17:31:32,568 - risk_management.risk_engine - WARNING - Risk violation: max_single_position - Position in RELIANCE would be 314.47% of portfolio
2025-07-19 17:31:32,568 - risk_management.risk_engine - WARNING - Risk violation: insufficient_cash - Insufficient cash: need 210834.00, have 50000.00
2025-07-19 17:31:32,568 - risk_management.risk_engine - WARNING - Risk violation: max_single_position - Position in RELIANCE would be 316.23% of portfolio
2025-07-19 17:31:32,568 - risk_management.risk_engine - WARNING - Risk violation: insufficient_cash - Insufficient cash: need 213537.00, have 50000.00
2025-07-19 17:31:32,568 - risk_management.risk_engine - WARNING - Risk violation: max_single_position - Position in RELIANCE would be 318.00% of portfolio
2025-07-19 17:31:32,568 - risk_management.risk_engine - WARNING - Risk violation: insufficient_cash - Insufficient cash: need 216240.00, have 50000.00
2025-07-19 17:31:32,568 - risk_management.risk_engine - WARNING - Risk violation: max_single_position - Position in RELIANCE would be 319.77% of portfolio
2025-07-19 17:31:32,568 - risk_management.risk_engine - WARNING - Risk violation: insufficient_cash - Insufficient cash: need 218943.00, have 50000.00
2025-07-19 17:31:32,568 - risk_management.risk_engine - WARNING - Risk violation: max_single_position - Position in RELIANCE would be 321.53% of portfolio
2025-07-19 17:31:32,568 - risk_management.risk_engine - WARNING - Risk violation: insufficient_cash - Insufficient cash: need 221646.00, have 50000.00
2025-07-19 17:31:32,568 - risk_management.risk_engine - WARNING - Risk violation: max_single_position - Position in RELIANCE would be 323.30% of portfolio
2025-07-19 17:31:32,568 - risk_management.risk_engine - WARNING - Risk violation: insufficient_cash - Insufficient cash: need 224349.00, have 50000.00
2025-07-19 17:31:32,568 - risk_management.risk_engine - WARNING - Risk violation: max_single_position - Position in RELIANCE would be 325.07% of portfolio
2025-07-19 17:31:32,568 - risk_management.risk_engine - WARNING - Risk violation: insufficient_cash - Insufficient cash: need 227052.00, have 50000.00
2025-07-19 17:31:32,568 - risk_management.risk_engine - WARNING - Risk violation: max_single_position - Position in RELIANCE would be 326.83% of portfolio
2025-07-19 17:31:32,568 - risk_management.risk_engine - WARNING - Risk violation: insufficient_cash - Insufficient cash: need 229755.00, have 50000.00
2025-07-19 17:31:32,568 - risk_management.risk_engine - WARNING - Risk violation: max_single_position - Position in RELIANCE would be 328.60% of portfolio
2025-07-19 17:31:32,568 - risk_management.risk_engine - WARNING - Risk violation: insufficient_cash - Insufficient cash: need 232458.00, have 50000.00
2025-07-19 17:31:32,568 - risk_management.risk_engine - WARNING - Risk violation: max_single_position - Position in RELIANCE would be 330.37% of portfolio
2025-07-19 17:31:32,568 - risk_management.risk_engine - WARNING - Risk violation: insufficient_cash - Insufficient cash: need 235161.00, have 50000.00
2025-07-19 17:31:32,568 - risk_management.risk_engine - WARNING - Risk violation: max_single_position - Position in RELIANCE would be 332.13% of portfolio
2025-07-19 17:31:32,568 - risk_management.risk_engine - WARNING - Risk violation: insufficient_cash - Insufficient cash: need 237864.00, have 50000.00
2025-07-19 17:31:32,568 - risk_management.risk_engine - WARNING - Risk violation: max_single_position - Position in RELIANCE would be 333.90% of portfolio
2025-07-19 17:31:32,568 - risk_management.risk_engine - WARNING - Risk violation: insufficient_cash - Insufficient cash: need 240567.00, have 50000.00
2025-07-19 17:31:32,568 - risk_management.risk_engine - WARNING - Risk violation: max_single_position - Position in RELIANCE would be 335.67% of portfolio
2025-07-19 17:31:32,568 - risk_management.risk_engine - WARNING - Risk violation: insufficient_cash - Insufficient cash: need 243270.00, have 50000.00
2025-07-19 17:31:32,568 - risk_management.risk_engine - WARNING - Risk violation: max_single_position - Position in RELIANCE would be 337.43% of portfolio
2025-07-19 17:31:32,568 - risk_management.risk_engine - WARNING - Risk violation: insufficient_cash - Insufficient cash: need 245973.00, have 50000.00
2025-07-19 17:31:32,568 - risk_management.risk_engine - WARNING - Risk violation: max_single_position - Position in RELIANCE would be 339.20% of portfolio
2025-07-19 17:31:32,569 - risk_management.risk_engine - WARNING - Risk violation: insufficient_cash - Insufficient cash: need 248676.00, have 50000.00
2025-07-19 17:31:32,569 - risk_management.risk_engine - WARNING - Risk violation: max_single_position - Position in RELIANCE would be 340.97% of portfolio
2025-07-19 17:31:32,569 - risk_management.risk_engine - WARNING - Risk violation: insufficient_cash - Insufficient cash: need 251379.00, have 50000.00
2025-07-19 17:31:32,569 - risk_management.risk_engine - WARNING - Risk violation: max_single_position - Position in RELIANCE would be 342.73% of portfolio
2025-07-19 17:31:32,569 - risk_management.risk_engine - WARNING - Risk violation: insufficient_cash - Insufficient cash: need 254082.00, have 50000.00
2025-07-19 17:31:32,569 - risk_management.risk_engine - WARNING - Risk violation: max_single_position - Position in RELIANCE would be 344.50% of portfolio
2025-07-19 17:31:32,569 - risk_management.risk_engine - WARNING - Risk violation: insufficient_cash - Insufficient cash: need 256785.00, have 50000.00
2025-07-19 17:31:32,569 - risk_management.risk_engine - WARNING - Risk violation: max_single_position - Position in RELIANCE would be 346.27% of portfolio
2025-07-19 17:31:32,569 - risk_management.risk_engine - WARNING - Risk violation: insufficient_cash - Insufficient cash: need 259488.00, have 50000.00
2025-07-19 17:31:32,569 - risk_management.risk_engine - WARNING - Risk violation: max_single_position - Position in RELIANCE would be 348.03% of portfolio
2025-07-19 17:31:32,569 - risk_management.risk_engine - WARNING - Risk violation: insufficient_cash - Insufficient cash: need 262191.00, have 50000.00
2025-07-19 17:31:32,569 - risk_management.risk_engine - WARNING - Risk violation: max_single_position - Position in RELIANCE would be 349.80% of portfolio
2025-07-19 17:31:32,569 - risk_management.risk_engine - WARNING - Risk violation: insufficient_cash - Insufficient cash: need 264894.00, have 50000.00
2025-07-19 17:31:32,569 - risk_management.risk_engine - WARNING - Risk violation: max_single_position - Position in RELIANCE would be 351.57% of portfolio
2025-07-19 17:31:32,569 - risk_management.risk_engine - WARNING - Risk violation: insufficient_cash - Insufficient cash: need 267597.00, have 50000.00
2025-07-19 17:31:32,569 - risk_management.risk_engine - WARNING - Risk violation: max_single_position - Position in RELIANCE would be 353.33% of portfolio
2025-07-19 17:31:32,569 - risk_management.risk_engine - WARNING - Risk violation: insufficient_cash - Insufficient cash: need 270300.00, have 50000.00
2025-07-19 17:31:32,569 - risk_management.risk_engine - WARNING - Risk violation: max_single_position - Position in RELIANCE would be 355.10% of portfolio
2025-07-19 17:31:32,569 - risk_management.risk_engine - WARNING - Risk violation: insufficient_cash - Insufficient cash: need 273003.00, have 50000.00
2025-07-19 17:31:32,569 - risk_management.risk_engine - WARNING - Risk violation: max_single_position - Position in RELIANCE would be 356.87% of portfolio
2025-07-19 17:31:32,569 - risk_management.risk_engine - WARNING - Risk violation: insufficient_cash - Insufficient cash: need 275706.00, have 50000.00
2025-07-19 17:31:32,569 - risk_management.risk_engine - WARNING - Risk violation: max_single_position - Position in RELIANCE would be 358.63% of portfolio
2025-07-19 17:31:32,569 - risk_management.risk_engine - WARNING - Risk violation: insufficient_cash - Insufficient cash: need 278409.00, have 50000.00
2025-07-19 17:31:32,569 - risk_management.risk_engine - WARNING - Risk violation: max_single_position - Position in RELIANCE would be 360.40% of portfolio
2025-07-19 17:31:32,569 - risk_management.risk_engine - WARNING - Risk violation: insufficient_cash - Insufficient cash: need 281112.00, have 50000.00
2025-07-19 17:31:32,569 - risk_management.risk_engine - WARNING - Risk violation: max_single_position - Position in RELIANCE would be 362.17% of portfolio
2025-07-19 17:31:32,570 - risk_management.risk_engine - WARNING - Risk violation: insufficient_cash - Insufficient cash: need 283815.00, have 50000.00
2025-07-19 17:31:32,570 - risk_management.risk_engine - WARNING - Risk violation: max_single_position - Position in RELIANCE would be 363.93% of portfolio
2025-07-19 17:31:32,570 - risk_management.risk_engine - WARNING - Risk violation: insufficient_cash - Insufficient cash: need 286518.00, have 50000.00
2025-07-19 17:31:32,570 - risk_management.risk_engine - WARNING - Risk violation: max_single_position - Position in RELIANCE would be 365.70% of portfolio
2025-07-19 17:31:32,570 - risk_management.risk_engine - WARNING - Risk violation: insufficient_cash - Insufficient cash: need 289221.00, have 50000.00
2025-07-19 17:31:32,570 - risk_management.risk_engine - WARNING - Risk violation: max_single_position - Position in RELIANCE would be 367.47% of portfolio
2025-07-19 17:31:32,570 - risk_management.risk_engine - WARNING - Risk violation: insufficient_cash - Insufficient cash: need 291924.00, have 50000.00
2025-07-19 17:31:32,570 - risk_management.risk_engine - WARNING - Risk violation: max_single_position - Position in RELIANCE would be 369.23% of portfolio
2025-07-19 17:31:32,570 - risk_management.risk_engine - WARNING - Risk violation: insufficient_cash - Insufficient cash: need 294627.00, have 50000.00
2025-07-19 17:31:32,570 - data.storage - INFO - Database initialized successfully
2025-07-19 17:31:32,570 - brokers.zerodha_broker - INFO - Zerodha broker initialized in demo mode
2025-07-19 17:31:32,570 - brokers.zerodha_broker - INFO - Connecting to Zerodha API...
2025-07-19 17:31:32,570 - brokers.zerodha_broker - INFO - Running in DEMO mode - using mock broker
2025-07-19 17:31:32,578 - monitoring.dashboard - INFO - Trading dashboard initialized
2025-07-19 17:31:32,578 - controls.manual_override - INFO - Manual override system initialized for SECURITY_TEST
2025-07-19 17:31:32,578 - controls.manual_override - WARNING - User unauthorized_user not authorized for manual override
2025-07-19 17:31:32,578 - controls.manual_override - INFO - User Admin (authorized_user) granted SYSTEM_CONTROL access
2025-07-19 17:31:32,578 - controls.manual_override - INFO - Override session started: OVERRIDE_20250719_173132_952e8e0a
2025-07-19 17:31:32,578 - controls.manual_override - INFO - User: Admin (authorized_user)
2025-07-19 17:31:32,578 - controls.manual_override - INFO - Level: PARAMETER_ADJUST
2025-07-19 17:31:32,578 - controls.manual_override - INFO - Reason: Legitimate access
2025-07-19 17:31:32,578 - controls.manual_override - WARNING - Action override_circuit_breaker not permitted for session OVERRIDE_20250719_173132_952e8e0a
2025-07-19 17:31:32,578 - controls.manual_override - INFO - Override session ended: OVERRIDE_20250719_173132_952e8e0a
2025-07-19 17:31:32,578 - controls.manual_override - INFO - Duration: 0:00:00.000149
2025-07-19 17:31:32,578 - controls.manual_override - INFO - Actions performed: 0
2025-07-19 17:31:32,578 - controls.manual_override - INFO - Reason: Security test completed
2025-07-19 17:31:32,578 - controls.emergency_stop - INFO - Emergency stop system initialized for SECURITY_TEST
2025-07-19 17:31:32,578 - controls.emergency_stop - CRITICAL - EMERGENCY STOP ACTIVATED - Level: hard_stop
2025-07-19 17:31:32,579 - controls.emergency_stop - CRITICAL - Reason: manual_stop - Security test stop
2025-07-19 17:31:32,579 - controls.emergency_stop - CRITICAL - Initiated by: security_test
2025-07-19 17:31:32,579 - controls.emergency_stop - CRITICAL - Stop ID: 05e075ec-6427-4b46-8dc8-decad09701b2
2025-07-19 17:31:32,579 - controls.emergency_stop - INFO - Recovery initiated by unauthorized: Bypass attempt
2025-07-19 17:31:37,825 - controls.circuit_breaker - INFO - Circuit breaker 'test_breaker' initialized with 2 triggers
2025-07-19 17:31:37,826 - controls.circuit_breaker - CRITICAL - CIRCUIT BREAKER TRIGGERED: test_breaker
2025-07-19 17:31:37,826 - controls.circuit_breaker - CRITICAL - Trigger: portfolio_loss
2025-07-19 17:31:37,826 - controls.circuit_breaker - CRITICAL - Current Value: -0.12
2025-07-19 17:31:37,826 - controls.circuit_breaker - CRITICAL - Threshold: 0.1
2025-07-19 17:31:37,826 - controls.circuit_breaker - CRITICAL - Breach Ratio: 1.20
2025-07-19 17:31:37,826 - controls.circuit_breaker - INFO - Circuit breaker 'test_breaker' entering cooldown until 2025-07-19 18:01:37.826169
2025-07-19 17:31:37,827 - Phase3Verification - ERROR - Emergency controls test error: Traceback (most recent call last):
  File "/Users/priyanshpatidar/Documents/github/sip-algo-trading/phase3_verification.py", line 312, in test_emergency_controls
    portfolio_state = {
AssertionError

2025-07-19 17:31:46,975 - controls.circuit_breaker - INFO - Circuit breaker 'test_breaker' initialized with 2 triggers
2025-07-19 17:31:46,976 - controls.circuit_breaker - CRITICAL - CIRCUIT BREAKER TRIGGERED: test_breaker
2025-07-19 17:31:46,976 - controls.circuit_breaker - CRITICAL - Trigger: portfolio_loss
2025-07-19 17:31:46,976 - controls.circuit_breaker - CRITICAL - Current Value: -0.12
2025-07-19 17:31:46,976 - controls.circuit_breaker - CRITICAL - Threshold: 0.1
2025-07-19 17:31:46,976 - controls.circuit_breaker - CRITICAL - Breach Ratio: 1.20
2025-07-19 17:31:46,976 - controls.circuit_breaker - INFO - Circuit breaker 'test_breaker' entering cooldown until 2025-07-19 18:01:46.975679
2025-07-19 17:31:46,976 - controls.circuit_breaker - INFO - Circuit breaker 'test_breaker' reset from cooling_down to active
2025-07-19 17:31:46,976 - controls.circuit_breaker - INFO - Circuit breaker 'test_breaker' manually reset: Test reset
2025-07-19 17:31:46,977 - controls.emergency_stop - INFO - Emergency stop system initialized for TEST_SYSTEM
2025-07-19 17:31:46,977 - controls.emergency_stop - CRITICAL - EMERGENCY STOP ACTIVATED - Level: soft_stop
2025-07-19 17:31:46,977 - controls.emergency_stop - CRITICAL - Reason: manual_stop - Test soft stop
2025-07-19 17:31:46,977 - controls.emergency_stop - CRITICAL - Initiated by: test_user
2025-07-19 17:31:46,977 - controls.emergency_stop - CRITICAL - Stop ID: fd01acc1-3e72-44da-b383-dc09c52ec752
2025-07-19 17:31:46,977 - controls.emergency_stop - INFO - Recovery initiated by test_user: Test recovery
2025-07-19 17:31:46,977 - controls.emergency_stop - INFO - Emergency stop recovery completed
2025-07-19 17:31:46,977 - controls.emergency_stop - INFO - Stop duration: 0:00:00.000450
2025-07-19 17:31:46,977 - controls.emergency_stop - INFO - Recovery notes: Test completed
2025-07-19 17:31:46,978 - controls.manual_override - INFO - Manual override system initialized for TEST_SYSTEM
2025-07-19 17:31:46,978 - controls.manual_override - INFO - User Test User (test_user) granted EMERGENCY_CONTROL access
2025-07-19 17:31:46,978 - controls.manual_override - INFO - Override session started: OVERRIDE_20250719_173146_55d63974
2025-07-19 17:31:46,978 - controls.manual_override - INFO - User: Test User (test_user)
2025-07-19 17:31:46,978 - controls.manual_override - INFO - Level: PARAMETER_ADJUST
2025-07-19 17:31:46,978 - controls.manual_override - INFO - Reason: Testing manual override
2025-07-19 17:31:46,978 - controls.manual_override - WARNING - Action pause_strategy not permitted for session OVERRIDE_20250719_173146_55d63974
2025-07-19 17:32:17,793 - data.storage - INFO - Database initialized successfully
2025-07-19 17:32:17,794 - data.storage - INFO - Database initialized successfully
2025-07-19 17:32:26,184 - risk_management.risk_engine - INFO - Risk Engine initialized
2025-07-19 17:32:26,184 - risk_management.risk_engine - WARNING - Risk violation: max_single_position - Position in RELIANCE would be 353.33% of portfolio
2025-07-19 17:32:26,184 - risk_management.risk_engine - WARNING - Risk violation: insufficient_cash - Insufficient cash: need 270300.00, have 50000.00
2025-07-19 17:32:26,184 - risk_management.risk_engine - WARNING - Risk violation: max_single_position - Position in RELIANCE would be 17843.33% of portfolio
2025-07-19 17:32:26,184 - risk_management.risk_engine - WARNING - Risk violation: insufficient_cash - Insufficient cash: need 27030000.00, have 50000.00
2025-07-19 17:32:26,184 - risk_management.risk_engine - CRITICAL - EMERGENCY STOP ACTIVATED: Test emergency stop
2025-07-19 17:32:26,184 - risk_management.risk_engine - INFO - Emergency stop reset: Test reset
2025-07-19 17:32:30,746 - data.storage - INFO - Database initialized successfully
2025-07-19 17:32:30,747 - brokers.zerodha_broker - INFO - Zerodha broker initialized in demo mode
2025-07-19 17:32:30,747 - brokers.zerodha_broker - INFO - Connecting to Zerodha API...
2025-07-19 17:32:30,747 - brokers.zerodha_broker - INFO - Running in DEMO mode - using mock broker
2025-07-19 17:32:30,767 - monitoring.dashboard - INFO - Trading dashboard initialized
2025-07-19 17:32:35,679 - risk_management.risk_engine - INFO - Risk Engine initialized
2025-07-19 17:32:35,680 - controls.emergency_stop - INFO - Emergency stop system initialized for INTEGRATION_TEST
2025-07-19 17:32:35,680 - risk_management.risk_engine - WARNING - Risk violation: max_single_position - Position in RELIANCE would be 15900.00% of portfolio
2025-07-19 17:32:35,680 - risk_management.risk_engine - WARNING - Risk violation: max_portfolio_drawdown - Portfolio drawdown is 20.00%
2025-07-19 17:32:35,680 - risk_management.risk_engine - WARNING - Risk violation: daily_loss_limit - Daily loss is 15.00%
2025-07-19 17:32:35,680 - risk_management.risk_engine - WARNING - Risk violation: insufficient_cash - Insufficient cash: need 13515000.00, have 10000.00
2025-07-19 17:32:35,681 - controls.emergency_stop - CRITICAL - EMERGENCY STOP ACTIVATED - Level: hard_stop
2025-07-19 17:32:35,681 - controls.emergency_stop - CRITICAL - Reason: risk_breach - Critical risk violation detected
2025-07-19 17:32:35,681 - controls.emergency_stop - CRITICAL - Initiated by: RISK_ENGINE
2025-07-19 17:32:35,681 - controls.emergency_stop - CRITICAL - Stop ID: 2813105c-5aeb-4ef7-ac0b-8838e8be11ec
2025-07-19 17:32:35,682 - data.storage - INFO - Database initialized successfully
2025-07-19 17:32:35,682 - brokers.zerodha_broker - INFO - Zerodha broker initialized in demo mode
2025-07-19 17:32:35,683 - brokers.zerodha_broker - INFO - Connecting to Zerodha API...
2025-07-19 17:32:35,683 - brokers.zerodha_broker - INFO - Running in DEMO mode - using mock broker
2025-07-19 17:32:35,699 - monitoring.dashboard - INFO - Trading dashboard initialized
2025-07-19 17:32:39,533 - risk_management.risk_engine - INFO - Risk Engine initialized
2025-07-19 17:32:39,533 - risk_management.risk_engine - WARNING - Risk violation: max_single_position - Position in RELIANCE would be 194.33% of portfolio
2025-07-19 17:32:39,534 - risk_management.risk_engine - WARNING - Risk violation: max_single_position - Position in RELIANCE would be 196.10% of portfolio
2025-07-19 17:32:39,534 - risk_management.risk_engine - WARNING - Risk violation: max_single_position - Position in RELIANCE would be 197.87% of portfolio
2025-07-19 17:32:39,534 - risk_management.risk_engine - WARNING - Risk violation: max_single_position - Position in RELIANCE would be 199.63% of portfolio
2025-07-19 17:32:39,534 - risk_management.risk_engine - WARNING - Risk violation: max_single_position - Position in RELIANCE would be 201.40% of portfolio
2025-07-19 17:32:39,534 - risk_management.risk_engine - WARNING - Risk violation: max_single_position - Position in RELIANCE would be 203.17% of portfolio
2025-07-19 17:32:39,534 - risk_management.risk_engine - WARNING - Risk violation: max_single_position - Position in RELIANCE would be 204.93% of portfolio
2025-07-19 17:32:39,534 - risk_management.risk_engine - WARNING - Risk violation: max_single_position - Position in RELIANCE would be 206.70% of portfolio
2025-07-19 17:32:39,535 - risk_management.risk_engine - WARNING - Risk violation: max_single_position - Position in RELIANCE would be 208.47% of portfolio
2025-07-19 17:32:39,535 - risk_management.risk_engine - WARNING - Risk violation: max_single_position - Position in RELIANCE would be 210.23% of portfolio
2025-07-19 17:32:39,535 - risk_management.risk_engine - WARNING - Risk violation: insufficient_cash - Insufficient cash: need 51357.00, have 50000.00
2025-07-19 17:32:39,535 - risk_management.risk_engine - WARNING - Risk violation: max_single_position - Position in RELIANCE would be 212.00% of portfolio
2025-07-19 17:32:39,535 - risk_management.risk_engine - WARNING - Risk violation: insufficient_cash - Insufficient cash: need 54060.00, have 50000.00
2025-07-19 17:32:39,535 - risk_management.risk_engine - WARNING - Risk violation: max_single_position - Position in RELIANCE would be 213.77% of portfolio
2025-07-19 17:32:39,535 - risk_management.risk_engine - WARNING - Risk violation: insufficient_cash - Insufficient cash: need 56763.00, have 50000.00
2025-07-19 17:32:39,535 - risk_management.risk_engine - WARNING - Risk violation: max_single_position - Position in RELIANCE would be 215.53% of portfolio
2025-07-19 17:32:39,535 - risk_management.risk_engine - WARNING - Risk violation: insufficient_cash - Insufficient cash: need 59466.00, have 50000.00
2025-07-19 17:32:39,535 - risk_management.risk_engine - WARNING - Risk violation: max_single_position - Position in RELIANCE would be 217.30% of portfolio
2025-07-19 17:32:39,535 - risk_management.risk_engine - WARNING - Risk violation: insufficient_cash - Insufficient cash: need 62169.00, have 50000.00
2025-07-19 17:32:39,535 - risk_management.risk_engine - WARNING - Risk violation: max_single_position - Position in RELIANCE would be 219.07% of portfolio
2025-07-19 17:32:39,536 - risk_management.risk_engine - WARNING - Risk violation: insufficient_cash - Insufficient cash: need 64872.00, have 50000.00
2025-07-19 17:32:39,536 - risk_management.risk_engine - WARNING - Risk violation: max_single_position - Position in RELIANCE would be 220.83% of portfolio
2025-07-19 17:32:39,536 - risk_management.risk_engine - WARNING - Risk violation: insufficient_cash - Insufficient cash: need 67575.00, have 50000.00
2025-07-19 17:32:39,536 - risk_management.risk_engine - WARNING - Risk violation: max_single_position - Position in RELIANCE would be 222.60% of portfolio
2025-07-19 17:32:39,536 - risk_management.risk_engine - WARNING - Risk violation: insufficient_cash - Insufficient cash: need 70278.00, have 50000.00
2025-07-19 17:32:39,536 - risk_management.risk_engine - WARNING - Risk violation: max_single_position - Position in RELIANCE would be 224.37% of portfolio
2025-07-19 17:32:39,536 - risk_management.risk_engine - WARNING - Risk violation: insufficient_cash - Insufficient cash: need 72981.00, have 50000.00
2025-07-19 17:32:39,536 - risk_management.risk_engine - WARNING - Risk violation: max_single_position - Position in RELIANCE would be 226.13% of portfolio
2025-07-19 17:32:39,536 - risk_management.risk_engine - WARNING - Risk violation: insufficient_cash - Insufficient cash: need 75684.00, have 50000.00
2025-07-19 17:32:39,536 - risk_management.risk_engine - WARNING - Risk violation: max_single_position - Position in RELIANCE would be 227.90% of portfolio
2025-07-19 17:32:39,536 - risk_management.risk_engine - WARNING - Risk violation: insufficient_cash - Insufficient cash: need 78387.00, have 50000.00
2025-07-19 17:32:39,536 - risk_management.risk_engine - WARNING - Risk violation: max_single_position - Position in RELIANCE would be 229.67% of portfolio
2025-07-19 17:32:39,536 - risk_management.risk_engine - WARNING - Risk violation: insufficient_cash - Insufficient cash: need 81090.00, have 50000.00
2025-07-19 17:32:39,536 - risk_management.risk_engine - WARNING - Risk violation: max_single_position - Position in RELIANCE would be 231.43% of portfolio
2025-07-19 17:32:39,536 - risk_management.risk_engine - WARNING - Risk violation: insufficient_cash - Insufficient cash: need 83793.00, have 50000.00
2025-07-19 17:32:39,536 - risk_management.risk_engine - WARNING - Risk violation: max_single_position - Position in RELIANCE would be 233.20% of portfolio
2025-07-19 17:32:39,536 - risk_management.risk_engine - WARNING - Risk violation: insufficient_cash - Insufficient cash: need 86496.00, have 50000.00
2025-07-19 17:32:39,537 - risk_management.risk_engine - WARNING - Risk violation: max_single_position - Position in RELIANCE would be 234.97% of portfolio
2025-07-19 17:32:39,537 - risk_management.risk_engine - WARNING - Risk violation: insufficient_cash - Insufficient cash: need 89199.00, have 50000.00
2025-07-19 17:32:39,537 - risk_management.risk_engine - WARNING - Risk violation: max_single_position - Position in RELIANCE would be 236.73% of portfolio
2025-07-19 17:32:39,537 - risk_management.risk_engine - WARNING - Risk violation: insufficient_cash - Insufficient cash: need 91902.00, have 50000.00
2025-07-19 17:32:39,537 - risk_management.risk_engine - WARNING - Risk violation: max_single_position - Position in RELIANCE would be 238.50% of portfolio
2025-07-19 17:32:39,537 - risk_management.risk_engine - WARNING - Risk violation: insufficient_cash - Insufficient cash: need 94605.00, have 50000.00
2025-07-19 17:32:39,537 - risk_management.risk_engine - WARNING - Risk violation: max_single_position - Position in RELIANCE would be 240.27% of portfolio
2025-07-19 17:32:39,537 - risk_management.risk_engine - WARNING - Risk violation: insufficient_cash - Insufficient cash: need 97308.00, have 50000.00
2025-07-19 17:32:39,537 - risk_management.risk_engine - WARNING - Risk violation: max_single_position - Position in RELIANCE would be 242.03% of portfolio
2025-07-19 17:32:39,537 - risk_management.risk_engine - WARNING - Risk violation: insufficient_cash - Insufficient cash: need 100011.00, have 50000.00
2025-07-19 17:32:39,537 - risk_management.risk_engine - WARNING - Risk violation: max_single_position - Position in RELIANCE would be 243.80% of portfolio
2025-07-19 17:32:39,537 - risk_management.risk_engine - WARNING - Risk violation: insufficient_cash - Insufficient cash: need 102714.00, have 50000.00
2025-07-19 17:32:39,537 - risk_management.risk_engine - WARNING - Risk violation: max_single_position - Position in RELIANCE would be 245.57% of portfolio
2025-07-19 17:32:39,537 - risk_management.risk_engine - WARNING - Risk violation: insufficient_cash - Insufficient cash: need 105417.00, have 50000.00
2025-07-19 17:32:39,537 - risk_management.risk_engine - WARNING - Risk violation: max_single_position - Position in RELIANCE would be 247.33% of portfolio
2025-07-19 17:32:39,537 - risk_management.risk_engine - WARNING - Risk violation: insufficient_cash - Insufficient cash: need 108120.00, have 50000.00
2025-07-19 17:32:39,537 - risk_management.risk_engine - WARNING - Risk violation: max_single_position - Position in RELIANCE would be 249.10% of portfolio
2025-07-19 17:32:39,538 - risk_management.risk_engine - WARNING - Risk violation: insufficient_cash - Insufficient cash: need 110823.00, have 50000.00
2025-07-19 17:32:39,538 - risk_management.risk_engine - WARNING - Risk violation: max_single_position - Position in RELIANCE would be 250.87% of portfolio
2025-07-19 17:32:39,538 - risk_management.risk_engine - WARNING - Risk violation: insufficient_cash - Insufficient cash: need 113526.00, have 50000.00
2025-07-19 17:32:39,538 - risk_management.risk_engine - WARNING - Risk violation: max_single_position - Position in RELIANCE would be 252.63% of portfolio
2025-07-19 17:32:39,538 - risk_management.risk_engine - WARNING - Risk violation: insufficient_cash - Insufficient cash: need 116229.00, have 50000.00
2025-07-19 17:32:39,538 - risk_management.risk_engine - WARNING - Risk violation: max_single_position - Position in RELIANCE would be 254.40% of portfolio
2025-07-19 17:32:39,538 - risk_management.risk_engine - WARNING - Risk violation: insufficient_cash - Insufficient cash: need 118932.00, have 50000.00
2025-07-19 17:32:39,538 - risk_management.risk_engine - WARNING - Risk violation: max_single_position - Position in RELIANCE would be 256.17% of portfolio
2025-07-19 17:32:39,538 - risk_management.risk_engine - WARNING - Risk violation: insufficient_cash - Insufficient cash: need 121635.00, have 50000.00
2025-07-19 17:32:39,538 - risk_management.risk_engine - WARNING - Risk violation: max_single_position - Position in RELIANCE would be 257.93% of portfolio
2025-07-19 17:32:39,539 - risk_management.risk_engine - WARNING - Risk violation: insufficient_cash - Insufficient cash: need 124338.00, have 50000.00
2025-07-19 17:32:39,539 - risk_management.risk_engine - WARNING - Risk violation: max_single_position - Position in RELIANCE would be 259.70% of portfolio
2025-07-19 17:32:39,539 - risk_management.risk_engine - WARNING - Risk violation: insufficient_cash - Insufficient cash: need 127041.00, have 50000.00
2025-07-19 17:32:39,539 - risk_management.risk_engine - WARNING - Risk violation: max_single_position - Position in RELIANCE would be 261.47% of portfolio
2025-07-19 17:32:39,539 - risk_management.risk_engine - WARNING - Risk violation: insufficient_cash - Insufficient cash: need 129744.00, have 50000.00
2025-07-19 17:32:39,539 - risk_management.risk_engine - WARNING - Risk violation: max_single_position - Position in RELIANCE would be 263.23% of portfolio
2025-07-19 17:32:39,539 - risk_management.risk_engine - WARNING - Risk violation: insufficient_cash - Insufficient cash: need 132447.00, have 50000.00
2025-07-19 17:32:39,539 - risk_management.risk_engine - WARNING - Risk violation: max_single_position - Position in RELIANCE would be 265.00% of portfolio
2025-07-19 17:32:39,539 - risk_management.risk_engine - WARNING - Risk violation: insufficient_cash - Insufficient cash: need 135150.00, have 50000.00
2025-07-19 17:32:39,540 - risk_management.risk_engine - WARNING - Risk violation: max_single_position - Position in RELIANCE would be 266.77% of portfolio
2025-07-19 17:32:39,540 - risk_management.risk_engine - WARNING - Risk violation: insufficient_cash - Insufficient cash: need 137853.00, have 50000.00
2025-07-19 17:32:39,540 - risk_management.risk_engine - WARNING - Risk violation: max_single_position - Position in RELIANCE would be 268.53% of portfolio
2025-07-19 17:32:39,540 - risk_management.risk_engine - WARNING - Risk violation: insufficient_cash - Insufficient cash: need 140556.00, have 50000.00
2025-07-19 17:32:39,540 - risk_management.risk_engine - WARNING - Risk violation: max_single_position - Position in RELIANCE would be 270.30% of portfolio
2025-07-19 17:32:39,540 - risk_management.risk_engine - WARNING - Risk violation: insufficient_cash - Insufficient cash: need 143259.00, have 50000.00
2025-07-19 17:32:39,540 - risk_management.risk_engine - WARNING - Risk violation: max_single_position - Position in RELIANCE would be 272.07% of portfolio
2025-07-19 17:32:39,540 - risk_management.risk_engine - WARNING - Risk violation: insufficient_cash - Insufficient cash: need 145962.00, have 50000.00
2025-07-19 17:32:39,540 - risk_management.risk_engine - WARNING - Risk violation: max_single_position - Position in RELIANCE would be 273.83% of portfolio
2025-07-19 17:32:39,540 - risk_management.risk_engine - WARNING - Risk violation: insufficient_cash - Insufficient cash: need 148665.00, have 50000.00
2025-07-19 17:32:39,540 - risk_management.risk_engine - WARNING - Risk violation: max_single_position - Position in RELIANCE would be 275.60% of portfolio
2025-07-19 17:32:39,540 - risk_management.risk_engine - WARNING - Risk violation: insufficient_cash - Insufficient cash: need 151368.00, have 50000.00
2025-07-19 17:32:39,540 - risk_management.risk_engine - WARNING - Risk violation: max_single_position - Position in RELIANCE would be 277.37% of portfolio
2025-07-19 17:32:39,540 - risk_management.risk_engine - WARNING - Risk violation: insufficient_cash - Insufficient cash: need 154071.00, have 50000.00
2025-07-19 17:32:39,540 - risk_management.risk_engine - WARNING - Risk violation: max_single_position - Position in RELIANCE would be 279.13% of portfolio
2025-07-19 17:32:39,540 - risk_management.risk_engine - WARNING - Risk violation: insufficient_cash - Insufficient cash: need 156774.00, have 50000.00
2025-07-19 17:32:39,540 - risk_management.risk_engine - WARNING - Risk violation: max_single_position - Position in RELIANCE would be 280.90% of portfolio
2025-07-19 17:32:39,540 - risk_management.risk_engine - WARNING - Risk violation: insufficient_cash - Insufficient cash: need 159477.00, have 50000.00
2025-07-19 17:32:39,541 - risk_management.risk_engine - WARNING - Risk violation: max_single_position - Position in RELIANCE would be 282.67% of portfolio
2025-07-19 17:32:39,541 - risk_management.risk_engine - WARNING - Risk violation: insufficient_cash - Insufficient cash: need 162180.00, have 50000.00
2025-07-19 17:32:39,541 - risk_management.risk_engine - WARNING - Risk violation: max_single_position - Position in RELIANCE would be 284.43% of portfolio
2025-07-19 17:32:39,541 - risk_management.risk_engine - WARNING - Risk violation: insufficient_cash - Insufficient cash: need 164883.00, have 50000.00
2025-07-19 17:32:39,541 - risk_management.risk_engine - WARNING - Risk violation: max_single_position - Position in RELIANCE would be 286.20% of portfolio
2025-07-19 17:32:39,541 - risk_management.risk_engine - WARNING - Risk violation: insufficient_cash - Insufficient cash: need 167586.00, have 50000.00
2025-07-19 17:32:39,541 - risk_management.risk_engine - WARNING - Risk violation: max_single_position - Position in RELIANCE would be 287.97% of portfolio
2025-07-19 17:32:39,541 - risk_management.risk_engine - WARNING - Risk violation: insufficient_cash - Insufficient cash: need 170289.00, have 50000.00
2025-07-19 17:32:39,541 - risk_management.risk_engine - WARNING - Risk violation: max_single_position - Position in RELIANCE would be 289.73% of portfolio
2025-07-19 17:32:39,541 - risk_management.risk_engine - WARNING - Risk violation: insufficient_cash - Insufficient cash: need 172992.00, have 50000.00
2025-07-19 17:32:39,541 - risk_management.risk_engine - WARNING - Risk violation: max_single_position - Position in RELIANCE would be 291.50% of portfolio
2025-07-19 17:32:39,541 - risk_management.risk_engine - WARNING - Risk violation: insufficient_cash - Insufficient cash: need 175695.00, have 50000.00
2025-07-19 17:32:39,541 - risk_management.risk_engine - WARNING - Risk violation: max_single_position - Position in RELIANCE would be 293.27% of portfolio
2025-07-19 17:32:39,541 - risk_management.risk_engine - WARNING - Risk violation: insufficient_cash - Insufficient cash: need 178398.00, have 50000.00
2025-07-19 17:32:39,541 - risk_management.risk_engine - WARNING - Risk violation: max_single_position - Position in RELIANCE would be 295.03% of portfolio
2025-07-19 17:32:39,541 - risk_management.risk_engine - WARNING - Risk violation: insufficient_cash - Insufficient cash: need 181101.00, have 50000.00
2025-07-19 17:32:39,541 - risk_management.risk_engine - WARNING - Risk violation: max_single_position - Position in RELIANCE would be 296.80% of portfolio
2025-07-19 17:32:39,541 - risk_management.risk_engine - WARNING - Risk violation: insufficient_cash - Insufficient cash: need 183804.00, have 50000.00
2025-07-19 17:32:39,541 - risk_management.risk_engine - WARNING - Risk violation: max_single_position - Position in RELIANCE would be 298.57% of portfolio
2025-07-19 17:32:39,542 - risk_management.risk_engine - WARNING - Risk violation: insufficient_cash - Insufficient cash: need 186507.00, have 50000.00
2025-07-19 17:32:39,542 - risk_management.risk_engine - WARNING - Risk violation: max_single_position - Position in RELIANCE would be 300.33% of portfolio
2025-07-19 17:32:39,542 - risk_management.risk_engine - WARNING - Risk violation: insufficient_cash - Insufficient cash: need 189210.00, have 50000.00
2025-07-19 17:32:39,542 - risk_management.risk_engine - WARNING - Risk violation: max_single_position - Position in RELIANCE would be 302.10% of portfolio
2025-07-19 17:32:39,542 - risk_management.risk_engine - WARNING - Risk violation: insufficient_cash - Insufficient cash: need 191913.00, have 50000.00
2025-07-19 17:32:39,542 - risk_management.risk_engine - WARNING - Risk violation: max_single_position - Position in RELIANCE would be 303.87% of portfolio
2025-07-19 17:32:39,542 - risk_management.risk_engine - WARNING - Risk violation: insufficient_cash - Insufficient cash: need 194616.00, have 50000.00
2025-07-19 17:32:39,543 - risk_management.risk_engine - WARNING - Risk violation: max_single_position - Position in RELIANCE would be 305.63% of portfolio
2025-07-19 17:32:39,543 - risk_management.risk_engine - WARNING - Risk violation: insufficient_cash - Insufficient cash: need 197319.00, have 50000.00
2025-07-19 17:32:39,543 - risk_management.risk_engine - WARNING - Risk violation: max_single_position - Position in RELIANCE would be 307.40% of portfolio
2025-07-19 17:32:39,543 - risk_management.risk_engine - WARNING - Risk violation: insufficient_cash - Insufficient cash: need 200022.00, have 50000.00
2025-07-19 17:32:39,543 - risk_management.risk_engine - WARNING - Risk violation: max_single_position - Position in RELIANCE would be 309.17% of portfolio
2025-07-19 17:32:39,543 - risk_management.risk_engine - WARNING - Risk violation: insufficient_cash - Insufficient cash: need 202725.00, have 50000.00
2025-07-19 17:32:39,543 - risk_management.risk_engine - WARNING - Risk violation: max_single_position - Position in RELIANCE would be 310.93% of portfolio
2025-07-19 17:32:39,543 - risk_management.risk_engine - WARNING - Risk violation: insufficient_cash - Insufficient cash: need 205428.00, have 50000.00
2025-07-19 17:32:39,544 - risk_management.risk_engine - WARNING - Risk violation: max_single_position - Position in RELIANCE would be 312.70% of portfolio
2025-07-19 17:32:39,544 - risk_management.risk_engine - WARNING - Risk violation: insufficient_cash - Insufficient cash: need 208131.00, have 50000.00
2025-07-19 17:32:39,544 - risk_management.risk_engine - WARNING - Risk violation: max_single_position - Position in RELIANCE would be 314.47% of portfolio
2025-07-19 17:32:39,544 - risk_management.risk_engine - WARNING - Risk violation: insufficient_cash - Insufficient cash: need 210834.00, have 50000.00
2025-07-19 17:32:39,544 - risk_management.risk_engine - WARNING - Risk violation: max_single_position - Position in RELIANCE would be 316.23% of portfolio
2025-07-19 17:32:39,544 - risk_management.risk_engine - WARNING - Risk violation: insufficient_cash - Insufficient cash: need 213537.00, have 50000.00
2025-07-19 17:32:39,544 - risk_management.risk_engine - WARNING - Risk violation: max_single_position - Position in RELIANCE would be 318.00% of portfolio
2025-07-19 17:32:39,544 - risk_management.risk_engine - WARNING - Risk violation: insufficient_cash - Insufficient cash: need 216240.00, have 50000.00
2025-07-19 17:32:39,544 - risk_management.risk_engine - WARNING - Risk violation: max_single_position - Position in RELIANCE would be 319.77% of portfolio
2025-07-19 17:32:39,544 - risk_management.risk_engine - WARNING - Risk violation: insufficient_cash - Insufficient cash: need 218943.00, have 50000.00
2025-07-19 17:32:39,544 - risk_management.risk_engine - WARNING - Risk violation: max_single_position - Position in RELIANCE would be 321.53% of portfolio
2025-07-19 17:32:39,544 - risk_management.risk_engine - WARNING - Risk violation: insufficient_cash - Insufficient cash: need 221646.00, have 50000.00
2025-07-19 17:32:39,544 - risk_management.risk_engine - WARNING - Risk violation: max_single_position - Position in RELIANCE would be 323.30% of portfolio
2025-07-19 17:32:39,544 - risk_management.risk_engine - WARNING - Risk violation: insufficient_cash - Insufficient cash: need 224349.00, have 50000.00
2025-07-19 17:32:39,544 - risk_management.risk_engine - WARNING - Risk violation: max_single_position - Position in RELIANCE would be 325.07% of portfolio
2025-07-19 17:32:39,544 - risk_management.risk_engine - WARNING - Risk violation: insufficient_cash - Insufficient cash: need 227052.00, have 50000.00
2025-07-19 17:32:39,545 - risk_management.risk_engine - WARNING - Risk violation: max_single_position - Position in RELIANCE would be 326.83% of portfolio
2025-07-19 17:32:39,545 - risk_management.risk_engine - WARNING - Risk violation: insufficient_cash - Insufficient cash: need 229755.00, have 50000.00
2025-07-19 17:32:39,545 - risk_management.risk_engine - WARNING - Risk violation: max_single_position - Position in RELIANCE would be 328.60% of portfolio
2025-07-19 17:32:39,545 - risk_management.risk_engine - WARNING - Risk violation: insufficient_cash - Insufficient cash: need 232458.00, have 50000.00
2025-07-19 17:32:39,545 - risk_management.risk_engine - WARNING - Risk violation: max_single_position - Position in RELIANCE would be 330.37% of portfolio
2025-07-19 17:32:39,545 - risk_management.risk_engine - WARNING - Risk violation: insufficient_cash - Insufficient cash: need 235161.00, have 50000.00
2025-07-19 17:32:39,545 - risk_management.risk_engine - WARNING - Risk violation: max_single_position - Position in RELIANCE would be 332.13% of portfolio
2025-07-19 17:32:39,545 - risk_management.risk_engine - WARNING - Risk violation: insufficient_cash - Insufficient cash: need 237864.00, have 50000.00
2025-07-19 17:32:39,545 - risk_management.risk_engine - WARNING - Risk violation: max_single_position - Position in RELIANCE would be 333.90% of portfolio
2025-07-19 17:32:39,545 - risk_management.risk_engine - WARNING - Risk violation: insufficient_cash - Insufficient cash: need 240567.00, have 50000.00
2025-07-19 17:32:39,545 - risk_management.risk_engine - WARNING - Risk violation: max_single_position - Position in RELIANCE would be 335.67% of portfolio
2025-07-19 17:32:39,545 - risk_management.risk_engine - WARNING - Risk violation: insufficient_cash - Insufficient cash: need 243270.00, have 50000.00
2025-07-19 17:32:39,545 - risk_management.risk_engine - WARNING - Risk violation: max_single_position - Position in RELIANCE would be 337.43% of portfolio
2025-07-19 17:32:39,545 - risk_management.risk_engine - WARNING - Risk violation: insufficient_cash - Insufficient cash: need 245973.00, have 50000.00
2025-07-19 17:32:39,545 - risk_management.risk_engine - WARNING - Risk violation: max_single_position - Position in RELIANCE would be 339.20% of portfolio
2025-07-19 17:32:39,545 - risk_management.risk_engine - WARNING - Risk violation: insufficient_cash - Insufficient cash: need 248676.00, have 50000.00
2025-07-19 17:32:39,545 - risk_management.risk_engine - WARNING - Risk violation: max_single_position - Position in RELIANCE would be 340.97% of portfolio
2025-07-19 17:32:39,545 - risk_management.risk_engine - WARNING - Risk violation: insufficient_cash - Insufficient cash: need 251379.00, have 50000.00
2025-07-19 17:32:39,545 - risk_management.risk_engine - WARNING - Risk violation: max_single_position - Position in RELIANCE would be 342.73% of portfolio
2025-07-19 17:32:39,545 - risk_management.risk_engine - WARNING - Risk violation: insufficient_cash - Insufficient cash: need 254082.00, have 50000.00
2025-07-19 17:32:39,545 - risk_management.risk_engine - WARNING - Risk violation: max_single_position - Position in RELIANCE would be 344.50% of portfolio
2025-07-19 17:32:39,545 - risk_management.risk_engine - WARNING - Risk violation: insufficient_cash - Insufficient cash: need 256785.00, have 50000.00
2025-07-19 17:32:39,545 - risk_management.risk_engine - WARNING - Risk violation: max_single_position - Position in RELIANCE would be 346.27% of portfolio
2025-07-19 17:32:39,545 - risk_management.risk_engine - WARNING - Risk violation: insufficient_cash - Insufficient cash: need 259488.00, have 50000.00
2025-07-19 17:32:39,545 - risk_management.risk_engine - WARNING - Risk violation: max_single_position - Position in RELIANCE would be 348.03% of portfolio
2025-07-19 17:32:39,545 - risk_management.risk_engine - WARNING - Risk violation: insufficient_cash - Insufficient cash: need 262191.00, have 50000.00
2025-07-19 17:32:39,546 - risk_management.risk_engine - WARNING - Risk violation: max_single_position - Position in RELIANCE would be 349.80% of portfolio
2025-07-19 17:32:39,546 - risk_management.risk_engine - WARNING - Risk violation: insufficient_cash - Insufficient cash: need 264894.00, have 50000.00
2025-07-19 17:32:39,546 - risk_management.risk_engine - WARNING - Risk violation: max_single_position - Position in RELIANCE would be 351.57% of portfolio
2025-07-19 17:32:39,546 - risk_management.risk_engine - WARNING - Risk violation: insufficient_cash - Insufficient cash: need 267597.00, have 50000.00
2025-07-19 17:32:39,546 - risk_management.risk_engine - WARNING - Risk violation: max_single_position - Position in RELIANCE would be 353.33% of portfolio
2025-07-19 17:32:39,546 - risk_management.risk_engine - WARNING - Risk violation: insufficient_cash - Insufficient cash: need 270300.00, have 50000.00
2025-07-19 17:32:39,546 - risk_management.risk_engine - WARNING - Risk violation: max_single_position - Position in RELIANCE would be 355.10% of portfolio
2025-07-19 17:32:39,546 - risk_management.risk_engine - WARNING - Risk violation: insufficient_cash - Insufficient cash: need 273003.00, have 50000.00
2025-07-19 17:32:39,546 - risk_management.risk_engine - WARNING - Risk violation: max_single_position - Position in RELIANCE would be 356.87% of portfolio
2025-07-19 17:32:39,546 - risk_management.risk_engine - WARNING - Risk violation: insufficient_cash - Insufficient cash: need 275706.00, have 50000.00
2025-07-19 17:32:39,546 - risk_management.risk_engine - WARNING - Risk violation: max_single_position - Position in RELIANCE would be 358.63% of portfolio
2025-07-19 17:32:39,546 - risk_management.risk_engine - WARNING - Risk violation: insufficient_cash - Insufficient cash: need 278409.00, have 50000.00
2025-07-19 17:32:39,546 - risk_management.risk_engine - WARNING - Risk violation: max_single_position - Position in RELIANCE would be 360.40% of portfolio
2025-07-19 17:32:39,546 - risk_management.risk_engine - WARNING - Risk violation: insufficient_cash - Insufficient cash: need 281112.00, have 50000.00
2025-07-19 17:32:39,546 - risk_management.risk_engine - WARNING - Risk violation: max_single_position - Position in RELIANCE would be 362.17% of portfolio
2025-07-19 17:32:39,546 - risk_management.risk_engine - WARNING - Risk violation: insufficient_cash - Insufficient cash: need 283815.00, have 50000.00
2025-07-19 17:32:39,546 - risk_management.risk_engine - WARNING - Risk violation: max_single_position - Position in RELIANCE would be 363.93% of portfolio
2025-07-19 17:32:39,546 - risk_management.risk_engine - WARNING - Risk violation: insufficient_cash - Insufficient cash: need 286518.00, have 50000.00
2025-07-19 17:32:39,546 - risk_management.risk_engine - WARNING - Risk violation: max_single_position - Position in RELIANCE would be 365.70% of portfolio
2025-07-19 17:32:39,546 - risk_management.risk_engine - WARNING - Risk violation: insufficient_cash - Insufficient cash: need 289221.00, have 50000.00
2025-07-19 17:32:39,546 - risk_management.risk_engine - WARNING - Risk violation: max_single_position - Position in RELIANCE would be 367.47% of portfolio
2025-07-19 17:32:39,546 - risk_management.risk_engine - WARNING - Risk violation: insufficient_cash - Insufficient cash: need 291924.00, have 50000.00
2025-07-19 17:32:39,546 - risk_management.risk_engine - WARNING - Risk violation: max_single_position - Position in RELIANCE would be 369.23% of portfolio
2025-07-19 17:32:39,546 - risk_management.risk_engine - WARNING - Risk violation: insufficient_cash - Insufficient cash: need 294627.00, have 50000.00
2025-07-19 17:32:39,548 - data.storage - INFO - Database initialized successfully
2025-07-19 17:32:39,548 - brokers.zerodha_broker - INFO - Zerodha broker initialized in demo mode
2025-07-19 17:32:39,548 - brokers.zerodha_broker - INFO - Connecting to Zerodha API...
2025-07-19 17:32:39,548 - brokers.zerodha_broker - INFO - Running in DEMO mode - using mock broker
2025-07-19 17:32:39,559 - monitoring.dashboard - INFO - Trading dashboard initialized
2025-07-19 17:32:43,420 - controls.manual_override - INFO - Manual override system initialized for SECURITY_TEST
2025-07-19 17:32:43,421 - controls.manual_override - WARNING - User unauthorized_user not authorized for manual override
2025-07-19 17:32:43,421 - controls.manual_override - INFO - User Admin (authorized_user) granted SYSTEM_CONTROL access
2025-07-19 17:32:43,421 - controls.manual_override - INFO - Override session started: OVERRIDE_20250719_173243_ac4c803e
2025-07-19 17:32:43,421 - controls.manual_override - INFO - User: Admin (authorized_user)
2025-07-19 17:32:43,421 - controls.manual_override - INFO - Level: PARAMETER_ADJUST
2025-07-19 17:32:43,421 - controls.manual_override - INFO - Reason: Legitimate access
2025-07-19 17:32:43,422 - controls.manual_override - WARNING - Action override_circuit_breaker not permitted for session OVERRIDE_20250719_173243_ac4c803e
2025-07-19 17:32:43,422 - controls.manual_override - INFO - Override session ended: OVERRIDE_20250719_173243_ac4c803e
2025-07-19 17:32:43,422 - controls.manual_override - INFO - Duration: 0:00:00.000406
2025-07-19 17:32:43,422 - controls.manual_override - INFO - Actions performed: 0
2025-07-19 17:32:43,422 - controls.manual_override - INFO - Reason: Security test completed
2025-07-19 17:32:43,422 - controls.emergency_stop - INFO - Emergency stop system initialized for SECURITY_TEST
2025-07-19 17:32:43,422 - controls.emergency_stop - CRITICAL - EMERGENCY STOP ACTIVATED - Level: hard_stop
2025-07-19 17:32:43,422 - controls.emergency_stop - CRITICAL - Reason: manual_stop - Security test stop
2025-07-19 17:32:43,422 - controls.emergency_stop - CRITICAL - Initiated by: security_test
2025-07-19 17:32:43,422 - controls.emergency_stop - CRITICAL - Stop ID: b99ab2b8-6255-4378-b31c-8ebb521ff4ab
2025-07-19 17:32:43,422 - controls.emergency_stop - INFO - Recovery initiated by unauthorized: Bypass attempt
2025-07-19 17:32:48,124 - data.storage - INFO - Database initialized successfully
2025-07-19 17:32:48,133 - data.storage - INFO - Stored 30 records for RELIANCE
2025-07-19 17:32:48,136 - data.storage - INFO - Stored 30 records for TCS
2025-07-19 17:32:48,139 - data.storage - INFO - Stored 30 records for HDFCBANK
2025-07-19 17:32:48,141 - data.storage - INFO - Stored 30 records for INFY
2025-07-19 17:32:48,144 - data.storage - INFO - Stored 30 records for NIFTY50
2025-07-19 17:32:48,145 - data.storage - INFO - Stored order TEST_ORDER_000
2025-07-19 17:32:48,146 - data.storage - INFO - Stored order TEST_ORDER_001
2025-07-19 17:32:48,146 - data.storage - INFO - Stored order TEST_ORDER_002
2025-07-19 17:32:48,146 - data.storage - INFO - Stored order TEST_ORDER_003
2025-07-19 17:32:48,147 - data.storage - INFO - Stored order TEST_ORDER_004
2025-07-19 17:32:48,147 - data.storage - INFO - Stored order TEST_ORDER_005
2025-07-19 17:32:48,148 - data.storage - INFO - Stored order TEST_ORDER_006
2025-07-19 17:32:48,148 - data.storage - INFO - Stored order TEST_ORDER_007
2025-07-19 17:32:48,149 - data.storage - INFO - Stored order TEST_ORDER_008
2025-07-19 17:32:48,149 - data.storage - INFO - Stored order TEST_ORDER_009
2025-07-19 17:32:48,150 - data.storage - INFO - Stored order TEST_ORDER_010
2025-07-19 17:32:48,150 - data.storage - INFO - Stored order TEST_ORDER_011
2025-07-19 17:32:48,151 - data.storage - INFO - Stored order TEST_ORDER_012
2025-07-19 17:32:48,152 - data.storage - INFO - Stored order TEST_ORDER_013
2025-07-19 17:32:48,152 - data.storage - INFO - Stored order TEST_ORDER_014
2025-07-19 17:32:48,153 - data.storage - INFO - Stored order TEST_ORDER_015
2025-07-19 17:32:48,153 - data.storage - INFO - Stored order TEST_ORDER_016
2025-07-19 17:32:48,154 - data.storage - INFO - Stored order TEST_ORDER_017
2025-07-19 17:32:48,154 - data.storage - INFO - Stored order TEST_ORDER_018
2025-07-19 17:32:48,155 - data.storage - INFO - Stored order TEST_ORDER_019
2025-07-19 17:32:52,750 - controls.circuit_breaker - INFO - Circuit breaker 'test_breaker' initialized with 2 triggers
2025-07-19 17:32:52,750 - controls.circuit_breaker - CRITICAL - CIRCUIT BREAKER TRIGGERED: test_breaker
2025-07-19 17:32:52,750 - controls.circuit_breaker - CRITICAL - Trigger: portfolio_loss
2025-07-19 17:32:52,750 - controls.circuit_breaker - CRITICAL - Current Value: -0.12
2025-07-19 17:32:52,750 - controls.circuit_breaker - CRITICAL - Threshold: 0.1
2025-07-19 17:32:52,750 - controls.circuit_breaker - CRITICAL - Breach Ratio: 1.20
2025-07-19 17:32:52,751 - controls.circuit_breaker - INFO - Circuit breaker 'test_breaker' entering cooldown until 2025-07-19 18:02:52.750554
2025-07-19 17:32:52,751 - controls.circuit_breaker - INFO - Circuit breaker 'test_breaker' reset from cooling_down to active
2025-07-19 17:32:52,751 - controls.circuit_breaker - INFO - Circuit breaker 'test_breaker' manually reset: Test reset
2025-07-19 17:32:52,751 - controls.emergency_stop - INFO - Emergency stop system initialized for TEST_SYSTEM
2025-07-19 17:32:52,751 - controls.emergency_stop - CRITICAL - EMERGENCY STOP ACTIVATED - Level: soft_stop
2025-07-19 17:32:52,751 - controls.emergency_stop - CRITICAL - Reason: manual_stop - Test soft stop
2025-07-19 17:32:52,751 - controls.emergency_stop - CRITICAL - Initiated by: test_user
2025-07-19 17:32:52,751 - controls.emergency_stop - CRITICAL - Stop ID: 9b4b0e8c-bf33-48b9-9e2c-bddd7d7cb6f3
2025-07-19 17:32:52,751 - controls.emergency_stop - INFO - Recovery initiated by test_user: Test recovery
2025-07-19 17:32:52,751 - controls.emergency_stop - INFO - Emergency stop recovery completed
2025-07-19 17:32:52,751 - controls.emergency_stop - INFO - Stop duration: 0:00:00.000294
2025-07-19 17:32:52,751 - controls.emergency_stop - INFO - Recovery notes: Test completed
2025-07-19 17:32:52,751 - controls.manual_override - INFO - Manual override system initialized for TEST_SYSTEM
2025-07-19 17:32:52,752 - controls.manual_override - INFO - User Test User (test_user) granted EMERGENCY_CONTROL access
2025-07-19 17:32:52,752 - controls.manual_override - INFO - Override session started: OVERRIDE_20250719_173252_80d039ac
2025-07-19 17:32:52,752 - controls.manual_override - INFO - User: Test User (test_user)
2025-07-19 17:32:52,752 - controls.manual_override - INFO - Level: PARAMETER_ADJUST
2025-07-19 17:32:52,752 - controls.manual_override - INFO - Reason: Testing manual override
2025-07-19 17:32:52,752 - controls.manual_override - WARNING - Action pause_strategy not permitted for session OVERRIDE_20250719_173252_80d039ac
2025-07-19 17:35:13,150 - controls.circuit_breaker - INFO - Circuit breaker 'test_breaker' initialized with 2 triggers
2025-07-19 17:35:13,150 - controls.circuit_breaker - CRITICAL - CIRCUIT BREAKER TRIGGERED: test_breaker
2025-07-19 17:35:13,151 - controls.circuit_breaker - CRITICAL - Trigger: portfolio_loss
2025-07-19 17:35:13,151 - controls.circuit_breaker - CRITICAL - Current Value: -0.12
2025-07-19 17:35:13,151 - controls.circuit_breaker - CRITICAL - Threshold: 0.1
2025-07-19 17:35:13,151 - controls.circuit_breaker - CRITICAL - Breach Ratio: 1.20
2025-07-19 17:35:13,151 - controls.circuit_breaker - INFO - Circuit breaker 'test_breaker' entering cooldown until 2025-07-19 18:05:13.150804
2025-07-19 17:35:13,151 - controls.circuit_breaker - INFO - Circuit breaker 'test_breaker' reset from cooling_down to active
2025-07-19 17:35:13,151 - controls.circuit_breaker - INFO - Circuit breaker 'test_breaker' manually reset: Test reset
2025-07-19 17:35:13,151 - controls.emergency_stop - INFO - Emergency stop system initialized for TEST_SYSTEM
2025-07-19 17:35:13,152 - controls.emergency_stop - CRITICAL - EMERGENCY STOP ACTIVATED - Level: soft_stop
2025-07-19 17:35:13,152 - controls.emergency_stop - CRITICAL - Reason: manual_stop - Test soft stop
2025-07-19 17:35:13,152 - controls.emergency_stop - CRITICAL - Initiated by: test_user
2025-07-19 17:35:13,152 - controls.emergency_stop - CRITICAL - Stop ID: 20dc4a67-c429-4434-ad54-a6a2cf43a120
2025-07-19 17:35:13,152 - controls.emergency_stop - INFO - Recovery initiated by test_user: Test recovery
2025-07-19 17:35:13,152 - controls.emergency_stop - INFO - Emergency stop recovery completed
2025-07-19 17:35:13,152 - controls.emergency_stop - INFO - Stop duration: 0:00:00.000365
2025-07-19 17:35:13,152 - controls.emergency_stop - INFO - Recovery notes: Test completed
2025-07-19 17:35:13,152 - controls.manual_override - INFO - Manual override system initialized for TEST_SYSTEM
2025-07-19 17:35:13,152 - controls.manual_override - INFO - User Test User (test_user) granted EMERGENCY_CONTROL access
2025-07-19 17:35:13,152 - controls.manual_override - INFO - Override session started: OVERRIDE_20250719_173513_9211c6a7
2025-07-19 17:35:13,152 - controls.manual_override - INFO - User: Test User (test_user)
2025-07-19 17:35:13,152 - controls.manual_override - INFO - Level: PARAMETER_ADJUST
2025-07-19 17:35:13,153 - controls.manual_override - INFO - Reason: Testing manual override
2025-07-19 17:35:13,153 - controls.manual_override - INFO - Session OVERRIDE_20250719_173513_9211c6a7 level: 2
2025-07-19 17:35:13,153 - controls.manual_override - INFO - Requested action: pause_strategy
2025-07-19 17:35:13,153 - controls.manual_override - INFO - Allowed actions: ['adjust_position_size', 'change_sip_amount']
2025-07-19 17:35:13,153 - controls.manual_override - WARNING - Action pause_strategy not permitted for session OVERRIDE_20250719_173513_9211c6a7
2025-07-19 17:36:35,332 - controls.circuit_breaker - INFO - Circuit breaker 'test_breaker' initialized with 2 triggers
2025-07-19 17:36:35,332 - controls.circuit_breaker - CRITICAL - CIRCUIT BREAKER TRIGGERED: test_breaker
2025-07-19 17:36:35,333 - controls.circuit_breaker - CRITICAL - Trigger: portfolio_loss
2025-07-19 17:36:35,333 - controls.circuit_breaker - CRITICAL - Current Value: -0.12
2025-07-19 17:36:35,333 - controls.circuit_breaker - CRITICAL - Threshold: 0.1
2025-07-19 17:36:35,334 - controls.circuit_breaker - CRITICAL - Breach Ratio: 1.20
2025-07-19 17:36:35,334 - controls.circuit_breaker - INFO - Circuit breaker 'test_breaker' entering cooldown until 2025-07-19 18:06:35.332491
2025-07-19 17:36:35,334 - controls.circuit_breaker - INFO - Circuit breaker 'test_breaker' reset from cooling_down to active
2025-07-19 17:36:35,334 - controls.circuit_breaker - INFO - Circuit breaker 'test_breaker' manually reset: Test reset
2025-07-19 17:36:35,334 - controls.emergency_stop - INFO - Emergency stop system initialized for TEST_SYSTEM
2025-07-19 17:36:35,335 - controls.emergency_stop - CRITICAL - EMERGENCY STOP ACTIVATED - Level: soft_stop
2025-07-19 17:36:35,335 - controls.emergency_stop - CRITICAL - Reason: manual_stop - Test soft stop
2025-07-19 17:36:35,335 - controls.emergency_stop - CRITICAL - Initiated by: test_user
2025-07-19 17:36:35,336 - controls.emergency_stop - CRITICAL - Stop ID: cbc92dd0-1ea2-4cc1-a44c-02d579e20df2
2025-07-19 17:36:35,336 - controls.emergency_stop - INFO - Recovery initiated by test_user: Test recovery
2025-07-19 17:36:35,336 - controls.emergency_stop - INFO - Emergency stop recovery completed
2025-07-19 17:36:35,336 - controls.emergency_stop - INFO - Stop duration: 0:00:00.001162
2025-07-19 17:36:35,336 - controls.emergency_stop - INFO - Recovery notes: Test completed
2025-07-19 17:36:35,336 - controls.manual_override - INFO - Manual override system initialized for TEST_SYSTEM
2025-07-19 17:36:35,336 - controls.manual_override - INFO - User Test User (test_user) granted EMERGENCY_CONTROL access
2025-07-19 17:36:35,336 - controls.manual_override - INFO - Override session started: OVERRIDE_20250719_173635_0ef8ce4b
2025-07-19 17:36:35,336 - controls.manual_override - INFO - User: Test User (test_user)
2025-07-19 17:36:35,336 - controls.manual_override - INFO - Level: PARAMETER_ADJUST
2025-07-19 17:36:35,336 - controls.manual_override - INFO - Reason: Testing manual override
2025-07-19 17:36:35,336 - controls.manual_override - INFO - Session OVERRIDE_20250719_173635_0ef8ce4b level: 2
2025-07-19 17:36:35,336 - controls.manual_override - INFO - Requested action: pause_strategy
2025-07-19 17:36:35,336 - controls.manual_override - INFO - Allowed actions: ['adjust_position_size', 'change_sip_amount']
2025-07-19 17:36:35,337 - controls.manual_override - WARNING - Action pause_strategy not permitted for session OVERRIDE_20250719_173635_0ef8ce4b
2025-07-19 17:37:15,147 - controls.circuit_breaker - INFO - Circuit breaker 'test_breaker' initialized with 2 triggers
2025-07-19 17:37:15,148 - controls.circuit_breaker - CRITICAL - CIRCUIT BREAKER TRIGGERED: test_breaker
2025-07-19 17:37:15,148 - controls.circuit_breaker - CRITICAL - Trigger: portfolio_loss
2025-07-19 17:37:15,148 - controls.circuit_breaker - CRITICAL - Current Value: -0.12
2025-07-19 17:37:15,148 - controls.circuit_breaker - CRITICAL - Threshold: 0.1
2025-07-19 17:37:15,148 - controls.circuit_breaker - CRITICAL - Breach Ratio: 1.20
2025-07-19 17:37:15,148 - controls.circuit_breaker - INFO - Circuit breaker 'test_breaker' entering cooldown until 2025-07-19 18:07:15.148173
2025-07-19 17:37:15,149 - controls.circuit_breaker - INFO - Circuit breaker 'test_breaker' reset from cooling_down to active
2025-07-19 17:37:15,149 - controls.circuit_breaker - INFO - Circuit breaker 'test_breaker' manually reset: Test reset
2025-07-19 17:37:15,149 - controls.emergency_stop - INFO - Emergency stop system initialized for TEST_SYSTEM
2025-07-19 17:37:15,149 - controls.emergency_stop - CRITICAL - EMERGENCY STOP ACTIVATED - Level: soft_stop
2025-07-19 17:37:15,149 - controls.emergency_stop - CRITICAL - Reason: manual_stop - Test soft stop
2025-07-19 17:37:15,149 - controls.emergency_stop - CRITICAL - Initiated by: test_user
2025-07-19 17:37:15,149 - controls.emergency_stop - CRITICAL - Stop ID: b6a6a349-a33e-4151-8712-5b6e8f20ca41
2025-07-19 17:37:15,149 - controls.emergency_stop - INFO - Recovery initiated by test_user: Test recovery
2025-07-19 17:37:15,149 - controls.emergency_stop - INFO - Emergency stop recovery completed
2025-07-19 17:37:15,150 - controls.emergency_stop - INFO - Stop duration: 0:00:00.000471
2025-07-19 17:37:15,150 - controls.emergency_stop - INFO - Recovery notes: Test completed
2025-07-19 17:37:15,150 - controls.manual_override - INFO - Manual override system initialized for TEST_SYSTEM
2025-07-19 17:37:15,150 - controls.manual_override - INFO - User Test User (test_user) granted EMERGENCY_CONTROL access
2025-07-19 17:37:15,150 - controls.manual_override - INFO - Override session started: OVERRIDE_20250719_173715_7ad62eb2
2025-07-19 17:37:15,150 - controls.manual_override - INFO - User: Test User (test_user)
2025-07-19 17:37:15,150 - controls.manual_override - INFO - Level: PARAMETER_ADJUST
2025-07-19 17:37:15,150 - controls.manual_override - INFO - Reason: Testing manual override
2025-07-19 17:37:15,150 - controls.manual_override - INFO - Session OVERRIDE_20250719_173715_7ad62eb2 level: 2
2025-07-19 17:37:15,150 - controls.manual_override - INFO - Requested action: pause_strategy
2025-07-19 17:37:15,150 - controls.manual_override - INFO - Allowed actions: ['adjust_position_size', 'change_sip_amount']
2025-07-19 17:37:15,150 - controls.manual_override - WARNING - Action pause_strategy not permitted for this session OVERRIDE_20250719_173715_7ad62eb2
2025-07-19 17:40:49,900 - controls.circuit_breaker - INFO - Circuit breaker 'test_breaker' initialized with 2 triggers
2025-07-19 17:40:49,901 - controls.circuit_breaker - CRITICAL - CIRCUIT BREAKER TRIGGERED: test_breaker
2025-07-19 17:40:49,901 - controls.circuit_breaker - CRITICAL - Trigger: portfolio_loss
2025-07-19 17:40:49,901 - controls.circuit_breaker - CRITICAL - Current Value: -0.12
2025-07-19 17:40:49,901 - controls.circuit_breaker - CRITICAL - Threshold: 0.1
2025-07-19 17:40:49,902 - controls.circuit_breaker - CRITICAL - Breach Ratio: 1.20
2025-07-19 17:40:49,902 - controls.circuit_breaker - INFO - Circuit breaker 'test_breaker' entering cooldown until 2025-07-19 18:10:49.900923
2025-07-19 17:40:49,902 - controls.circuit_breaker - INFO - Circuit breaker 'test_breaker' reset from cooling_down to active
2025-07-19 17:40:49,902 - controls.circuit_breaker - INFO - Circuit breaker 'test_breaker' manually reset: Test reset
2025-07-19 17:40:49,902 - controls.emergency_stop - INFO - Emergency stop system initialized for TEST_SYSTEM
2025-07-19 17:40:49,902 - controls.emergency_stop - CRITICAL - EMERGENCY STOP ACTIVATED - Level: soft_stop
2025-07-19 17:40:49,902 - controls.emergency_stop - CRITICAL - Reason: manual_stop - Test soft stop
2025-07-19 17:40:49,902 - controls.emergency_stop - CRITICAL - Initiated by: test_user
2025-07-19 17:40:49,902 - controls.emergency_stop - CRITICAL - Stop ID: eee10d58-03a6-4b4a-926c-c04c7316f612
2025-07-19 17:40:49,903 - controls.emergency_stop - INFO - Recovery initiated by test_user: Test recovery
2025-07-19 17:40:49,903 - controls.emergency_stop - INFO - Emergency stop recovery completed
2025-07-19 17:40:49,903 - controls.emergency_stop - INFO - Stop duration: 0:00:00.000389
2025-07-19 17:40:49,903 - controls.emergency_stop - INFO - Recovery notes: Test completed
2025-07-19 17:40:49,903 - controls.manual_override - INFO - Manual override system initialized for TEST_SYSTEM
2025-07-19 17:40:49,903 - controls.manual_override - INFO - User Test User (test_user) granted EMERGENCY_CONTROL access
2025-07-19 17:40:49,903 - controls.manual_override - INFO - Override session started: OVERRIDE_20250719_174049_b2e3d466
2025-07-19 17:40:49,903 - controls.manual_override - INFO - User: Test User (test_user)
2025-07-19 17:40:49,903 - controls.manual_override - INFO - Level: PARAMETER_ADJUST
2025-07-19 17:40:49,903 - controls.manual_override - INFO - Reason: Testing manual override
2025-07-19 17:40:49,903 - controls.manual_override - INFO - Session OVERRIDE_20250719_174049_b2e3d466 level: 2
2025-07-19 17:40:49,903 - controls.manual_override - INFO - Requested action: pause_strategy
2025-07-19 17:40:49,904 - controls.manual_override - INFO - Allowed actions: ['adjust_position_size', 'change_sip_amount']
2025-07-19 17:40:49,904 - controls.manual_override - WARNING - Action pause_strategy not permitted for this session OVERRIDE_20250719_174049_b2e3d466
2025-07-19 17:42:26,478 - controls.circuit_breaker - INFO - Circuit breaker 'test_breaker' initialized with 2 triggers
2025-07-19 17:42:26,478 - controls.circuit_breaker - CRITICAL - CIRCUIT BREAKER TRIGGERED: test_breaker
2025-07-19 17:42:26,478 - controls.circuit_breaker - CRITICAL - Trigger: portfolio_loss
2025-07-19 17:42:26,479 - controls.circuit_breaker - CRITICAL - Current Value: -0.12
2025-07-19 17:42:26,479 - controls.circuit_breaker - CRITICAL - Threshold: 0.1
2025-07-19 17:42:26,479 - controls.circuit_breaker - CRITICAL - Breach Ratio: 1.20
2025-07-19 17:42:26,479 - controls.circuit_breaker - INFO - Circuit breaker 'test_breaker' entering cooldown until 2025-07-19 18:12:26.478652
2025-07-19 17:42:26,479 - controls.circuit_breaker - INFO - Circuit breaker 'test_breaker' reset from cooling_down to active
2025-07-19 17:42:26,479 - controls.circuit_breaker - INFO - Circuit breaker 'test_breaker' manually reset: Test reset
2025-07-19 17:42:26,479 - controls.emergency_stop - INFO - Emergency stop system initialized for TEST_SYSTEM
2025-07-19 17:42:26,479 - controls.emergency_stop - CRITICAL - EMERGENCY STOP ACTIVATED - Level: soft_stop
2025-07-19 17:42:26,480 - controls.emergency_stop - CRITICAL - Reason: manual_stop - Test soft stop
2025-07-19 17:42:26,480 - controls.emergency_stop - CRITICAL - Initiated by: test_user
2025-07-19 17:42:26,480 - controls.emergency_stop - CRITICAL - Stop ID: 2176214d-119f-4d22-bd44-3cf37f1164ad
2025-07-19 17:42:26,480 - controls.emergency_stop - INFO - Recovery initiated by test_user: Test recovery
2025-07-19 17:42:26,480 - controls.emergency_stop - INFO - Emergency stop recovery completed
2025-07-19 17:42:26,480 - controls.emergency_stop - INFO - Stop duration: 0:00:00.000473
2025-07-19 17:42:26,480 - controls.emergency_stop - INFO - Recovery notes: Test completed
2025-07-19 17:42:26,480 - controls.manual_override - INFO - Manual override system initialized for TEST_SYSTEM
2025-07-19 17:42:26,480 - controls.manual_override - INFO - User Test User (test_user) granted EMERGENCY_CONTROL access
2025-07-19 17:42:26,481 - controls.manual_override - INFO - Override session started: OVERRIDE_20250719_174226_ec5dde10
2025-07-19 17:42:26,481 - controls.manual_override - INFO - User: Test User (test_user)
2025-07-19 17:42:26,481 - controls.manual_override - INFO - Level: PARAMETER_ADJUST
2025-07-19 17:42:26,481 - controls.manual_override - INFO - Reason: Testing manual override
2025-07-19 17:42:26,481 - controls.manual_override - INFO - Session OVERRIDE_20250719_174226_ec5dde10 level: 2
2025-07-19 17:42:26,481 - controls.manual_override - INFO - Requested action: pause_strategy
2025-07-19 17:42:26,481 - controls.manual_override - INFO - Allowed actions: ['adjust_position_size', 'change_sip_amount']
2025-07-19 17:42:26,481 - controls.manual_override - WARNING - Action pause_strategy not permitted for this session OVERRIDE_20250719_174226_ec5dde10
2025-07-19 17:42:30,408 - controls.circuit_breaker - INFO - Circuit breaker 'test_breaker' initialized with 2 triggers
2025-07-19 17:42:30,408 - controls.circuit_breaker - CRITICAL - CIRCUIT BREAKER TRIGGERED: test_breaker
2025-07-19 17:42:30,408 - controls.circuit_breaker - CRITICAL - Trigger: portfolio_loss
2025-07-19 17:42:30,408 - controls.circuit_breaker - CRITICAL - Current Value: -0.12
2025-07-19 17:42:30,408 - controls.circuit_breaker - CRITICAL - Threshold: 0.1
2025-07-19 17:42:30,409 - controls.circuit_breaker - CRITICAL - Breach Ratio: 1.20
2025-07-19 17:42:30,409 - controls.circuit_breaker - INFO - Circuit breaker 'test_breaker' entering cooldown until 2025-07-19 18:12:30.408760
2025-07-19 17:42:30,409 - controls.circuit_breaker - INFO - Circuit breaker 'test_breaker' reset from cooling_down to active
2025-07-19 17:42:30,409 - controls.circuit_breaker - INFO - Circuit breaker 'test_breaker' manually reset: Test reset
2025-07-19 17:42:30,409 - controls.emergency_stop - INFO - Emergency stop system initialized for TEST_SYSTEM
2025-07-19 17:42:30,409 - controls.emergency_stop - CRITICAL - EMERGENCY STOP ACTIVATED - Level: soft_stop
2025-07-19 17:42:30,409 - controls.emergency_stop - CRITICAL - Reason: manual_stop - Test soft stop
2025-07-19 17:42:30,410 - controls.emergency_stop - CRITICAL - Initiated by: test_user
2025-07-19 17:42:30,410 - controls.emergency_stop - CRITICAL - Stop ID: 41607614-842a-4944-aac5-9612425ad6ed
2025-07-19 17:42:30,410 - controls.emergency_stop - INFO - Recovery initiated by test_user: Test recovery
2025-07-19 17:42:30,410 - controls.emergency_stop - INFO - Emergency stop recovery completed
2025-07-19 17:42:30,410 - controls.emergency_stop - INFO - Stop duration: 0:00:00.000225
2025-07-19 17:42:30,410 - controls.emergency_stop - INFO - Recovery notes: Test completed
2025-07-19 17:42:30,410 - controls.manual_override - INFO - Manual override system initialized for TEST_SYSTEM
2025-07-19 17:42:30,410 - controls.manual_override - INFO - User Test User (test_user) granted EMERGENCY_CONTROL access
2025-07-19 17:42:30,410 - controls.manual_override - INFO - Override session started: OVERRIDE_20250719_174230_ce4b9e2c
2025-07-19 17:42:30,410 - controls.manual_override - INFO - User: Test User (test_user)
2025-07-19 17:42:30,410 - controls.manual_override - INFO - Level: PARAMETER_ADJUST
2025-07-19 17:42:30,410 - controls.manual_override - INFO - Reason: Testing manual override
2025-07-19 17:42:30,410 - controls.manual_override - INFO - Session OVERRIDE_20250719_174230_ce4b9e2c level: 2
2025-07-19 17:42:30,410 - controls.manual_override - INFO - Requested action: pause_strategy
2025-07-19 17:42:30,410 - controls.manual_override - INFO - Allowed actions: ['adjust_position_size', 'change_sip_amount']
2025-07-19 17:42:30,410 - controls.manual_override - WARNING - Action pause_strategy not permitted for this session OVERRIDE_20250719_174230_ce4b9e2c
2025-07-19 17:42:35,193 - controls.circuit_breaker - INFO - Circuit breaker 'test_breaker' initialized with 2 triggers
2025-07-19 17:42:35,194 - controls.circuit_breaker - CRITICAL - CIRCUIT BREAKER TRIGGERED: test_breaker
2025-07-19 17:42:35,194 - controls.circuit_breaker - CRITICAL - Trigger: portfolio_loss
2025-07-19 17:42:35,194 - controls.circuit_breaker - CRITICAL - Current Value: -0.12
2025-07-19 17:42:35,194 - controls.circuit_breaker - CRITICAL - Threshold: 0.1
2025-07-19 17:42:35,194 - controls.circuit_breaker - CRITICAL - Breach Ratio: 1.20
2025-07-19 17:42:35,195 - controls.circuit_breaker - INFO - Circuit breaker 'test_breaker' entering cooldown until 2025-07-19 18:12:35.194106
2025-07-19 17:42:35,195 - controls.circuit_breaker - INFO - Circuit breaker 'test_breaker' reset from cooling_down to active
2025-07-19 17:42:35,195 - controls.circuit_breaker - INFO - Circuit breaker 'test_breaker' manually reset: Test reset
2025-07-19 17:42:35,195 - controls.emergency_stop - INFO - Emergency stop system initialized for TEST_SYSTEM
2025-07-19 17:42:35,195 - controls.emergency_stop - CRITICAL - EMERGENCY STOP ACTIVATED - Level: soft_stop
2025-07-19 17:42:35,195 - controls.emergency_stop - CRITICAL - Reason: manual_stop - Test soft stop
2025-07-19 17:42:35,195 - controls.emergency_stop - CRITICAL - Initiated by: test_user
2025-07-19 17:42:35,195 - controls.emergency_stop - CRITICAL - Stop ID: 339ab84f-7df2-4bcc-b8e0-b623731d0989
2025-07-19 17:42:35,196 - controls.emergency_stop - INFO - Recovery initiated by test_user: Test recovery
2025-07-19 17:42:35,196 - controls.emergency_stop - INFO - Emergency stop recovery completed
2025-07-19 17:42:35,196 - controls.emergency_stop - INFO - Stop duration: 0:00:00.000508
2025-07-19 17:42:35,196 - controls.emergency_stop - INFO - Recovery notes: Test completed
2025-07-19 17:42:35,196 - controls.manual_override - INFO - Manual override system initialized for TEST_SYSTEM
2025-07-19 17:42:35,196 - controls.manual_override - INFO - User Test User (test_user) granted EMERGENCY_CONTROL access
2025-07-19 17:42:35,196 - controls.manual_override - INFO - Override session started: OVERRIDE_20250719_174235_7256eb14
2025-07-19 17:42:35,196 - controls.manual_override - INFO - User: Test User (test_user)
2025-07-19 17:42:35,196 - controls.manual_override - INFO - Level: PARAMETER_ADJUST
2025-07-19 17:42:35,196 - controls.manual_override - INFO - Reason: Testing manual override
2025-07-19 17:42:35,196 - controls.manual_override - INFO - Session OVERRIDE_20250719_174235_7256eb14 level: 2
2025-07-19 17:42:35,197 - controls.manual_override - INFO - Requested action: pause_strategy
2025-07-19 17:42:35,197 - controls.manual_override - INFO - Allowed actions: ['pause_strategy', 'change_sip_amount']
2025-07-19 17:42:35,197 - controls.manual_override - INFO - Adjusting position size for None to None
2025-07-19 17:42:35,197 - controls.manual_override - INFO - Override action executed: pause_strategy
2025-07-19 17:42:35,197 - controls.manual_override - INFO - Request ID: REQ_OVERRIDE_20250719_174235_7256eb14_pause_strategy_20250719_174235_197
2025-07-19 17:42:35,197 - controls.manual_override - INFO - Result: {'success': True, 'action': 'Position size adjusted', 'symbol': None, 'new_size': None}
2025-07-19 17:42:35,197 - controls.manual_override - INFO - Override session ended: OVERRIDE_20250719_174235_7256eb14
2025-07-19 17:42:35,197 - controls.manual_override - INFO - Duration: 0:00:00.000831
2025-07-19 17:42:35,197 - controls.manual_override - INFO - Actions performed: 1
2025-07-19 17:42:35,197 - controls.manual_override - INFO - Reason: Test completed
2025-07-19 17:42:40,753 - risk_management.risk_engine - INFO - Risk Engine initialized
2025-07-19 17:42:40,753 - risk_management.risk_engine - WARNING - Risk violation: max_single_position - Position in RELIANCE would be 353.33% of portfolio
2025-07-19 17:42:40,753 - risk_management.risk_engine - WARNING - Risk violation: insufficient_cash - Insufficient cash: need 270300.00, have 50000.00
2025-07-19 17:42:40,753 - risk_management.risk_engine - WARNING - Risk violation: max_single_position - Position in RELIANCE would be 17843.33% of portfolio
2025-07-19 17:42:40,753 - risk_management.risk_engine - WARNING - Risk violation: insufficient_cash - Insufficient cash: need 27030000.00, have 50000.00
2025-07-19 17:42:40,754 - risk_management.risk_engine - CRITICAL - EMERGENCY STOP ACTIVATED: Test emergency stop
2025-07-19 17:42:40,754 - risk_management.risk_engine - INFO - Emergency stop reset: Test reset
2025-07-19 17:42:40,758 - data.storage - INFO - Database initialized successfully
2025-07-19 17:42:40,758 - brokers.zerodha_broker - INFO - Zerodha broker initialized in demo mode
2025-07-19 17:42:40,759 - brokers.zerodha_broker - INFO - Connecting to Zerodha API...
2025-07-19 17:42:40,759 - brokers.zerodha_broker - INFO - Running in DEMO mode - using mock broker
2025-07-19 17:42:40,786 - monitoring.dashboard - INFO - Trading dashboard initialized
2025-07-19 17:42:40,810 - controls.circuit_breaker - INFO - Circuit breaker 'test_breaker' initialized with 2 triggers
2025-07-19 17:42:40,810 - controls.circuit_breaker - CRITICAL - CIRCUIT BREAKER TRIGGERED: test_breaker
2025-07-19 17:42:40,810 - controls.circuit_breaker - CRITICAL - Trigger: portfolio_loss
2025-07-19 17:42:40,810 - controls.circuit_breaker - CRITICAL - Current Value: -0.12
2025-07-19 17:42:40,810 - controls.circuit_breaker - CRITICAL - Threshold: 0.1
2025-07-19 17:42:40,810 - controls.circuit_breaker - CRITICAL - Breach Ratio: 1.20
2025-07-19 17:42:40,810 - controls.circuit_breaker - INFO - Circuit breaker 'test_breaker' entering cooldown until 2025-07-19 18:12:40.810479
2025-07-19 17:42:40,810 - controls.circuit_breaker - INFO - Circuit breaker 'test_breaker' reset from cooling_down to active
2025-07-19 17:42:40,810 - controls.circuit_breaker - INFO - Circuit breaker 'test_breaker' manually reset: Test reset
2025-07-19 17:42:40,810 - controls.emergency_stop - INFO - Emergency stop system initialized for TEST_SYSTEM
2025-07-19 17:42:40,810 - controls.emergency_stop - CRITICAL - EMERGENCY STOP ACTIVATED - Level: soft_stop
2025-07-19 17:42:40,810 - controls.emergency_stop - CRITICAL - Reason: manual_stop - Test soft stop
2025-07-19 17:42:40,810 - controls.emergency_stop - CRITICAL - Initiated by: test_user
2025-07-19 17:42:40,810 - controls.emergency_stop - CRITICAL - Stop ID: e6f58db4-fe77-49b5-a050-c2992caf9eae
2025-07-19 17:42:40,810 - controls.emergency_stop - INFO - Recovery initiated by test_user: Test recovery
2025-07-19 17:42:40,810 - controls.emergency_stop - INFO - Emergency stop recovery completed
2025-07-19 17:42:40,810 - controls.emergency_stop - INFO - Stop duration: 0:00:00.000103
2025-07-19 17:42:40,810 - controls.emergency_stop - INFO - Recovery notes: Test completed
2025-07-19 17:42:40,810 - controls.manual_override - INFO - Manual override system initialized for TEST_SYSTEM
2025-07-19 17:42:40,810 - controls.manual_override - INFO - User Test User (test_user) granted EMERGENCY_CONTROL access
2025-07-19 17:42:40,810 - controls.manual_override - INFO - Override session started: OVERRIDE_20250719_174240_b06fdcc2
2025-07-19 17:42:40,810 - controls.manual_override - INFO - User: Test User (test_user)
2025-07-19 17:42:40,810 - controls.manual_override - INFO - Level: PARAMETER_ADJUST
2025-07-19 17:42:40,811 - controls.manual_override - INFO - Reason: Testing manual override
2025-07-19 17:42:40,811 - controls.manual_override - INFO - Session OVERRIDE_20250719_174240_b06fdcc2 level: 2
2025-07-19 17:42:40,811 - controls.manual_override - INFO - Requested action: pause_strategy
2025-07-19 17:42:40,811 - controls.manual_override - INFO - Allowed actions: ['pause_strategy', 'change_sip_amount']
2025-07-19 17:42:40,811 - controls.manual_override - INFO - Adjusting position size for None to None
2025-07-19 17:42:40,811 - controls.manual_override - INFO - Override action executed: pause_strategy
2025-07-19 17:42:40,811 - controls.manual_override - INFO - Request ID: REQ_OVERRIDE_20250719_174240_b06fdcc2_pause_strategy_20250719_174240_811
2025-07-19 17:42:40,811 - controls.manual_override - INFO - Result: {'success': True, 'action': 'Position size adjusted', 'symbol': None, 'new_size': None}
2025-07-19 17:42:40,811 - controls.manual_override - INFO - Override session ended: OVERRIDE_20250719_174240_b06fdcc2
2025-07-19 17:42:40,811 - controls.manual_override - INFO - Duration: 0:00:00.000231
2025-07-19 17:42:40,811 - controls.manual_override - INFO - Actions performed: 1
2025-07-19 17:42:40,811 - controls.manual_override - INFO - Reason: Test completed
2025-07-19 17:42:40,811 - risk_management.risk_engine - INFO - Risk Engine initialized
2025-07-19 17:42:40,811 - controls.emergency_stop - INFO - Emergency stop system initialized for INTEGRATION_TEST
2025-07-19 17:42:40,811 - risk_management.risk_engine - WARNING - Risk violation: max_single_position - Position in RELIANCE would be 15900.00% of portfolio
2025-07-19 17:42:40,811 - risk_management.risk_engine - WARNING - Risk violation: max_portfolio_drawdown - Portfolio drawdown is 20.00%
2025-07-19 17:42:40,811 - risk_management.risk_engine - WARNING - Risk violation: daily_loss_limit - Daily loss is 15.00%
2025-07-19 17:42:40,811 - risk_management.risk_engine - WARNING - Risk violation: insufficient_cash - Insufficient cash: need 13515000.00, have 10000.00
2025-07-19 17:42:40,811 - controls.emergency_stop - CRITICAL - EMERGENCY STOP ACTIVATED - Level: hard_stop
2025-07-19 17:42:40,811 - controls.emergency_stop - CRITICAL - Reason: risk_breach - Critical risk violation detected
2025-07-19 17:42:40,811 - controls.emergency_stop - CRITICAL - Initiated by: RISK_ENGINE
2025-07-19 17:42:40,811 - controls.emergency_stop - CRITICAL - Stop ID: abdef56c-9c9b-4e48-9235-a4207f441e1a
2025-07-19 17:42:40,811 - data.storage - INFO - Database initialized successfully
2025-07-19 17:42:40,811 - brokers.zerodha_broker - INFO - Zerodha broker initialized in demo mode
2025-07-19 17:42:40,811 - brokers.zerodha_broker - INFO - Connecting to Zerodha API...
2025-07-19 17:42:40,811 - brokers.zerodha_broker - INFO - Running in DEMO mode - using mock broker
2025-07-19 17:42:40,818 - monitoring.dashboard - INFO - Trading dashboard initialized
2025-07-19 17:42:40,818 - risk_management.risk_engine - INFO - Risk Engine initialized
2025-07-19 17:42:40,818 - risk_management.risk_engine - WARNING - Risk violation: max_single_position - Position in RELIANCE would be 194.33% of portfolio
2025-07-19 17:42:40,818 - risk_management.risk_engine - WARNING - Risk violation: max_single_position - Position in RELIANCE would be 196.10% of portfolio
2025-07-19 17:42:40,818 - risk_management.risk_engine - WARNING - Risk violation: max_single_position - Position in RELIANCE would be 197.87% of portfolio
2025-07-19 17:42:40,818 - risk_management.risk_engine - WARNING - Risk violation: max_single_position - Position in RELIANCE would be 199.63% of portfolio
2025-07-19 17:42:40,818 - risk_management.risk_engine - WARNING - Risk violation: max_single_position - Position in RELIANCE would be 201.40% of portfolio
2025-07-19 17:42:40,818 - risk_management.risk_engine - WARNING - Risk violation: max_single_position - Position in RELIANCE would be 203.17% of portfolio
2025-07-19 17:42:40,818 - risk_management.risk_engine - WARNING - Risk violation: max_single_position - Position in RELIANCE would be 204.93% of portfolio
2025-07-19 17:42:40,818 - risk_management.risk_engine - WARNING - Risk violation: max_single_position - Position in RELIANCE would be 206.70% of portfolio
2025-07-19 17:42:40,818 - risk_management.risk_engine - WARNING - Risk violation: max_single_position - Position in RELIANCE would be 208.47% of portfolio
2025-07-19 17:42:40,818 - risk_management.risk_engine - WARNING - Risk violation: max_single_position - Position in RELIANCE would be 210.23% of portfolio
2025-07-19 17:42:40,818 - risk_management.risk_engine - WARNING - Risk violation: insufficient_cash - Insufficient cash: need 51357.00, have 50000.00
2025-07-19 17:42:40,818 - risk_management.risk_engine - WARNING - Risk violation: max_single_position - Position in RELIANCE would be 212.00% of portfolio
2025-07-19 17:42:40,818 - risk_management.risk_engine - WARNING - Risk violation: insufficient_cash - Insufficient cash: need 54060.00, have 50000.00
2025-07-19 17:42:40,818 - risk_management.risk_engine - WARNING - Risk violation: max_single_position - Position in RELIANCE would be 213.77% of portfolio
2025-07-19 17:42:40,818 - risk_management.risk_engine - WARNING - Risk violation: insufficient_cash - Insufficient cash: need 56763.00, have 50000.00
2025-07-19 17:42:40,818 - risk_management.risk_engine - WARNING - Risk violation: max_single_position - Position in RELIANCE would be 215.53% of portfolio
2025-07-19 17:42:40,818 - risk_management.risk_engine - WARNING - Risk violation: insufficient_cash - Insufficient cash: need 59466.00, have 50000.00
2025-07-19 17:42:40,818 - risk_management.risk_engine - WARNING - Risk violation: max_single_position - Position in RELIANCE would be 217.30% of portfolio
2025-07-19 17:42:40,818 - risk_management.risk_engine - WARNING - Risk violation: insufficient_cash - Insufficient cash: need 62169.00, have 50000.00
2025-07-19 17:42:40,818 - risk_management.risk_engine - WARNING - Risk violation: max_single_position - Position in RELIANCE would be 219.07% of portfolio
2025-07-19 17:42:40,818 - risk_management.risk_engine - WARNING - Risk violation: insufficient_cash - Insufficient cash: need 64872.00, have 50000.00
2025-07-19 17:42:40,818 - risk_management.risk_engine - WARNING - Risk violation: max_single_position - Position in RELIANCE would be 220.83% of portfolio
2025-07-19 17:42:40,818 - risk_management.risk_engine - WARNING - Risk violation: insufficient_cash - Insufficient cash: need 67575.00, have 50000.00
2025-07-19 17:42:40,818 - risk_management.risk_engine - WARNING - Risk violation: max_single_position - Position in RELIANCE would be 222.60% of portfolio
2025-07-19 17:42:40,818 - risk_management.risk_engine - WARNING - Risk violation: insufficient_cash - Insufficient cash: need 70278.00, have 50000.00
2025-07-19 17:42:40,818 - risk_management.risk_engine - WARNING - Risk violation: max_single_position - Position in RELIANCE would be 224.37% of portfolio
2025-07-19 17:42:40,818 - risk_management.risk_engine - WARNING - Risk violation: insufficient_cash - Insufficient cash: need 72981.00, have 50000.00
2025-07-19 17:42:40,818 - risk_management.risk_engine - WARNING - Risk violation: max_single_position - Position in RELIANCE would be 226.13% of portfolio
2025-07-19 17:42:40,818 - risk_management.risk_engine - WARNING - Risk violation: insufficient_cash - Insufficient cash: need 75684.00, have 50000.00
2025-07-19 17:42:40,818 - risk_management.risk_engine - WARNING - Risk violation: max_single_position - Position in RELIANCE would be 227.90% of portfolio
2025-07-19 17:42:40,818 - risk_management.risk_engine - WARNING - Risk violation: insufficient_cash - Insufficient cash: need 78387.00, have 50000.00
2025-07-19 17:42:40,818 - risk_management.risk_engine - WARNING - Risk violation: max_single_position - Position in RELIANCE would be 229.67% of portfolio
2025-07-19 17:42:40,818 - risk_management.risk_engine - WARNING - Risk violation: insufficient_cash - Insufficient cash: need 81090.00, have 50000.00
2025-07-19 17:42:40,818 - risk_management.risk_engine - WARNING - Risk violation: max_single_position - Position in RELIANCE would be 231.43% of portfolio
2025-07-19 17:42:40,818 - risk_management.risk_engine - WARNING - Risk violation: insufficient_cash - Insufficient cash: need 83793.00, have 50000.00
2025-07-19 17:42:40,818 - risk_management.risk_engine - WARNING - Risk violation: max_single_position - Position in RELIANCE would be 233.20% of portfolio
2025-07-19 17:42:40,818 - risk_management.risk_engine - WARNING - Risk violation: insufficient_cash - Insufficient cash: need 86496.00, have 50000.00
2025-07-19 17:42:40,818 - risk_management.risk_engine - WARNING - Risk violation: max_single_position - Position in RELIANCE would be 234.97% of portfolio
2025-07-19 17:42:40,818 - risk_management.risk_engine - WARNING - Risk violation: insufficient_cash - Insufficient cash: need 89199.00, have 50000.00
2025-07-19 17:42:40,818 - risk_management.risk_engine - WARNING - Risk violation: max_single_position - Position in RELIANCE would be 236.73% of portfolio
2025-07-19 17:42:40,818 - risk_management.risk_engine - WARNING - Risk violation: insufficient_cash - Insufficient cash: need 91902.00, have 50000.00
2025-07-19 17:42:40,818 - risk_management.risk_engine - WARNING - Risk violation: max_single_position - Position in RELIANCE would be 238.50% of portfolio
2025-07-19 17:42:40,818 - risk_management.risk_engine - WARNING - Risk violation: insufficient_cash - Insufficient cash: need 94605.00, have 50000.00
2025-07-19 17:42:40,818 - risk_management.risk_engine - WARNING - Risk violation: max_single_position - Position in RELIANCE would be 240.27% of portfolio
2025-07-19 17:42:40,818 - risk_management.risk_engine - WARNING - Risk violation: insufficient_cash - Insufficient cash: need 97308.00, have 50000.00
2025-07-19 17:42:40,818 - risk_management.risk_engine - WARNING - Risk violation: max_single_position - Position in RELIANCE would be 242.03% of portfolio
2025-07-19 17:42:40,818 - risk_management.risk_engine - WARNING - Risk violation: insufficient_cash - Insufficient cash: need 100011.00, have 50000.00
2025-07-19 17:42:40,819 - risk_management.risk_engine - WARNING - Risk violation: max_single_position - Position in RELIANCE would be 243.80% of portfolio
2025-07-19 17:42:40,819 - risk_management.risk_engine - WARNING - Risk violation: insufficient_cash - Insufficient cash: need 102714.00, have 50000.00
2025-07-19 17:42:40,819 - risk_management.risk_engine - WARNING - Risk violation: max_single_position - Position in RELIANCE would be 245.57% of portfolio
2025-07-19 17:42:40,819 - risk_management.risk_engine - WARNING - Risk violation: insufficient_cash - Insufficient cash: need 105417.00, have 50000.00
2025-07-19 17:42:40,819 - risk_management.risk_engine - WARNING - Risk violation: max_single_position - Position in RELIANCE would be 247.33% of portfolio
2025-07-19 17:42:40,819 - risk_management.risk_engine - WARNING - Risk violation: insufficient_cash - Insufficient cash: need 108120.00, have 50000.00
2025-07-19 17:42:40,819 - risk_management.risk_engine - WARNING - Risk violation: max_single_position - Position in RELIANCE would be 249.10% of portfolio
2025-07-19 17:42:40,819 - risk_management.risk_engine - WARNING - Risk violation: insufficient_cash - Insufficient cash: need 110823.00, have 50000.00
2025-07-19 17:42:40,819 - risk_management.risk_engine - WARNING - Risk violation: max_single_position - Position in RELIANCE would be 250.87% of portfolio
2025-07-19 17:42:40,819 - risk_management.risk_engine - WARNING - Risk violation: insufficient_cash - Insufficient cash: need 113526.00, have 50000.00
2025-07-19 17:42:40,819 - risk_management.risk_engine - WARNING - Risk violation: max_single_position - Position in RELIANCE would be 252.63% of portfolio
2025-07-19 17:42:40,819 - risk_management.risk_engine - WARNING - Risk violation: insufficient_cash - Insufficient cash: need 116229.00, have 50000.00
2025-07-19 17:42:40,819 - risk_management.risk_engine - WARNING - Risk violation: max_single_position - Position in RELIANCE would be 254.40% of portfolio
2025-07-19 17:42:40,819 - risk_management.risk_engine - WARNING - Risk violation: insufficient_cash - Insufficient cash: need 118932.00, have 50000.00
2025-07-19 17:42:40,819 - risk_management.risk_engine - WARNING - Risk violation: max_single_position - Position in RELIANCE would be 256.17% of portfolio
2025-07-19 17:42:40,819 - risk_management.risk_engine - WARNING - Risk violation: insufficient_cash - Insufficient cash: need 121635.00, have 50000.00
2025-07-19 17:42:40,819 - risk_management.risk_engine - WARNING - Risk violation: max_single_position - Position in RELIANCE would be 257.93% of portfolio
2025-07-19 17:42:40,819 - risk_management.risk_engine - WARNING - Risk violation: insufficient_cash - Insufficient cash: need 124338.00, have 50000.00
2025-07-19 17:42:40,819 - risk_management.risk_engine - WARNING - Risk violation: max_single_position - Position in RELIANCE would be 259.70% of portfolio
2025-07-19 17:42:40,819 - risk_management.risk_engine - WARNING - Risk violation: insufficient_cash - Insufficient cash: need 127041.00, have 50000.00
2025-07-19 17:42:40,819 - risk_management.risk_engine - WARNING - Risk violation: max_single_position - Position in RELIANCE would be 261.47% of portfolio
2025-07-19 17:42:40,819 - risk_management.risk_engine - WARNING - Risk violation: insufficient_cash - Insufficient cash: need 129744.00, have 50000.00
2025-07-19 17:42:40,819 - risk_management.risk_engine - WARNING - Risk violation: max_single_position - Position in RELIANCE would be 263.23% of portfolio
2025-07-19 17:42:40,819 - risk_management.risk_engine - WARNING - Risk violation: insufficient_cash - Insufficient cash: need 132447.00, have 50000.00
2025-07-19 17:42:40,819 - risk_management.risk_engine - WARNING - Risk violation: max_single_position - Position in RELIANCE would be 265.00% of portfolio
2025-07-19 17:42:40,819 - risk_management.risk_engine - WARNING - Risk violation: insufficient_cash - Insufficient cash: need 135150.00, have 50000.00
2025-07-19 17:42:40,819 - risk_management.risk_engine - WARNING - Risk violation: max_single_position - Position in RELIANCE would be 266.77% of portfolio
2025-07-19 17:42:40,819 - risk_management.risk_engine - WARNING - Risk violation: insufficient_cash - Insufficient cash: need 137853.00, have 50000.00
2025-07-19 17:42:40,819 - risk_management.risk_engine - WARNING - Risk violation: max_single_position - Position in RELIANCE would be 268.53% of portfolio
2025-07-19 17:42:40,819 - risk_management.risk_engine - WARNING - Risk violation: insufficient_cash - Insufficient cash: need 140556.00, have 50000.00
2025-07-19 17:42:40,819 - risk_management.risk_engine - WARNING - Risk violation: max_single_position - Position in RELIANCE would be 270.30% of portfolio
2025-07-19 17:42:40,819 - risk_management.risk_engine - WARNING - Risk violation: insufficient_cash - Insufficient cash: need 143259.00, have 50000.00
2025-07-19 17:42:40,819 - risk_management.risk_engine - WARNING - Risk violation: max_single_position - Position in RELIANCE would be 272.07% of portfolio
2025-07-19 17:42:40,819 - risk_management.risk_engine - WARNING - Risk violation: insufficient_cash - Insufficient cash: need 145962.00, have 50000.00
2025-07-19 17:42:40,819 - risk_management.risk_engine - WARNING - Risk violation: max_single_position - Position in RELIANCE would be 273.83% of portfolio
2025-07-19 17:42:40,819 - risk_management.risk_engine - WARNING - Risk violation: insufficient_cash - Insufficient cash: need 148665.00, have 50000.00
2025-07-19 17:42:40,819 - risk_management.risk_engine - WARNING - Risk violation: max_single_position - Position in RELIANCE would be 275.60% of portfolio
2025-07-19 17:42:40,819 - risk_management.risk_engine - WARNING - Risk violation: insufficient_cash - Insufficient cash: need 151368.00, have 50000.00
2025-07-19 17:42:40,819 - risk_management.risk_engine - WARNING - Risk violation: max_single_position - Position in RELIANCE would be 277.37% of portfolio
2025-07-19 17:42:40,819 - risk_management.risk_engine - WARNING - Risk violation: insufficient_cash - Insufficient cash: need 154071.00, have 50000.00
2025-07-19 17:42:40,819 - risk_management.risk_engine - WARNING - Risk violation: max_single_position - Position in RELIANCE would be 279.13% of portfolio
2025-07-19 17:42:40,819 - risk_management.risk_engine - WARNING - Risk violation: insufficient_cash - Insufficient cash: need 156774.00, have 50000.00
2025-07-19 17:42:40,819 - risk_management.risk_engine - WARNING - Risk violation: max_single_position - Position in RELIANCE would be 280.90% of portfolio
2025-07-19 17:42:40,819 - risk_management.risk_engine - WARNING - Risk violation: insufficient_cash - Insufficient cash: need 159477.00, have 50000.00
2025-07-19 17:42:40,819 - risk_management.risk_engine - WARNING - Risk violation: max_single_position - Position in RELIANCE would be 282.67% of portfolio
2025-07-19 17:42:40,819 - risk_management.risk_engine - WARNING - Risk violation: insufficient_cash - Insufficient cash: need 162180.00, have 50000.00
2025-07-19 17:42:40,819 - risk_management.risk_engine - WARNING - Risk violation: max_single_position - Position in RELIANCE would be 284.43% of portfolio
2025-07-19 17:42:40,819 - risk_management.risk_engine - WARNING - Risk violation: insufficient_cash - Insufficient cash: need 164883.00, have 50000.00
2025-07-19 17:42:40,819 - risk_management.risk_engine - WARNING - Risk violation: max_single_position - Position in RELIANCE would be 286.20% of portfolio
2025-07-19 17:42:40,819 - risk_management.risk_engine - WARNING - Risk violation: insufficient_cash - Insufficient cash: need 167586.00, have 50000.00
2025-07-19 17:42:40,819 - risk_management.risk_engine - WARNING - Risk violation: max_single_position - Position in RELIANCE would be 287.97% of portfolio
2025-07-19 17:42:40,820 - risk_management.risk_engine - WARNING - Risk violation: insufficient_cash - Insufficient cash: need 170289.00, have 50000.00
2025-07-19 17:42:40,820 - risk_management.risk_engine - WARNING - Risk violation: max_single_position - Position in RELIANCE would be 289.73% of portfolio
2025-07-19 17:42:40,820 - risk_management.risk_engine - WARNING - Risk violation: insufficient_cash - Insufficient cash: need 172992.00, have 50000.00
2025-07-19 17:42:40,820 - risk_management.risk_engine - WARNING - Risk violation: max_single_position - Position in RELIANCE would be 291.50% of portfolio
2025-07-19 17:42:40,820 - risk_management.risk_engine - WARNING - Risk violation: insufficient_cash - Insufficient cash: need 175695.00, have 50000.00
2025-07-19 17:42:40,820 - risk_management.risk_engine - WARNING - Risk violation: max_single_position - Position in RELIANCE would be 293.27% of portfolio
2025-07-19 17:42:40,820 - risk_management.risk_engine - WARNING - Risk violation: insufficient_cash - Insufficient cash: need 178398.00, have 50000.00
2025-07-19 17:42:40,820 - risk_management.risk_engine - WARNING - Risk violation: max_single_position - Position in RELIANCE would be 295.03% of portfolio
2025-07-19 17:42:40,820 - risk_management.risk_engine - WARNING - Risk violation: insufficient_cash - Insufficient cash: need 181101.00, have 50000.00
2025-07-19 17:42:40,820 - risk_management.risk_engine - WARNING - Risk violation: max_single_position - Position in RELIANCE would be 296.80% of portfolio
2025-07-19 17:42:40,820 - risk_management.risk_engine - WARNING - Risk violation: insufficient_cash - Insufficient cash: need 183804.00, have 50000.00
2025-07-19 17:42:40,820 - risk_management.risk_engine - WARNING - Risk violation: max_single_position - Position in RELIANCE would be 298.57% of portfolio
2025-07-19 17:42:40,820 - risk_management.risk_engine - WARNING - Risk violation: insufficient_cash - Insufficient cash: need 186507.00, have 50000.00
2025-07-19 17:42:40,820 - risk_management.risk_engine - WARNING - Risk violation: max_single_position - Position in RELIANCE would be 300.33% of portfolio
2025-07-19 17:42:40,820 - risk_management.risk_engine - WARNING - Risk violation: insufficient_cash - Insufficient cash: need 189210.00, have 50000.00
2025-07-19 17:42:40,820 - risk_management.risk_engine - WARNING - Risk violation: max_single_position - Position in RELIANCE would be 302.10% of portfolio
2025-07-19 17:42:40,820 - risk_management.risk_engine - WARNING - Risk violation: insufficient_cash - Insufficient cash: need 191913.00, have 50000.00
2025-07-19 17:42:40,820 - risk_management.risk_engine - WARNING - Risk violation: max_single_position - Position in RELIANCE would be 303.87% of portfolio
2025-07-19 17:42:40,820 - risk_management.risk_engine - WARNING - Risk violation: insufficient_cash - Insufficient cash: need 194616.00, have 50000.00
2025-07-19 17:42:40,820 - risk_management.risk_engine - WARNING - Risk violation: max_single_position - Position in RELIANCE would be 305.63% of portfolio
2025-07-19 17:42:40,820 - risk_management.risk_engine - WARNING - Risk violation: insufficient_cash - Insufficient cash: need 197319.00, have 50000.00
2025-07-19 17:42:40,820 - risk_management.risk_engine - WARNING - Risk violation: max_single_position - Position in RELIANCE would be 307.40% of portfolio
2025-07-19 17:42:40,820 - risk_management.risk_engine - WARNING - Risk violation: insufficient_cash - Insufficient cash: need 200022.00, have 50000.00
2025-07-19 17:42:40,820 - risk_management.risk_engine - WARNING - Risk violation: max_single_position - Position in RELIANCE would be 309.17% of portfolio
2025-07-19 17:42:40,820 - risk_management.risk_engine - WARNING - Risk violation: insufficient_cash - Insufficient cash: need 202725.00, have 50000.00
2025-07-19 17:42:40,820 - risk_management.risk_engine - WARNING - Risk violation: max_single_position - Position in RELIANCE would be 310.93% of portfolio
2025-07-19 17:42:40,820 - risk_management.risk_engine - WARNING - Risk violation: insufficient_cash - Insufficient cash: need 205428.00, have 50000.00
2025-07-19 17:42:40,820 - risk_management.risk_engine - WARNING - Risk violation: max_single_position - Position in RELIANCE would be 312.70% of portfolio
2025-07-19 17:42:40,820 - risk_management.risk_engine - WARNING - Risk violation: insufficient_cash - Insufficient cash: need 208131.00, have 50000.00
2025-07-19 17:42:40,820 - risk_management.risk_engine - WARNING - Risk violation: max_single_position - Position in RELIANCE would be 314.47% of portfolio
2025-07-19 17:42:40,820 - risk_management.risk_engine - WARNING - Risk violation: insufficient_cash - Insufficient cash: need 210834.00, have 50000.00
2025-07-19 17:42:40,820 - risk_management.risk_engine - WARNING - Risk violation: max_single_position - Position in RELIANCE would be 316.23% of portfolio
2025-07-19 17:42:40,820 - risk_management.risk_engine - WARNING - Risk violation: insufficient_cash - Insufficient cash: need 213537.00, have 50000.00
2025-07-19 17:42:40,820 - risk_management.risk_engine - WARNING - Risk violation: max_single_position - Position in RELIANCE would be 318.00% of portfolio
2025-07-19 17:42:40,820 - risk_management.risk_engine - WARNING - Risk violation: insufficient_cash - Insufficient cash: need 216240.00, have 50000.00
2025-07-19 17:42:40,820 - risk_management.risk_engine - WARNING - Risk violation: max_single_position - Position in RELIANCE would be 319.77% of portfolio
2025-07-19 17:42:40,820 - risk_management.risk_engine - WARNING - Risk violation: insufficient_cash - Insufficient cash: need 218943.00, have 50000.00
2025-07-19 17:42:40,820 - risk_management.risk_engine - WARNING - Risk violation: max_single_position - Position in RELIANCE would be 321.53% of portfolio
2025-07-19 17:42:40,820 - risk_management.risk_engine - WARNING - Risk violation: insufficient_cash - Insufficient cash: need 221646.00, have 50000.00
2025-07-19 17:42:40,820 - risk_management.risk_engine - WARNING - Risk violation: max_single_position - Position in RELIANCE would be 323.30% of portfolio
2025-07-19 17:42:40,820 - risk_management.risk_engine - WARNING - Risk violation: insufficient_cash - Insufficient cash: need 224349.00, have 50000.00
2025-07-19 17:42:40,820 - risk_management.risk_engine - WARNING - Risk violation: max_single_position - Position in RELIANCE would be 325.07% of portfolio
2025-07-19 17:42:40,820 - risk_management.risk_engine - WARNING - Risk violation: insufficient_cash - Insufficient cash: need 227052.00, have 50000.00
2025-07-19 17:42:40,820 - risk_management.risk_engine - WARNING - Risk violation: max_single_position - Position in RELIANCE would be 326.83% of portfolio
2025-07-19 17:42:40,820 - risk_management.risk_engine - WARNING - Risk violation: insufficient_cash - Insufficient cash: need 229755.00, have 50000.00
2025-07-19 17:42:40,820 - risk_management.risk_engine - WARNING - Risk violation: max_single_position - Position in RELIANCE would be 328.60% of portfolio
2025-07-19 17:42:40,820 - risk_management.risk_engine - WARNING - Risk violation: insufficient_cash - Insufficient cash: need 232458.00, have 50000.00
2025-07-19 17:42:40,820 - risk_management.risk_engine - WARNING - Risk violation: max_single_position - Position in RELIANCE would be 330.37% of portfolio
2025-07-19 17:42:40,820 - risk_management.risk_engine - WARNING - Risk violation: insufficient_cash - Insufficient cash: need 235161.00, have 50000.00
2025-07-19 17:42:40,820 - risk_management.risk_engine - WARNING - Risk violation: max_single_position - Position in RELIANCE would be 332.13% of portfolio
2025-07-19 17:42:40,820 - risk_management.risk_engine - WARNING - Risk violation: insufficient_cash - Insufficient cash: need 237864.00, have 50000.00
2025-07-19 17:42:40,820 - risk_management.risk_engine - WARNING - Risk violation: max_single_position - Position in RELIANCE would be 333.90% of portfolio
2025-07-19 17:42:40,820 - risk_management.risk_engine - WARNING - Risk violation: insufficient_cash - Insufficient cash: need 240567.00, have 50000.00
2025-07-19 17:42:40,820 - risk_management.risk_engine - WARNING - Risk violation: max_single_position - Position in RELIANCE would be 335.67% of portfolio
2025-07-19 17:42:40,820 - risk_management.risk_engine - WARNING - Risk violation: insufficient_cash - Insufficient cash: need 243270.00, have 50000.00
2025-07-19 17:42:40,820 - risk_management.risk_engine - WARNING - Risk violation: max_single_position - Position in RELIANCE would be 337.43% of portfolio
2025-07-19 17:42:40,821 - risk_management.risk_engine - WARNING - Risk violation: insufficient_cash - Insufficient cash: need 245973.00, have 50000.00
2025-07-19 17:42:40,821 - risk_management.risk_engine - WARNING - Risk violation: max_single_position - Position in RELIANCE would be 339.20% of portfolio
2025-07-19 17:42:40,821 - risk_management.risk_engine - WARNING - Risk violation: insufficient_cash - Insufficient cash: need 248676.00, have 50000.00
2025-07-19 17:42:40,821 - risk_management.risk_engine - WARNING - Risk violation: max_single_position - Position in RELIANCE would be 340.97% of portfolio
2025-07-19 17:42:40,821 - risk_management.risk_engine - WARNING - Risk violation: insufficient_cash - Insufficient cash: need 251379.00, have 50000.00
2025-07-19 17:42:40,821 - risk_management.risk_engine - WARNING - Risk violation: max_single_position - Position in RELIANCE would be 342.73% of portfolio
2025-07-19 17:42:40,821 - risk_management.risk_engine - WARNING - Risk violation: insufficient_cash - Insufficient cash: need 254082.00, have 50000.00
2025-07-19 17:42:40,821 - risk_management.risk_engine - WARNING - Risk violation: max_single_position - Position in RELIANCE would be 344.50% of portfolio
2025-07-19 17:42:40,821 - risk_management.risk_engine - WARNING - Risk violation: insufficient_cash - Insufficient cash: need 256785.00, have 50000.00
2025-07-19 17:42:40,821 - risk_management.risk_engine - WARNING - Risk violation: max_single_position - Position in RELIANCE would be 346.27% of portfolio
2025-07-19 17:42:40,821 - risk_management.risk_engine - WARNING - Risk violation: insufficient_cash - Insufficient cash: need 259488.00, have 50000.00
2025-07-19 17:42:40,821 - risk_management.risk_engine - WARNING - Risk violation: max_single_position - Position in RELIANCE would be 348.03% of portfolio
2025-07-19 17:42:40,821 - risk_management.risk_engine - WARNING - Risk violation: insufficient_cash - Insufficient cash: need 262191.00, have 50000.00
2025-07-19 17:42:40,821 - risk_management.risk_engine - WARNING - Risk violation: max_single_position - Position in RELIANCE would be 349.80% of portfolio
2025-07-19 17:42:40,821 - risk_management.risk_engine - WARNING - Risk violation: insufficient_cash - Insufficient cash: need 264894.00, have 50000.00
2025-07-19 17:42:40,821 - risk_management.risk_engine - WARNING - Risk violation: max_single_position - Position in RELIANCE would be 351.57% of portfolio
2025-07-19 17:42:40,821 - risk_management.risk_engine - WARNING - Risk violation: insufficient_cash - Insufficient cash: need 267597.00, have 50000.00
2025-07-19 17:42:40,821 - risk_management.risk_engine - WARNING - Risk violation: max_single_position - Position in RELIANCE would be 353.33% of portfolio
2025-07-19 17:42:40,821 - risk_management.risk_engine - WARNING - Risk violation: insufficient_cash - Insufficient cash: need 270300.00, have 50000.00
2025-07-19 17:42:40,821 - risk_management.risk_engine - WARNING - Risk violation: max_single_position - Position in RELIANCE would be 355.10% of portfolio
2025-07-19 17:42:40,821 - risk_management.risk_engine - WARNING - Risk violation: insufficient_cash - Insufficient cash: need 273003.00, have 50000.00
2025-07-19 17:42:40,821 - risk_management.risk_engine - WARNING - Risk violation: max_single_position - Position in RELIANCE would be 356.87% of portfolio
2025-07-19 17:42:40,821 - risk_management.risk_engine - WARNING - Risk violation: insufficient_cash - Insufficient cash: need 275706.00, have 50000.00
2025-07-19 17:42:40,821 - risk_management.risk_engine - WARNING - Risk violation: max_single_position - Position in RELIANCE would be 358.63% of portfolio
2025-07-19 17:42:40,821 - risk_management.risk_engine - WARNING - Risk violation: insufficient_cash - Insufficient cash: need 278409.00, have 50000.00
2025-07-19 17:42:40,821 - risk_management.risk_engine - WARNING - Risk violation: max_single_position - Position in RELIANCE would be 360.40% of portfolio
2025-07-19 17:42:40,821 - risk_management.risk_engine - WARNING - Risk violation: insufficient_cash - Insufficient cash: need 281112.00, have 50000.00
2025-07-19 17:42:40,821 - risk_management.risk_engine - WARNING - Risk violation: max_single_position - Position in RELIANCE would be 362.17% of portfolio
2025-07-19 17:42:40,821 - risk_management.risk_engine - WARNING - Risk violation: insufficient_cash - Insufficient cash: need 283815.00, have 50000.00
2025-07-19 17:42:40,821 - risk_management.risk_engine - WARNING - Risk violation: max_single_position - Position in RELIANCE would be 363.93% of portfolio
2025-07-19 17:42:40,821 - risk_management.risk_engine - WARNING - Risk violation: insufficient_cash - Insufficient cash: need 286518.00, have 50000.00
2025-07-19 17:42:40,821 - risk_management.risk_engine - WARNING - Risk violation: max_single_position - Position in RELIANCE would be 365.70% of portfolio
2025-07-19 17:42:40,821 - risk_management.risk_engine - WARNING - Risk violation: insufficient_cash - Insufficient cash: need 289221.00, have 50000.00
2025-07-19 17:42:40,821 - risk_management.risk_engine - WARNING - Risk violation: max_single_position - Position in RELIANCE would be 367.47% of portfolio
2025-07-19 17:42:40,821 - risk_management.risk_engine - WARNING - Risk violation: insufficient_cash - Insufficient cash: need 291924.00, have 50000.00
2025-07-19 17:42:40,821 - risk_management.risk_engine - WARNING - Risk violation: max_single_position - Position in RELIANCE would be 369.23% of portfolio
2025-07-19 17:42:40,821 - risk_management.risk_engine - WARNING - Risk violation: insufficient_cash - Insufficient cash: need 294627.00, have 50000.00
2025-07-19 17:42:40,821 - data.storage - INFO - Database initialized successfully
2025-07-19 17:42:40,821 - brokers.zerodha_broker - INFO - Zerodha broker initialized in demo mode
2025-07-19 17:42:40,821 - brokers.zerodha_broker - INFO - Connecting to Zerodha API...
2025-07-19 17:42:40,821 - brokers.zerodha_broker - INFO - Running in DEMO mode - using mock broker
2025-07-19 17:42:40,827 - monitoring.dashboard - INFO - Trading dashboard initialized
2025-07-19 17:42:40,827 - controls.manual_override - INFO - Manual override system initialized for SECURITY_TEST
2025-07-19 17:42:40,827 - controls.manual_override - WARNING - User unauthorized_user not authorized for manual override
2025-07-19 17:42:40,827 - controls.manual_override - INFO - User Admin (authorized_user) granted SYSTEM_CONTROL access
2025-07-19 17:42:40,827 - controls.manual_override - INFO - Override session started: OVERRIDE_20250719_174240_07396106
2025-07-19 17:42:40,827 - controls.manual_override - INFO - User: Admin (authorized_user)
2025-07-19 17:42:40,827 - controls.manual_override - INFO - Level: PARAMETER_ADJUST
2025-07-19 17:42:40,827 - controls.manual_override - INFO - Reason: Legitimate access
2025-07-19 17:42:40,827 - controls.manual_override - INFO - Session OVERRIDE_20250719_174240_07396106 level: 2
2025-07-19 17:42:40,827 - controls.manual_override - INFO - Requested action: override_circuit_breaker
2025-07-19 17:42:40,827 - controls.manual_override - INFO - Allowed actions: ['pause_strategy', 'change_sip_amount']
2025-07-19 17:42:40,828 - controls.manual_override - WARNING - Action override_circuit_breaker not permitted for session OVERRIDE_20250719_174240_07396106
2025-07-19 17:42:40,828 - controls.manual_override - INFO - Override session ended: OVERRIDE_20250719_174240_07396106
2025-07-19 17:42:40,828 - controls.manual_override - INFO - Duration: 0:00:00.000154
2025-07-19 17:42:40,828 - controls.manual_override - INFO - Actions performed: 0
2025-07-19 17:42:40,828 - controls.manual_override - INFO - Reason: Security test completed
2025-07-19 17:42:40,828 - controls.emergency_stop - INFO - Emergency stop system initialized for SECURITY_TEST
2025-07-19 17:42:40,828 - controls.emergency_stop - CRITICAL - EMERGENCY STOP ACTIVATED - Level: hard_stop
2025-07-19 17:42:40,828 - controls.emergency_stop - CRITICAL - Reason: manual_stop - Security test stop
2025-07-19 17:42:40,828 - controls.emergency_stop - CRITICAL - Initiated by: security_test
2025-07-19 17:42:40,828 - controls.emergency_stop - CRITICAL - Stop ID: 36d8c819-ef2c-4120-ad9b-e6e74da18a7a
2025-07-19 17:42:40,828 - controls.emergency_stop - INFO - Recovery initiated by unauthorized: Bypass attempt
2025-07-19 17:43:57,673 - data.storage - INFO - Database initialized successfully
2025-07-19 17:43:57,682 - data.storage - INFO - Stored 30 records for RELIANCE
2025-07-19 17:43:57,686 - data.storage - INFO - Stored 30 records for TCS
2025-07-19 17:43:57,690 - data.storage - INFO - Stored 30 records for HDFCBANK
2025-07-19 17:43:57,693 - data.storage - INFO - Stored 30 records for INFY
2025-07-19 17:43:57,697 - data.storage - INFO - Stored 30 records for NIFTY50
2025-07-19 17:44:11,269 - risk_management.risk_engine - INFO - Risk Engine initialized
2025-07-19 17:44:11,269 - risk_management.risk_engine - WARNING - Risk violation: max_single_position - Position in RELIANCE would be 353.33% of portfolio
2025-07-19 17:44:11,269 - risk_management.risk_engine - WARNING - Risk violation: insufficient_cash - Insufficient cash: need 270300.00, have 50000.00
2025-07-19 17:44:11,269 - risk_management.risk_engine - WARNING - Risk violation: max_single_position - Position in RELIANCE would be 17843.33% of portfolio
2025-07-19 17:44:11,269 - risk_management.risk_engine - WARNING - Risk violation: insufficient_cash - Insufficient cash: need 27030000.00, have 50000.00
2025-07-19 17:44:11,270 - risk_management.risk_engine - CRITICAL - EMERGENCY STOP ACTIVATED: Test emergency stop
2025-07-19 17:44:11,270 - risk_management.risk_engine - INFO - Emergency stop reset: Test reset
2025-07-19 17:44:11,271 - data.storage - INFO - Database initialized successfully
2025-07-19 17:44:11,271 - brokers.zerodha_broker - INFO - Zerodha broker initialized in demo mode
2025-07-19 17:44:11,271 - brokers.zerodha_broker - INFO - Connecting to Zerodha API...
2025-07-19 17:44:11,271 - brokers.zerodha_broker - INFO - Running in DEMO mode - using mock broker
2025-07-19 17:44:11,289 - monitoring.dashboard - INFO - Trading dashboard initialized
2025-07-19 17:44:11,294 - controls.circuit_breaker - INFO - Circuit breaker 'test_breaker' initialized with 2 triggers
2025-07-19 17:44:11,294 - controls.circuit_breaker - CRITICAL - CIRCUIT BREAKER TRIGGERED: test_breaker
2025-07-19 17:44:11,294 - controls.circuit_breaker - CRITICAL - Trigger: portfolio_loss
2025-07-19 17:44:11,294 - controls.circuit_breaker - CRITICAL - Current Value: -0.12
2025-07-19 17:44:11,294 - controls.circuit_breaker - CRITICAL - Threshold: 0.1
2025-07-19 17:44:11,294 - controls.circuit_breaker - CRITICAL - Breach Ratio: 1.20
2025-07-19 17:44:11,294 - controls.circuit_breaker - INFO - Circuit breaker 'test_breaker' entering cooldown until 2025-07-19 18:14:11.294116
2025-07-19 17:44:11,294 - controls.circuit_breaker - INFO - Circuit breaker 'test_breaker' reset from cooling_down to active
2025-07-19 17:44:11,294 - controls.circuit_breaker - INFO - Circuit breaker 'test_breaker' manually reset: Test reset
2025-07-19 17:44:11,294 - controls.emergency_stop - INFO - Emergency stop system initialized for TEST_SYSTEM
2025-07-19 17:44:11,294 - controls.emergency_stop - CRITICAL - EMERGENCY STOP ACTIVATED - Level: soft_stop
2025-07-19 17:44:11,294 - controls.emergency_stop - CRITICAL - Reason: manual_stop - Test soft stop
2025-07-19 17:44:11,294 - controls.emergency_stop - CRITICAL - Initiated by: test_user
2025-07-19 17:44:11,294 - controls.emergency_stop - CRITICAL - Stop ID: 828db30e-2993-4584-89ae-f8e954d00f60
2025-07-19 17:44:11,294 - controls.emergency_stop - INFO - Recovery initiated by test_user: Test recovery
2025-07-19 17:44:11,294 - controls.emergency_stop - INFO - Emergency stop recovery completed
2025-07-19 17:44:11,294 - controls.emergency_stop - INFO - Stop duration: 0:00:00.000186
2025-07-19 17:44:11,294 - controls.emergency_stop - INFO - Recovery notes: Test completed
2025-07-19 17:44:11,294 - controls.manual_override - INFO - Manual override system initialized for TEST_SYSTEM
2025-07-19 17:44:11,294 - controls.manual_override - INFO - User Test User (test_user) granted EMERGENCY_CONTROL access
2025-07-19 17:44:11,295 - controls.manual_override - INFO - Override session started: OVERRIDE_20250719_174411_4bf9e359
2025-07-19 17:44:11,295 - controls.manual_override - INFO - User: Test User (test_user)
2025-07-19 17:44:11,295 - controls.manual_override - INFO - Level: PARAMETER_ADJUST
2025-07-19 17:44:11,295 - controls.manual_override - INFO - Reason: Testing manual override
2025-07-19 17:44:11,295 - controls.manual_override - INFO - Session OVERRIDE_20250719_174411_4bf9e359 level: 2
2025-07-19 17:44:11,295 - controls.manual_override - INFO - Requested action: pause_strategy
2025-07-19 17:44:11,295 - controls.manual_override - INFO - Allowed actions: ['pause_strategy', 'change_sip_amount']
2025-07-19 17:44:11,295 - controls.manual_override - INFO - Adjusting position size for None to None
2025-07-19 17:44:11,295 - controls.manual_override - INFO - Override action executed: pause_strategy
2025-07-19 17:44:11,295 - controls.manual_override - INFO - Request ID: REQ_OVERRIDE_20250719_174411_4bf9e359_pause_strategy_20250719_174411_295
2025-07-19 17:44:11,295 - controls.manual_override - INFO - Result: {'success': True, 'action': 'Position size adjusted', 'symbol': None, 'new_size': None}
2025-07-19 17:44:11,295 - controls.manual_override - INFO - Override session ended: OVERRIDE_20250719_174411_4bf9e359
2025-07-19 17:44:11,295 - controls.manual_override - INFO - Duration: 0:00:00.000392
2025-07-19 17:44:11,295 - controls.manual_override - INFO - Actions performed: 1
2025-07-19 17:44:11,295 - controls.manual_override - INFO - Reason: Test completed
2025-07-19 17:44:11,295 - risk_management.risk_engine - INFO - Risk Engine initialized
2025-07-19 17:44:11,295 - controls.emergency_stop - INFO - Emergency stop system initialized for INTEGRATION_TEST
2025-07-19 17:44:11,295 - risk_management.risk_engine - WARNING - Risk violation: max_single_position - Position in RELIANCE would be 15900.00% of portfolio
2025-07-19 17:44:11,295 - risk_management.risk_engine - WARNING - Risk violation: max_portfolio_drawdown - Portfolio drawdown is 20.00%
2025-07-19 17:44:11,295 - risk_management.risk_engine - WARNING - Risk violation: daily_loss_limit - Daily loss is 15.00%
2025-07-19 17:44:11,295 - risk_management.risk_engine - WARNING - Risk violation: insufficient_cash - Insufficient cash: need 13515000.00, have 10000.00
2025-07-19 17:44:11,295 - controls.emergency_stop - CRITICAL - EMERGENCY STOP ACTIVATED - Level: hard_stop
2025-07-19 17:44:11,295 - controls.emergency_stop - CRITICAL - Reason: risk_breach - Critical risk violation detected
2025-07-19 17:44:11,295 - controls.emergency_stop - CRITICAL - Initiated by: RISK_ENGINE
2025-07-19 17:44:11,295 - controls.emergency_stop - CRITICAL - Stop ID: 59ee4e7b-7f41-4e63-87e4-4913fd3e67c1
2025-07-19 17:44:11,296 - data.storage - INFO - Database initialized successfully
2025-07-19 17:44:11,296 - brokers.zerodha_broker - INFO - Zerodha broker initialized in demo mode
2025-07-19 17:44:11,296 - brokers.zerodha_broker - INFO - Connecting to Zerodha API...
2025-07-19 17:44:11,296 - brokers.zerodha_broker - INFO - Running in DEMO mode - using mock broker
2025-07-19 17:44:11,305 - monitoring.dashboard - INFO - Trading dashboard initialized
2025-07-19 17:44:11,305 - risk_management.risk_engine - INFO - Risk Engine initialized
2025-07-19 17:44:11,305 - risk_management.risk_engine - WARNING - Risk violation: max_single_position - Position in RELIANCE would be 194.33% of portfolio
2025-07-19 17:44:11,305 - risk_management.risk_engine - WARNING - Risk violation: max_single_position - Position in RELIANCE would be 196.10% of portfolio
2025-07-19 17:44:11,305 - risk_management.risk_engine - WARNING - Risk violation: max_single_position - Position in RELIANCE would be 197.87% of portfolio
2025-07-19 17:44:11,305 - risk_management.risk_engine - WARNING - Risk violation: max_single_position - Position in RELIANCE would be 199.63% of portfolio
2025-07-19 17:44:11,305 - risk_management.risk_engine - WARNING - Risk violation: max_single_position - Position in RELIANCE would be 201.40% of portfolio
2025-07-19 17:44:11,305 - risk_management.risk_engine - WARNING - Risk violation: max_single_position - Position in RELIANCE would be 203.17% of portfolio
2025-07-19 17:44:11,305 - risk_management.risk_engine - WARNING - Risk violation: max_single_position - Position in RELIANCE would be 204.93% of portfolio
2025-07-19 17:44:11,305 - risk_management.risk_engine - WARNING - Risk violation: max_single_position - Position in RELIANCE would be 206.70% of portfolio
2025-07-19 17:44:11,305 - risk_management.risk_engine - WARNING - Risk violation: max_single_position - Position in RELIANCE would be 208.47% of portfolio
2025-07-19 17:44:11,305 - risk_management.risk_engine - WARNING - Risk violation: max_single_position - Position in RELIANCE would be 210.23% of portfolio
2025-07-19 17:44:11,305 - risk_management.risk_engine - WARNING - Risk violation: insufficient_cash - Insufficient cash: need 51357.00, have 50000.00
2025-07-19 17:44:11,305 - risk_management.risk_engine - WARNING - Risk violation: max_single_position - Position in RELIANCE would be 212.00% of portfolio
2025-07-19 17:44:11,305 - risk_management.risk_engine - WARNING - Risk violation: insufficient_cash - Insufficient cash: need 54060.00, have 50000.00
2025-07-19 17:44:11,305 - risk_management.risk_engine - WARNING - Risk violation: max_single_position - Position in RELIANCE would be 213.77% of portfolio
2025-07-19 17:44:11,305 - risk_management.risk_engine - WARNING - Risk violation: insufficient_cash - Insufficient cash: need 56763.00, have 50000.00
2025-07-19 17:44:11,305 - risk_management.risk_engine - WARNING - Risk violation: max_single_position - Position in RELIANCE would be 215.53% of portfolio
2025-07-19 17:44:11,305 - risk_management.risk_engine - WARNING - Risk violation: insufficient_cash - Insufficient cash: need 59466.00, have 50000.00
2025-07-19 17:44:11,305 - risk_management.risk_engine - WARNING - Risk violation: max_single_position - Position in RELIANCE would be 217.30% of portfolio
2025-07-19 17:44:11,305 - risk_management.risk_engine - WARNING - Risk violation: insufficient_cash - Insufficient cash: need 62169.00, have 50000.00
2025-07-19 17:44:11,305 - risk_management.risk_engine - WARNING - Risk violation: max_single_position - Position in RELIANCE would be 219.07% of portfolio
2025-07-19 17:44:11,305 - risk_management.risk_engine - WARNING - Risk violation: insufficient_cash - Insufficient cash: need 64872.00, have 50000.00
2025-07-19 17:44:11,306 - risk_management.risk_engine - WARNING - Risk violation: max_single_position - Position in RELIANCE would be 220.83% of portfolio
2025-07-19 17:44:11,306 - risk_management.risk_engine - WARNING - Risk violation: insufficient_cash - Insufficient cash: need 67575.00, have 50000.00
2025-07-19 17:44:11,306 - risk_management.risk_engine - WARNING - Risk violation: max_single_position - Position in RELIANCE would be 222.60% of portfolio
2025-07-19 17:44:11,306 - risk_management.risk_engine - WARNING - Risk violation: insufficient_cash - Insufficient cash: need 70278.00, have 50000.00
2025-07-19 17:44:11,306 - risk_management.risk_engine - WARNING - Risk violation: max_single_position - Position in RELIANCE would be 224.37% of portfolio
2025-07-19 17:44:11,306 - risk_management.risk_engine - WARNING - Risk violation: insufficient_cash - Insufficient cash: need 72981.00, have 50000.00
2025-07-19 17:44:11,306 - risk_management.risk_engine - WARNING - Risk violation: max_single_position - Position in RELIANCE would be 226.13% of portfolio
2025-07-19 17:44:11,306 - risk_management.risk_engine - WARNING - Risk violation: insufficient_cash - Insufficient cash: need 75684.00, have 50000.00
2025-07-19 17:44:11,306 - risk_management.risk_engine - WARNING - Risk violation: max_single_position - Position in RELIANCE would be 227.90% of portfolio
2025-07-19 17:44:11,306 - risk_management.risk_engine - WARNING - Risk violation: insufficient_cash - Insufficient cash: need 78387.00, have 50000.00
2025-07-19 17:44:11,306 - risk_management.risk_engine - WARNING - Risk violation: max_single_position - Position in RELIANCE would be 229.67% of portfolio
2025-07-19 17:44:11,306 - risk_management.risk_engine - WARNING - Risk violation: insufficient_cash - Insufficient cash: need 81090.00, have 50000.00
2025-07-19 17:44:11,306 - risk_management.risk_engine - WARNING - Risk violation: max_single_position - Position in RELIANCE would be 231.43% of portfolio
2025-07-19 17:44:11,306 - risk_management.risk_engine - WARNING - Risk violation: insufficient_cash - Insufficient cash: need 83793.00, have 50000.00
2025-07-19 17:44:11,306 - risk_management.risk_engine - WARNING - Risk violation: max_single_position - Position in RELIANCE would be 233.20% of portfolio
2025-07-19 17:44:11,306 - risk_management.risk_engine - WARNING - Risk violation: insufficient_cash - Insufficient cash: need 86496.00, have 50000.00
2025-07-19 17:44:11,306 - risk_management.risk_engine - WARNING - Risk violation: max_single_position - Position in RELIANCE would be 234.97% of portfolio
2025-07-19 17:44:11,306 - risk_management.risk_engine - WARNING - Risk violation: insufficient_cash - Insufficient cash: need 89199.00, have 50000.00
2025-07-19 17:44:11,306 - risk_management.risk_engine - WARNING - Risk violation: max_single_position - Position in RELIANCE would be 236.73% of portfolio
2025-07-19 17:44:11,306 - risk_management.risk_engine - WARNING - Risk violation: insufficient_cash - Insufficient cash: need 91902.00, have 50000.00
2025-07-19 17:44:11,306 - risk_management.risk_engine - WARNING - Risk violation: max_single_position - Position in RELIANCE would be 238.50% of portfolio
2025-07-19 17:44:11,306 - risk_management.risk_engine - WARNING - Risk violation: insufficient_cash - Insufficient cash: need 94605.00, have 50000.00
2025-07-19 17:44:11,306 - risk_management.risk_engine - WARNING - Risk violation: max_single_position - Position in RELIANCE would be 240.27% of portfolio
2025-07-19 17:44:11,306 - risk_management.risk_engine - WARNING - Risk violation: insufficient_cash - Insufficient cash: need 97308.00, have 50000.00
2025-07-19 17:44:11,306 - risk_management.risk_engine - WARNING - Risk violation: max_single_position - Position in RELIANCE would be 242.03% of portfolio
2025-07-19 17:44:11,306 - risk_management.risk_engine - WARNING - Risk violation: insufficient_cash - Insufficient cash: need 100011.00, have 50000.00
2025-07-19 17:44:11,306 - risk_management.risk_engine - WARNING - Risk violation: max_single_position - Position in RELIANCE would be 243.80% of portfolio
2025-07-19 17:44:11,306 - risk_management.risk_engine - WARNING - Risk violation: insufficient_cash - Insufficient cash: need 102714.00, have 50000.00
2025-07-19 17:44:11,306 - risk_management.risk_engine - WARNING - Risk violation: max_single_position - Position in RELIANCE would be 245.57% of portfolio
2025-07-19 17:44:11,306 - risk_management.risk_engine - WARNING - Risk violation: insufficient_cash - Insufficient cash: need 105417.00, have 50000.00
2025-07-19 17:44:11,306 - risk_management.risk_engine - WARNING - Risk violation: max_single_position - Position in RELIANCE would be 247.33% of portfolio
2025-07-19 17:44:11,306 - risk_management.risk_engine - WARNING - Risk violation: insufficient_cash - Insufficient cash: need 108120.00, have 50000.00
2025-07-19 17:44:11,306 - risk_management.risk_engine - WARNING - Risk violation: max_single_position - Position in RELIANCE would be 249.10% of portfolio
2025-07-19 17:44:11,306 - risk_management.risk_engine - WARNING - Risk violation: insufficient_cash - Insufficient cash: need 110823.00, have 50000.00
2025-07-19 17:44:11,306 - risk_management.risk_engine - WARNING - Risk violation: max_single_position - Position in RELIANCE would be 250.87% of portfolio
2025-07-19 17:44:11,306 - risk_management.risk_engine - WARNING - Risk violation: insufficient_cash - Insufficient cash: need 113526.00, have 50000.00
2025-07-19 17:44:11,307 - risk_management.risk_engine - WARNING - Risk violation: max_single_position - Position in RELIANCE would be 252.63% of portfolio
2025-07-19 17:44:11,307 - risk_management.risk_engine - WARNING - Risk violation: insufficient_cash - Insufficient cash: need 116229.00, have 50000.00
2025-07-19 17:44:11,307 - risk_management.risk_engine - WARNING - Risk violation: max_single_position - Position in RELIANCE would be 254.40% of portfolio
2025-07-19 17:44:11,307 - risk_management.risk_engine - WARNING - Risk violation: insufficient_cash - Insufficient cash: need 118932.00, have 50000.00
2025-07-19 17:44:11,307 - risk_management.risk_engine - WARNING - Risk violation: max_single_position - Position in RELIANCE would be 256.17% of portfolio
2025-07-19 17:44:11,307 - risk_management.risk_engine - WARNING - Risk violation: insufficient_cash - Insufficient cash: need 121635.00, have 50000.00
2025-07-19 17:44:11,307 - risk_management.risk_engine - WARNING - Risk violation: max_single_position - Position in RELIANCE would be 257.93% of portfolio
2025-07-19 17:44:11,307 - risk_management.risk_engine - WARNING - Risk violation: insufficient_cash - Insufficient cash: need 124338.00, have 50000.00
2025-07-19 17:44:11,307 - risk_management.risk_engine - WARNING - Risk violation: max_single_position - Position in RELIANCE would be 259.70% of portfolio
2025-07-19 17:44:11,307 - risk_management.risk_engine - WARNING - Risk violation: insufficient_cash - Insufficient cash: need 127041.00, have 50000.00
2025-07-19 17:44:11,307 - risk_management.risk_engine - WARNING - Risk violation: max_single_position - Position in RELIANCE would be 261.47% of portfolio
2025-07-19 17:44:11,307 - risk_management.risk_engine - WARNING - Risk violation: insufficient_cash - Insufficient cash: need 129744.00, have 50000.00
2025-07-19 17:44:11,307 - risk_management.risk_engine - WARNING - Risk violation: max_single_position - Position in RELIANCE would be 263.23% of portfolio
2025-07-19 17:44:11,307 - risk_management.risk_engine - WARNING - Risk violation: insufficient_cash - Insufficient cash: need 132447.00, have 50000.00
2025-07-19 17:44:11,307 - risk_management.risk_engine - WARNING - Risk violation: max_single_position - Position in RELIANCE would be 265.00% of portfolio
2025-07-19 17:44:11,307 - risk_management.risk_engine - WARNING - Risk violation: insufficient_cash - Insufficient cash: need 135150.00, have 50000.00
2025-07-19 17:44:11,307 - risk_management.risk_engine - WARNING - Risk violation: max_single_position - Position in RELIANCE would be 266.77% of portfolio
2025-07-19 17:44:11,307 - risk_management.risk_engine - WARNING - Risk violation: insufficient_cash - Insufficient cash: need 137853.00, have 50000.00
2025-07-19 17:44:11,307 - risk_management.risk_engine - WARNING - Risk violation: max_single_position - Position in RELIANCE would be 268.53% of portfolio
2025-07-19 17:44:11,307 - risk_management.risk_engine - WARNING - Risk violation: insufficient_cash - Insufficient cash: need 140556.00, have 50000.00
2025-07-19 17:44:11,307 - risk_management.risk_engine - WARNING - Risk violation: max_single_position - Position in RELIANCE would be 270.30% of portfolio
2025-07-19 17:44:11,307 - risk_management.risk_engine - WARNING - Risk violation: insufficient_cash - Insufficient cash: need 143259.00, have 50000.00
2025-07-19 17:44:11,307 - risk_management.risk_engine - WARNING - Risk violation: max_single_position - Position in RELIANCE would be 272.07% of portfolio
2025-07-19 17:44:11,307 - risk_management.risk_engine - WARNING - Risk violation: insufficient_cash - Insufficient cash: need 145962.00, have 50000.00
2025-07-19 17:44:11,307 - risk_management.risk_engine - WARNING - Risk violation: max_single_position - Position in RELIANCE would be 273.83% of portfolio
2025-07-19 17:44:11,307 - risk_management.risk_engine - WARNING - Risk violation: insufficient_cash - Insufficient cash: need 148665.00, have 50000.00
2025-07-19 17:44:11,307 - risk_management.risk_engine - WARNING - Risk violation: max_single_position - Position in RELIANCE would be 275.60% of portfolio
2025-07-19 17:44:11,307 - risk_management.risk_engine - WARNING - Risk violation: insufficient_cash - Insufficient cash: need 151368.00, have 50000.00
2025-07-19 17:44:11,307 - risk_management.risk_engine - WARNING - Risk violation: max_single_position - Position in RELIANCE would be 277.37% of portfolio
2025-07-19 17:44:11,307 - risk_management.risk_engine - WARNING - Risk violation: insufficient_cash - Insufficient cash: need 154071.00, have 50000.00
2025-07-19 17:44:11,307 - risk_management.risk_engine - WARNING - Risk violation: max_single_position - Position in RELIANCE would be 279.13% of portfolio
2025-07-19 17:44:11,307 - risk_management.risk_engine - WARNING - Risk violation: insufficient_cash - Insufficient cash: need 156774.00, have 50000.00
2025-07-19 17:44:11,307 - risk_management.risk_engine - WARNING - Risk violation: max_single_position - Position in RELIANCE would be 280.90% of portfolio
2025-07-19 17:44:11,307 - risk_management.risk_engine - WARNING - Risk violation: insufficient_cash - Insufficient cash: need 159477.00, have 50000.00
2025-07-19 17:44:11,308 - risk_management.risk_engine - WARNING - Risk violation: max_single_position - Position in RELIANCE would be 282.67% of portfolio
2025-07-19 17:44:11,308 - risk_management.risk_engine - WARNING - Risk violation: insufficient_cash - Insufficient cash: need 162180.00, have 50000.00
2025-07-19 17:44:11,308 - risk_management.risk_engine - WARNING - Risk violation: max_single_position - Position in RELIANCE would be 284.43% of portfolio
2025-07-19 17:44:11,308 - risk_management.risk_engine - WARNING - Risk violation: insufficient_cash - Insufficient cash: need 164883.00, have 50000.00
2025-07-19 17:44:11,308 - risk_management.risk_engine - WARNING - Risk violation: max_single_position - Position in RELIANCE would be 286.20% of portfolio
2025-07-19 17:44:11,308 - risk_management.risk_engine - WARNING - Risk violation: insufficient_cash - Insufficient cash: need 167586.00, have 50000.00
2025-07-19 17:44:11,308 - risk_management.risk_engine - WARNING - Risk violation: max_single_position - Position in RELIANCE would be 287.97% of portfolio
2025-07-19 17:44:11,308 - risk_management.risk_engine - WARNING - Risk violation: insufficient_cash - Insufficient cash: need 170289.00, have 50000.00
2025-07-19 17:44:11,308 - risk_management.risk_engine - WARNING - Risk violation: max_single_position - Position in RELIANCE would be 289.73% of portfolio
2025-07-19 17:44:11,308 - risk_management.risk_engine - WARNING - Risk violation: insufficient_cash - Insufficient cash: need 172992.00, have 50000.00
2025-07-19 17:44:11,308 - risk_management.risk_engine - WARNING - Risk violation: max_single_position - Position in RELIANCE would be 291.50% of portfolio
2025-07-19 17:44:11,308 - risk_management.risk_engine - WARNING - Risk violation: insufficient_cash - Insufficient cash: need 175695.00, have 50000.00
2025-07-19 17:44:11,308 - risk_management.risk_engine - WARNING - Risk violation: max_single_position - Position in RELIANCE would be 293.27% of portfolio
2025-07-19 17:44:11,308 - risk_management.risk_engine - WARNING - Risk violation: insufficient_cash - Insufficient cash: need 178398.00, have 50000.00
2025-07-19 17:44:11,308 - risk_management.risk_engine - WARNING - Risk violation: max_single_position - Position in RELIANCE would be 295.03% of portfolio
2025-07-19 17:44:11,308 - risk_management.risk_engine - WARNING - Risk violation: insufficient_cash - Insufficient cash: need 181101.00, have 50000.00
2025-07-19 17:44:11,308 - risk_management.risk_engine - WARNING - Risk violation: max_single_position - Position in RELIANCE would be 296.80% of portfolio
2025-07-19 17:44:11,308 - risk_management.risk_engine - WARNING - Risk violation: insufficient_cash - Insufficient cash: need 183804.00, have 50000.00
2025-07-19 17:44:11,308 - risk_management.risk_engine - WARNING - Risk violation: max_single_position - Position in RELIANCE would be 298.57% of portfolio
2025-07-19 17:44:11,308 - risk_management.risk_engine - WARNING - Risk violation: insufficient_cash - Insufficient cash: need 186507.00, have 50000.00
2025-07-19 17:44:11,308 - risk_management.risk_engine - WARNING - Risk violation: max_single_position - Position in RELIANCE would be 300.33% of portfolio
2025-07-19 17:44:11,308 - risk_management.risk_engine - WARNING - Risk violation: insufficient_cash - Insufficient cash: need 189210.00, have 50000.00
2025-07-19 17:44:11,308 - risk_management.risk_engine - WARNING - Risk violation: max_single_position - Position in RELIANCE would be 302.10% of portfolio
2025-07-19 17:44:11,308 - risk_management.risk_engine - WARNING - Risk violation: insufficient_cash - Insufficient cash: need 191913.00, have 50000.00
2025-07-19 17:44:11,308 - risk_management.risk_engine - WARNING - Risk violation: max_single_position - Position in RELIANCE would be 303.87% of portfolio
2025-07-19 17:44:11,308 - risk_management.risk_engine - WARNING - Risk violation: insufficient_cash - Insufficient cash: need 194616.00, have 50000.00
2025-07-19 17:44:11,308 - risk_management.risk_engine - WARNING - Risk violation: max_single_position - Position in RELIANCE would be 305.63% of portfolio
2025-07-19 17:44:11,308 - risk_management.risk_engine - WARNING - Risk violation: insufficient_cash - Insufficient cash: need 197319.00, have 50000.00
2025-07-19 17:44:11,308 - risk_management.risk_engine - WARNING - Risk violation: max_single_position - Position in RELIANCE would be 307.40% of portfolio
2025-07-19 17:44:11,308 - risk_management.risk_engine - WARNING - Risk violation: insufficient_cash - Insufficient cash: need 200022.00, have 50000.00
2025-07-19 17:44:11,308 - risk_management.risk_engine - WARNING - Risk violation: max_single_position - Position in RELIANCE would be 309.17% of portfolio
2025-07-19 17:44:11,308 - risk_management.risk_engine - WARNING - Risk violation: insufficient_cash - Insufficient cash: need 202725.00, have 50000.00
2025-07-19 17:44:11,309 - risk_management.risk_engine - WARNING - Risk violation: max_single_position - Position in RELIANCE would be 310.93% of portfolio
2025-07-19 17:44:11,309 - risk_management.risk_engine - WARNING - Risk violation: insufficient_cash - Insufficient cash: need 205428.00, have 50000.00
2025-07-19 17:44:11,309 - risk_management.risk_engine - WARNING - Risk violation: max_single_position - Position in RELIANCE would be 312.70% of portfolio
2025-07-19 17:44:11,309 - risk_management.risk_engine - WARNING - Risk violation: insufficient_cash - Insufficient cash: need 208131.00, have 50000.00
2025-07-19 17:44:11,309 - risk_management.risk_engine - WARNING - Risk violation: max_single_position - Position in RELIANCE would be 314.47% of portfolio
2025-07-19 17:44:11,309 - risk_management.risk_engine - WARNING - Risk violation: insufficient_cash - Insufficient cash: need 210834.00, have 50000.00
2025-07-19 17:44:11,309 - risk_management.risk_engine - WARNING - Risk violation: max_single_position - Position in RELIANCE would be 316.23% of portfolio
2025-07-19 17:44:11,309 - risk_management.risk_engine - WARNING - Risk violation: insufficient_cash - Insufficient cash: need 213537.00, have 50000.00
2025-07-19 17:44:11,309 - risk_management.risk_engine - WARNING - Risk violation: max_single_position - Position in RELIANCE would be 318.00% of portfolio
2025-07-19 17:44:11,309 - risk_management.risk_engine - WARNING - Risk violation: insufficient_cash - Insufficient cash: need 216240.00, have 50000.00
2025-07-19 17:44:11,309 - risk_management.risk_engine - WARNING - Risk violation: max_single_position - Position in RELIANCE would be 319.77% of portfolio
2025-07-19 17:44:11,309 - risk_management.risk_engine - WARNING - Risk violation: insufficient_cash - Insufficient cash: need 218943.00, have 50000.00
2025-07-19 17:44:11,309 - risk_management.risk_engine - WARNING - Risk violation: max_single_position - Position in RELIANCE would be 321.53% of portfolio
2025-07-19 17:44:11,309 - risk_management.risk_engine - WARNING - Risk violation: insufficient_cash - Insufficient cash: need 221646.00, have 50000.00
2025-07-19 17:44:11,309 - risk_management.risk_engine - WARNING - Risk violation: max_single_position - Position in RELIANCE would be 323.30% of portfolio
2025-07-19 17:44:11,309 - risk_management.risk_engine - WARNING - Risk violation: insufficient_cash - Insufficient cash: need 224349.00, have 50000.00
2025-07-19 17:44:11,309 - risk_management.risk_engine - WARNING - Risk violation: max_single_position - Position in RELIANCE would be 325.07% of portfolio
2025-07-19 17:44:11,309 - risk_management.risk_engine - WARNING - Risk violation: insufficient_cash - Insufficient cash: need 227052.00, have 50000.00
2025-07-19 17:44:11,309 - risk_management.risk_engine - WARNING - Risk violation: max_single_position - Position in RELIANCE would be 326.83% of portfolio
2025-07-19 17:44:11,309 - risk_management.risk_engine - WARNING - Risk violation: insufficient_cash - Insufficient cash: need 229755.00, have 50000.00
2025-07-19 17:44:11,309 - risk_management.risk_engine - WARNING - Risk violation: max_single_position - Position in RELIANCE would be 328.60% of portfolio
2025-07-19 17:44:11,309 - risk_management.risk_engine - WARNING - Risk violation: insufficient_cash - Insufficient cash: need 232458.00, have 50000.00
2025-07-19 17:44:11,309 - risk_management.risk_engine - WARNING - Risk violation: max_single_position - Position in RELIANCE would be 330.37% of portfolio
2025-07-19 17:44:11,309 - risk_management.risk_engine - WARNING - Risk violation: insufficient_cash - Insufficient cash: need 235161.00, have 50000.00
2025-07-19 17:44:11,309 - risk_management.risk_engine - WARNING - Risk violation: max_single_position - Position in RELIANCE would be 332.13% of portfolio
2025-07-19 17:44:11,309 - risk_management.risk_engine - WARNING - Risk violation: insufficient_cash - Insufficient cash: need 237864.00, have 50000.00
2025-07-19 17:44:11,309 - risk_management.risk_engine - WARNING - Risk violation: max_single_position - Position in RELIANCE would be 333.90% of portfolio
2025-07-19 17:44:11,309 - risk_management.risk_engine - WARNING - Risk violation: insufficient_cash - Insufficient cash: need 240567.00, have 50000.00
2025-07-19 17:44:11,309 - risk_management.risk_engine - WARNING - Risk violation: max_single_position - Position in RELIANCE would be 335.67% of portfolio
2025-07-19 17:44:11,309 - risk_management.risk_engine - WARNING - Risk violation: insufficient_cash - Insufficient cash: need 243270.00, have 50000.00
2025-07-19 17:44:11,309 - risk_management.risk_engine - WARNING - Risk violation: max_single_position - Position in RELIANCE would be 337.43% of portfolio
2025-07-19 17:44:11,309 - risk_management.risk_engine - WARNING - Risk violation: insufficient_cash - Insufficient cash: need 245973.00, have 50000.00
2025-07-19 17:44:11,309 - risk_management.risk_engine - WARNING - Risk violation: max_single_position - Position in RELIANCE would be 339.20% of portfolio
2025-07-19 17:44:11,309 - risk_management.risk_engine - WARNING - Risk violation: insufficient_cash - Insufficient cash: need 248676.00, have 50000.00
2025-07-19 17:44:11,309 - risk_management.risk_engine - WARNING - Risk violation: max_single_position - Position in RELIANCE would be 340.97% of portfolio
2025-07-19 17:44:11,309 - risk_management.risk_engine - WARNING - Risk violation: insufficient_cash - Insufficient cash: need 251379.00, have 50000.00
2025-07-19 17:44:11,310 - risk_management.risk_engine - WARNING - Risk violation: max_single_position - Position in RELIANCE would be 342.73% of portfolio
2025-07-19 17:44:11,310 - risk_management.risk_engine - WARNING - Risk violation: insufficient_cash - Insufficient cash: need 254082.00, have 50000.00
2025-07-19 17:44:11,310 - risk_management.risk_engine - WARNING - Risk violation: max_single_position - Position in RELIANCE would be 344.50% of portfolio
2025-07-19 17:44:11,310 - risk_management.risk_engine - WARNING - Risk violation: insufficient_cash - Insufficient cash: need 256785.00, have 50000.00
2025-07-19 17:44:11,310 - risk_management.risk_engine - WARNING - Risk violation: max_single_position - Position in RELIANCE would be 346.27% of portfolio
2025-07-19 17:44:11,310 - risk_management.risk_engine - WARNING - Risk violation: insufficient_cash - Insufficient cash: need 259488.00, have 50000.00
2025-07-19 17:44:11,310 - risk_management.risk_engine - WARNING - Risk violation: max_single_position - Position in RELIANCE would be 348.03% of portfolio
2025-07-19 17:44:11,310 - risk_management.risk_engine - WARNING - Risk violation: insufficient_cash - Insufficient cash: need 262191.00, have 50000.00
2025-07-19 17:44:11,310 - risk_management.risk_engine - WARNING - Risk violation: max_single_position - Position in RELIANCE would be 349.80% of portfolio
2025-07-19 17:44:11,310 - risk_management.risk_engine - WARNING - Risk violation: insufficient_cash - Insufficient cash: need 264894.00, have 50000.00
2025-07-19 17:44:11,310 - risk_management.risk_engine - WARNING - Risk violation: max_single_position - Position in RELIANCE would be 351.57% of portfolio
2025-07-19 17:44:11,310 - risk_management.risk_engine - WARNING - Risk violation: insufficient_cash - Insufficient cash: need 267597.00, have 50000.00
2025-07-19 17:44:11,310 - risk_management.risk_engine - WARNING - Risk violation: max_single_position - Position in RELIANCE would be 353.33% of portfolio
2025-07-19 17:44:11,310 - risk_management.risk_engine - WARNING - Risk violation: insufficient_cash - Insufficient cash: need 270300.00, have 50000.00
2025-07-19 17:44:11,310 - risk_management.risk_engine - WARNING - Risk violation: max_single_position - Position in RELIANCE would be 355.10% of portfolio
2025-07-19 17:44:11,310 - risk_management.risk_engine - WARNING - Risk violation: insufficient_cash - Insufficient cash: need 273003.00, have 50000.00
2025-07-19 17:44:11,310 - risk_management.risk_engine - WARNING - Risk violation: max_single_position - Position in RELIANCE would be 356.87% of portfolio
2025-07-19 17:44:11,310 - risk_management.risk_engine - WARNING - Risk violation: insufficient_cash - Insufficient cash: need 275706.00, have 50000.00
2025-07-19 17:44:11,310 - risk_management.risk_engine - WARNING - Risk violation: max_single_position - Position in RELIANCE would be 358.63% of portfolio
2025-07-19 17:44:11,310 - risk_management.risk_engine - WARNING - Risk violation: insufficient_cash - Insufficient cash: need 278409.00, have 50000.00
2025-07-19 17:44:11,310 - risk_management.risk_engine - WARNING - Risk violation: max_single_position - Position in RELIANCE would be 360.40% of portfolio
2025-07-19 17:44:11,310 - risk_management.risk_engine - WARNING - Risk violation: insufficient_cash - Insufficient cash: need 281112.00, have 50000.00
2025-07-19 17:44:11,310 - risk_management.risk_engine - WARNING - Risk violation: max_single_position - Position in RELIANCE would be 362.17% of portfolio
2025-07-19 17:44:11,310 - risk_management.risk_engine - WARNING - Risk violation: insufficient_cash - Insufficient cash: need 283815.00, have 50000.00
2025-07-19 17:44:11,310 - risk_management.risk_engine - WARNING - Risk violation: max_single_position - Position in RELIANCE would be 363.93% of portfolio
2025-07-19 17:44:11,311 - risk_management.risk_engine - WARNING - Risk violation: insufficient_cash - Insufficient cash: need 286518.00, have 50000.00
2025-07-19 17:44:11,311 - risk_management.risk_engine - WARNING - Risk violation: max_single_position - Position in RELIANCE would be 365.70% of portfolio
2025-07-19 17:44:11,311 - risk_management.risk_engine - WARNING - Risk violation: insufficient_cash - Insufficient cash: need 289221.00, have 50000.00
2025-07-19 17:44:11,311 - risk_management.risk_engine - WARNING - Risk violation: max_single_position - Position in RELIANCE would be 367.47% of portfolio
2025-07-19 17:44:11,311 - risk_management.risk_engine - WARNING - Risk violation: insufficient_cash - Insufficient cash: need 291924.00, have 50000.00
2025-07-19 17:44:11,311 - risk_management.risk_engine - WARNING - Risk violation: max_single_position - Position in RELIANCE would be 369.23% of portfolio
2025-07-19 17:44:11,311 - risk_management.risk_engine - WARNING - Risk violation: insufficient_cash - Insufficient cash: need 294627.00, have 50000.00
2025-07-19 17:44:11,311 - data.storage - INFO - Database initialized successfully
2025-07-19 17:44:11,311 - brokers.zerodha_broker - INFO - Zerodha broker initialized in demo mode
2025-07-19 17:44:11,311 - brokers.zerodha_broker - INFO - Connecting to Zerodha API...
2025-07-19 17:44:11,311 - brokers.zerodha_broker - INFO - Running in DEMO mode - using mock broker
2025-07-19 17:44:11,319 - monitoring.dashboard - INFO - Trading dashboard initialized
2025-07-19 17:44:11,319 - controls.manual_override - INFO - Manual override system initialized for SECURITY_TEST
2025-07-19 17:44:11,319 - controls.manual_override - WARNING - User unauthorized_user not authorized for manual override
2025-07-19 17:44:11,319 - controls.manual_override - INFO - User Admin (authorized_user) granted SYSTEM_CONTROL access
2025-07-19 17:44:11,319 - controls.manual_override - INFO - Override session started: OVERRIDE_20250719_174411_b99ae6d9
2025-07-19 17:44:11,319 - controls.manual_override - INFO - User: Admin (authorized_user)
2025-07-19 17:44:11,319 - controls.manual_override - INFO - Level: PARAMETER_ADJUST
2025-07-19 17:44:11,319 - controls.manual_override - INFO - Reason: Legitimate access
2025-07-19 17:44:11,319 - controls.manual_override - INFO - Session OVERRIDE_20250719_174411_b99ae6d9 level: 2
2025-07-19 17:44:11,319 - controls.manual_override - INFO - Requested action: override_circuit_breaker
2025-07-19 17:44:11,319 - controls.manual_override - INFO - Allowed actions: ['pause_strategy', 'change_sip_amount']
2025-07-19 17:44:11,319 - controls.manual_override - WARNING - Action override_circuit_breaker not permitted for session OVERRIDE_20250719_174411_b99ae6d9
2025-07-19 17:44:11,319 - controls.manual_override - INFO - Override session ended: OVERRIDE_20250719_174411_b99ae6d9
2025-07-19 17:44:11,319 - controls.manual_override - INFO - Duration: 0:00:00.000223
2025-07-19 17:44:11,319 - controls.manual_override - INFO - Actions performed: 0
2025-07-19 17:44:11,319 - controls.manual_override - INFO - Reason: Security test completed
2025-07-19 17:44:11,319 - controls.emergency_stop - INFO - Emergency stop system initialized for SECURITY_TEST
2025-07-19 17:44:11,319 - controls.emergency_stop - CRITICAL - EMERGENCY STOP ACTIVATED - Level: hard_stop
2025-07-19 17:44:11,319 - controls.emergency_stop - CRITICAL - Reason: manual_stop - Security test stop
2025-07-19 17:44:11,319 - controls.emergency_stop - CRITICAL - Initiated by: security_test
2025-07-19 17:44:11,319 - controls.emergency_stop - CRITICAL - Stop ID: 2e734b2d-5ec1-43e6-a636-e018aced4255
2025-07-19 17:44:11,319 - controls.emergency_stop - INFO - Recovery initiated by unauthorized: Bypass attempt
2025-07-19 17:44:36,205 - risk_management.risk_engine - INFO - Risk Engine initialized
2025-07-19 17:44:36,205 - risk_management.risk_engine - WARNING - Risk violation: max_single_position - Position in RELIANCE would be 353.33% of portfolio
2025-07-19 17:44:36,206 - risk_management.risk_engine - WARNING - Risk violation: insufficient_cash - Insufficient cash: need 270300.00, have 50000.00
2025-07-19 17:44:36,206 - risk_management.risk_engine - WARNING - Risk violation: max_single_position - Position in RELIANCE would be 17843.33% of portfolio
2025-07-19 17:44:36,206 - risk_management.risk_engine - WARNING - Risk violation: insufficient_cash - Insufficient cash: need 27030000.00, have 50000.00
2025-07-19 17:44:36,206 - risk_management.risk_engine - CRITICAL - EMERGENCY STOP ACTIVATED: Test emergency stop
2025-07-19 17:44:36,206 - risk_management.risk_engine - INFO - Emergency stop reset: Test reset
2025-07-19 17:44:36,212 - data.storage - INFO - Database initialized successfully
2025-07-19 17:44:36,213 - brokers.zerodha_broker - INFO - Zerodha broker initialized in demo mode
2025-07-19 17:44:36,213 - brokers.zerodha_broker - INFO - Connecting to Zerodha API...
2025-07-19 17:44:36,213 - brokers.zerodha_broker - INFO - Running in DEMO mode - using mock broker
2025-07-19 17:44:36,230 - monitoring.dashboard - INFO - Trading dashboard initialized
2025-07-19 17:44:36,257 - controls.circuit_breaker - INFO - Circuit breaker 'test_breaker' initialized with 2 triggers
2025-07-19 17:44:36,257 - controls.circuit_breaker - CRITICAL - CIRCUIT BREAKER TRIGGERED: test_breaker
2025-07-19 17:44:36,257 - controls.circuit_breaker - CRITICAL - Trigger: portfolio_loss
2025-07-19 17:44:36,257 - controls.circuit_breaker - CRITICAL - Current Value: -0.12
2025-07-19 17:44:36,257 - controls.circuit_breaker - CRITICAL - Threshold: 0.1
2025-07-19 17:44:36,257 - controls.circuit_breaker - CRITICAL - Breach Ratio: 1.20
2025-07-19 17:44:36,257 - controls.circuit_breaker - INFO - Circuit breaker 'test_breaker' entering cooldown until 2025-07-19 18:14:36.257506
2025-07-19 17:44:36,257 - controls.circuit_breaker - INFO - Circuit breaker 'test_breaker' reset from cooling_down to active
2025-07-19 17:44:36,257 - controls.circuit_breaker - INFO - Circuit breaker 'test_breaker' manually reset: Test reset
2025-07-19 17:44:36,257 - controls.emergency_stop - INFO - Emergency stop system initialized for TEST_SYSTEM
2025-07-19 17:44:36,257 - controls.emergency_stop - CRITICAL - EMERGENCY STOP ACTIVATED - Level: soft_stop
2025-07-19 17:44:36,257 - controls.emergency_stop - CRITICAL - Reason: manual_stop - Test soft stop
2025-07-19 17:44:36,257 - controls.emergency_stop - CRITICAL - Initiated by: test_user
2025-07-19 17:44:36,257 - controls.emergency_stop - CRITICAL - Stop ID: 9b479b65-c1d8-48c9-88e4-f668b77d5c82
2025-07-19 17:44:36,257 - controls.emergency_stop - INFO - Recovery initiated by test_user: Test recovery
2025-07-19 17:44:36,257 - controls.emergency_stop - INFO - Emergency stop recovery completed
2025-07-19 17:44:36,257 - controls.emergency_stop - INFO - Stop duration: 0:00:00.000112
2025-07-19 17:44:36,257 - controls.emergency_stop - INFO - Recovery notes: Test completed
2025-07-19 17:44:36,257 - controls.manual_override - INFO - Manual override system initialized for TEST_SYSTEM
2025-07-19 17:44:36,257 - controls.manual_override - INFO - User Test User (test_user) granted EMERGENCY_CONTROL access
2025-07-19 17:44:36,258 - controls.manual_override - INFO - Override session started: OVERRIDE_20250719_174436_f7e350b1
2025-07-19 17:44:36,258 - controls.manual_override - INFO - User: Test User (test_user)
2025-07-19 17:44:36,258 - controls.manual_override - INFO - Level: PARAMETER_ADJUST
2025-07-19 17:44:36,258 - controls.manual_override - INFO - Reason: Testing manual override
2025-07-19 17:44:36,258 - controls.manual_override - INFO - Session OVERRIDE_20250719_174436_f7e350b1 level: 2
2025-07-19 17:44:36,258 - controls.manual_override - INFO - Requested action: pause_strategy
2025-07-19 17:44:36,258 - controls.manual_override - INFO - Allowed actions: ['adjust_position_size', 'change_sip_amount']
2025-07-19 17:44:36,258 - controls.manual_override - WARNING - Action pause_strategy not permitted for session OVERRIDE_20250719_174436_f7e350b1
2025-07-19 17:44:36,258 - risk_management.risk_engine - INFO - Risk Engine initialized
2025-07-19 17:44:36,258 - controls.emergency_stop - INFO - Emergency stop system initialized for INTEGRATION_TEST
2025-07-19 17:44:36,258 - risk_management.risk_engine - WARNING - Risk violation: max_single_position - Position in RELIANCE would be 15900.00% of portfolio
2025-07-19 17:44:36,258 - risk_management.risk_engine - WARNING - Risk violation: max_portfolio_drawdown - Portfolio drawdown is 20.00%
2025-07-19 17:44:36,258 - risk_management.risk_engine - WARNING - Risk violation: daily_loss_limit - Daily loss is 15.00%
2025-07-19 17:44:36,258 - risk_management.risk_engine - WARNING - Risk violation: insufficient_cash - Insufficient cash: need 13515000.00, have 10000.00
2025-07-19 17:44:36,258 - controls.emergency_stop - CRITICAL - EMERGENCY STOP ACTIVATED - Level: hard_stop
2025-07-19 17:44:36,258 - controls.emergency_stop - CRITICAL - Reason: risk_breach - Critical risk violation detected
2025-07-19 17:44:36,258 - controls.emergency_stop - CRITICAL - Initiated by: RISK_ENGINE
2025-07-19 17:44:36,258 - controls.emergency_stop - CRITICAL - Stop ID: 26dc1d72-8f79-4bda-9a8b-5b5d959979ad
2025-07-19 17:44:36,258 - data.storage - INFO - Database initialized successfully
2025-07-19 17:44:36,258 - brokers.zerodha_broker - INFO - Zerodha broker initialized in demo mode
2025-07-19 17:44:36,258 - brokers.zerodha_broker - INFO - Connecting to Zerodha API...
2025-07-19 17:44:36,258 - brokers.zerodha_broker - INFO - Running in DEMO mode - using mock broker
2025-07-19 17:44:36,265 - monitoring.dashboard - INFO - Trading dashboard initialized
2025-07-19 17:44:36,265 - risk_management.risk_engine - INFO - Risk Engine initialized
2025-07-19 17:44:36,265 - risk_management.risk_engine - WARNING - Risk violation: max_single_position - Position in RELIANCE would be 194.33% of portfolio
2025-07-19 17:44:36,265 - risk_management.risk_engine - WARNING - Risk violation: max_single_position - Position in RELIANCE would be 196.10% of portfolio
2025-07-19 17:44:36,265 - risk_management.risk_engine - WARNING - Risk violation: max_single_position - Position in RELIANCE would be 197.87% of portfolio
2025-07-19 17:44:36,265 - risk_management.risk_engine - WARNING - Risk violation: max_single_position - Position in RELIANCE would be 199.63% of portfolio
2025-07-19 17:44:36,265 - risk_management.risk_engine - WARNING - Risk violation: max_single_position - Position in RELIANCE would be 201.40% of portfolio
2025-07-19 17:44:36,265 - risk_management.risk_engine - WARNING - Risk violation: max_single_position - Position in RELIANCE would be 203.17% of portfolio
2025-07-19 17:44:36,265 - risk_management.risk_engine - WARNING - Risk violation: max_single_position - Position in RELIANCE would be 204.93% of portfolio
2025-07-19 17:44:36,265 - risk_management.risk_engine - WARNING - Risk violation: max_single_position - Position in RELIANCE would be 206.70% of portfolio
2025-07-19 17:44:36,265 - risk_management.risk_engine - WARNING - Risk violation: max_single_position - Position in RELIANCE would be 208.47% of portfolio
2025-07-19 17:44:36,265 - risk_management.risk_engine - WARNING - Risk violation: max_single_position - Position in RELIANCE would be 210.23% of portfolio
2025-07-19 17:44:36,265 - risk_management.risk_engine - WARNING - Risk violation: insufficient_cash - Insufficient cash: need 51357.00, have 50000.00
2025-07-19 17:44:36,265 - risk_management.risk_engine - WARNING - Risk violation: max_single_position - Position in RELIANCE would be 212.00% of portfolio
2025-07-19 17:44:36,265 - risk_management.risk_engine - WARNING - Risk violation: insufficient_cash - Insufficient cash: need 54060.00, have 50000.00
2025-07-19 17:44:36,265 - risk_management.risk_engine - WARNING - Risk violation: max_single_position - Position in RELIANCE would be 213.77% of portfolio
2025-07-19 17:44:36,265 - risk_management.risk_engine - WARNING - Risk violation: insufficient_cash - Insufficient cash: need 56763.00, have 50000.00
2025-07-19 17:44:36,266 - risk_management.risk_engine - WARNING - Risk violation: max_single_position - Position in RELIANCE would be 215.53% of portfolio
2025-07-19 17:44:36,266 - risk_management.risk_engine - WARNING - Risk violation: insufficient_cash - Insufficient cash: need 59466.00, have 50000.00
2025-07-19 17:44:36,266 - risk_management.risk_engine - WARNING - Risk violation: max_single_position - Position in RELIANCE would be 217.30% of portfolio
2025-07-19 17:44:36,266 - risk_management.risk_engine - WARNING - Risk violation: insufficient_cash - Insufficient cash: need 62169.00, have 50000.00
2025-07-19 17:44:36,266 - risk_management.risk_engine - WARNING - Risk violation: max_single_position - Position in RELIANCE would be 219.07% of portfolio
2025-07-19 17:44:36,266 - risk_management.risk_engine - WARNING - Risk violation: insufficient_cash - Insufficient cash: need 64872.00, have 50000.00
2025-07-19 17:44:36,266 - risk_management.risk_engine - WARNING - Risk violation: max_single_position - Position in RELIANCE would be 220.83% of portfolio
2025-07-19 17:44:36,266 - risk_management.risk_engine - WARNING - Risk violation: insufficient_cash - Insufficient cash: need 67575.00, have 50000.00
2025-07-19 17:44:36,266 - risk_management.risk_engine - WARNING - Risk violation: max_single_position - Position in RELIANCE would be 222.60% of portfolio
2025-07-19 17:44:36,266 - risk_management.risk_engine - WARNING - Risk violation: insufficient_cash - Insufficient cash: need 70278.00, have 50000.00
2025-07-19 17:44:36,266 - risk_management.risk_engine - WARNING - Risk violation: max_single_position - Position in RELIANCE would be 224.37% of portfolio
2025-07-19 17:44:36,266 - risk_management.risk_engine - WARNING - Risk violation: insufficient_cash - Insufficient cash: need 72981.00, have 50000.00
2025-07-19 17:44:36,266 - risk_management.risk_engine - WARNING - Risk violation: max_single_position - Position in RELIANCE would be 226.13% of portfolio
2025-07-19 17:44:36,266 - risk_management.risk_engine - WARNING - Risk violation: insufficient_cash - Insufficient cash: need 75684.00, have 50000.00
2025-07-19 17:44:36,266 - risk_management.risk_engine - WARNING - Risk violation: max_single_position - Position in RELIANCE would be 227.90% of portfolio
2025-07-19 17:44:36,266 - risk_management.risk_engine - WARNING - Risk violation: insufficient_cash - Insufficient cash: need 78387.00, have 50000.00
2025-07-19 17:44:36,266 - risk_management.risk_engine - WARNING - Risk violation: max_single_position - Position in RELIANCE would be 229.67% of portfolio
2025-07-19 17:44:36,266 - risk_management.risk_engine - WARNING - Risk violation: insufficient_cash - Insufficient cash: need 81090.00, have 50000.00
2025-07-19 17:44:36,266 - risk_management.risk_engine - WARNING - Risk violation: max_single_position - Position in RELIANCE would be 231.43% of portfolio
2025-07-19 17:44:36,266 - risk_management.risk_engine - WARNING - Risk violation: insufficient_cash - Insufficient cash: need 83793.00, have 50000.00
2025-07-19 17:44:36,266 - risk_management.risk_engine - WARNING - Risk violation: max_single_position - Position in RELIANCE would be 233.20% of portfolio
2025-07-19 17:44:36,266 - risk_management.risk_engine - WARNING - Risk violation: insufficient_cash - Insufficient cash: need 86496.00, have 50000.00
2025-07-19 17:44:36,266 - risk_management.risk_engine - WARNING - Risk violation: max_single_position - Position in RELIANCE would be 234.97% of portfolio
2025-07-19 17:44:36,266 - risk_management.risk_engine - WARNING - Risk violation: insufficient_cash - Insufficient cash: need 89199.00, have 50000.00
2025-07-19 17:44:36,266 - risk_management.risk_engine - WARNING - Risk violation: max_single_position - Position in RELIANCE would be 236.73% of portfolio
2025-07-19 17:44:36,266 - risk_management.risk_engine - WARNING - Risk violation: insufficient_cash - Insufficient cash: need 91902.00, have 50000.00
2025-07-19 17:44:36,266 - risk_management.risk_engine - WARNING - Risk violation: max_single_position - Position in RELIANCE would be 238.50% of portfolio
2025-07-19 17:44:36,266 - risk_management.risk_engine - WARNING - Risk violation: insufficient_cash - Insufficient cash: need 94605.00, have 50000.00
2025-07-19 17:44:36,266 - risk_management.risk_engine - WARNING - Risk violation: max_single_position - Position in RELIANCE would be 240.27% of portfolio
2025-07-19 17:44:36,266 - risk_management.risk_engine - WARNING - Risk violation: insufficient_cash - Insufficient cash: need 97308.00, have 50000.00
2025-07-19 17:44:36,266 - risk_management.risk_engine - WARNING - Risk violation: max_single_position - Position in RELIANCE would be 242.03% of portfolio
2025-07-19 17:44:36,266 - risk_management.risk_engine - WARNING - Risk violation: insufficient_cash - Insufficient cash: need 100011.00, have 50000.00
2025-07-19 17:44:36,266 - risk_management.risk_engine - WARNING - Risk violation: max_single_position - Position in RELIANCE would be 243.80% of portfolio
2025-07-19 17:44:36,266 - risk_management.risk_engine - WARNING - Risk violation: insufficient_cash - Insufficient cash: need 102714.00, have 50000.00
2025-07-19 17:44:36,266 - risk_management.risk_engine - WARNING - Risk violation: max_single_position - Position in RELIANCE would be 245.57% of portfolio
2025-07-19 17:44:36,266 - risk_management.risk_engine - WARNING - Risk violation: insufficient_cash - Insufficient cash: need 105417.00, have 50000.00
2025-07-19 17:44:36,266 - risk_management.risk_engine - WARNING - Risk violation: max_single_position - Position in RELIANCE would be 247.33% of portfolio
2025-07-19 17:44:36,266 - risk_management.risk_engine - WARNING - Risk violation: insufficient_cash - Insufficient cash: need 108120.00, have 50000.00
2025-07-19 17:44:36,266 - risk_management.risk_engine - WARNING - Risk violation: max_single_position - Position in RELIANCE would be 249.10% of portfolio
2025-07-19 17:44:36,266 - risk_management.risk_engine - WARNING - Risk violation: insufficient_cash - Insufficient cash: need 110823.00, have 50000.00
2025-07-19 17:44:36,266 - risk_management.risk_engine - WARNING - Risk violation: max_single_position - Position in RELIANCE would be 250.87% of portfolio
2025-07-19 17:44:36,266 - risk_management.risk_engine - WARNING - Risk violation: insufficient_cash - Insufficient cash: need 113526.00, have 50000.00
2025-07-19 17:44:36,266 - risk_management.risk_engine - WARNING - Risk violation: max_single_position - Position in RELIANCE would be 252.63% of portfolio
2025-07-19 17:44:36,266 - risk_management.risk_engine - WARNING - Risk violation: insufficient_cash - Insufficient cash: need 116229.00, have 50000.00
2025-07-19 17:44:36,266 - risk_management.risk_engine - WARNING - Risk violation: max_single_position - Position in RELIANCE would be 254.40% of portfolio
2025-07-19 17:44:36,266 - risk_management.risk_engine - WARNING - Risk violation: insufficient_cash - Insufficient cash: need 118932.00, have 50000.00
2025-07-19 17:44:36,266 - risk_management.risk_engine - WARNING - Risk violation: max_single_position - Position in RELIANCE would be 256.17% of portfolio
2025-07-19 17:44:36,266 - risk_management.risk_engine - WARNING - Risk violation: insufficient_cash - Insufficient cash: need 121635.00, have 50000.00
2025-07-19 17:44:36,267 - risk_management.risk_engine - WARNING - Risk violation: max_single_position - Position in RELIANCE would be 257.93% of portfolio
2025-07-19 17:44:36,267 - risk_management.risk_engine - WARNING - Risk violation: insufficient_cash - Insufficient cash: need 124338.00, have 50000.00
2025-07-19 17:44:36,267 - risk_management.risk_engine - WARNING - Risk violation: max_single_position - Position in RELIANCE would be 259.70% of portfolio
2025-07-19 17:44:36,267 - risk_management.risk_engine - WARNING - Risk violation: insufficient_cash - Insufficient cash: need 127041.00, have 50000.00
2025-07-19 17:44:36,267 - risk_management.risk_engine - WARNING - Risk violation: max_single_position - Position in RELIANCE would be 261.47% of portfolio
2025-07-19 17:44:36,267 - risk_management.risk_engine - WARNING - Risk violation: insufficient_cash - Insufficient cash: need 129744.00, have 50000.00
2025-07-19 17:44:36,267 - risk_management.risk_engine - WARNING - Risk violation: max_single_position - Position in RELIANCE would be 263.23% of portfolio
2025-07-19 17:44:36,267 - risk_management.risk_engine - WARNING - Risk violation: insufficient_cash - Insufficient cash: need 132447.00, have 50000.00
2025-07-19 17:44:36,267 - risk_management.risk_engine - WARNING - Risk violation: max_single_position - Position in RELIANCE would be 265.00% of portfolio
2025-07-19 17:44:36,267 - risk_management.risk_engine - WARNING - Risk violation: insufficient_cash - Insufficient cash: need 135150.00, have 50000.00
2025-07-19 17:44:36,267 - risk_management.risk_engine - WARNING - Risk violation: max_single_position - Position in RELIANCE would be 266.77% of portfolio
2025-07-19 17:44:36,267 - risk_management.risk_engine - WARNING - Risk violation: insufficient_cash - Insufficient cash: need 137853.00, have 50000.00
2025-07-19 17:44:36,267 - risk_management.risk_engine - WARNING - Risk violation: max_single_position - Position in RELIANCE would be 268.53% of portfolio
2025-07-19 17:44:36,267 - risk_management.risk_engine - WARNING - Risk violation: insufficient_cash - Insufficient cash: need 140556.00, have 50000.00
2025-07-19 17:44:36,267 - risk_management.risk_engine - WARNING - Risk violation: max_single_position - Position in RELIANCE would be 270.30% of portfolio
2025-07-19 17:44:36,267 - risk_management.risk_engine - WARNING - Risk violation: insufficient_cash - Insufficient cash: need 143259.00, have 50000.00
2025-07-19 17:44:36,267 - risk_management.risk_engine - WARNING - Risk violation: max_single_position - Position in RELIANCE would be 272.07% of portfolio
2025-07-19 17:44:36,267 - risk_management.risk_engine - WARNING - Risk violation: insufficient_cash - Insufficient cash: need 145962.00, have 50000.00
2025-07-19 17:44:36,267 - risk_management.risk_engine - WARNING - Risk violation: max_single_position - Position in RELIANCE would be 273.83% of portfolio
2025-07-19 17:44:36,267 - risk_management.risk_engine - WARNING - Risk violation: insufficient_cash - Insufficient cash: need 148665.00, have 50000.00
2025-07-19 17:44:36,267 - risk_management.risk_engine - WARNING - Risk violation: max_single_position - Position in RELIANCE would be 275.60% of portfolio
2025-07-19 17:44:36,267 - risk_management.risk_engine - WARNING - Risk violation: insufficient_cash - Insufficient cash: need 151368.00, have 50000.00
2025-07-19 17:44:36,267 - risk_management.risk_engine - WARNING - Risk violation: max_single_position - Position in RELIANCE would be 277.37% of portfolio
2025-07-19 17:44:36,267 - risk_management.risk_engine - WARNING - Risk violation: insufficient_cash - Insufficient cash: need 154071.00, have 50000.00
2025-07-19 17:44:36,267 - risk_management.risk_engine - WARNING - Risk violation: max_single_position - Position in RELIANCE would be 279.13% of portfolio
2025-07-19 17:44:36,267 - risk_management.risk_engine - WARNING - Risk violation: insufficient_cash - Insufficient cash: need 156774.00, have 50000.00
2025-07-19 17:44:36,267 - risk_management.risk_engine - WARNING - Risk violation: max_single_position - Position in RELIANCE would be 280.90% of portfolio
2025-07-19 17:44:36,267 - risk_management.risk_engine - WARNING - Risk violation: insufficient_cash - Insufficient cash: need 159477.00, have 50000.00
2025-07-19 17:44:36,267 - risk_management.risk_engine - WARNING - Risk violation: max_single_position - Position in RELIANCE would be 282.67% of portfolio
2025-07-19 17:44:36,267 - risk_management.risk_engine - WARNING - Risk violation: insufficient_cash - Insufficient cash: need 162180.00, have 50000.00
2025-07-19 17:44:36,267 - risk_management.risk_engine - WARNING - Risk violation: max_single_position - Position in RELIANCE would be 284.43% of portfolio
2025-07-19 17:44:36,267 - risk_management.risk_engine - WARNING - Risk violation: insufficient_cash - Insufficient cash: need 164883.00, have 50000.00
2025-07-19 17:44:36,267 - risk_management.risk_engine - WARNING - Risk violation: max_single_position - Position in RELIANCE would be 286.20% of portfolio
2025-07-19 17:44:36,267 - risk_management.risk_engine - WARNING - Risk violation: insufficient_cash - Insufficient cash: need 167586.00, have 50000.00
2025-07-19 17:44:36,267 - risk_management.risk_engine - WARNING - Risk violation: max_single_position - Position in RELIANCE would be 287.97% of portfolio
2025-07-19 17:44:36,267 - risk_management.risk_engine - WARNING - Risk violation: insufficient_cash - Insufficient cash: need 170289.00, have 50000.00
2025-07-19 17:44:36,267 - risk_management.risk_engine - WARNING - Risk violation: max_single_position - Position in RELIANCE would be 289.73% of portfolio
2025-07-19 17:44:36,267 - risk_management.risk_engine - WARNING - Risk violation: insufficient_cash - Insufficient cash: need 172992.00, have 50000.00
2025-07-19 17:44:36,267 - risk_management.risk_engine - WARNING - Risk violation: max_single_position - Position in RELIANCE would be 291.50% of portfolio
2025-07-19 17:44:36,268 - risk_management.risk_engine - WARNING - Risk violation: insufficient_cash - Insufficient cash: need 175695.00, have 50000.00
2025-07-19 17:44:36,268 - risk_management.risk_engine - WARNING - Risk violation: max_single_position - Position in RELIANCE would be 293.27% of portfolio
2025-07-19 17:44:36,268 - risk_management.risk_engine - WARNING - Risk violation: insufficient_cash - Insufficient cash: need 178398.00, have 50000.00
2025-07-19 17:44:36,268 - risk_management.risk_engine - WARNING - Risk violation: max_single_position - Position in RELIANCE would be 295.03% of portfolio
2025-07-19 17:44:36,268 - risk_management.risk_engine - WARNING - Risk violation: insufficient_cash - Insufficient cash: need 181101.00, have 50000.00
2025-07-19 17:44:36,268 - risk_management.risk_engine - WARNING - Risk violation: max_single_position - Position in RELIANCE would be 296.80% of portfolio
2025-07-19 17:44:36,268 - risk_management.risk_engine - WARNING - Risk violation: insufficient_cash - Insufficient cash: need 183804.00, have 50000.00
2025-07-19 17:44:36,268 - risk_management.risk_engine - WARNING - Risk violation: max_single_position - Position in RELIANCE would be 298.57% of portfolio
2025-07-19 17:44:36,268 - risk_management.risk_engine - WARNING - Risk violation: insufficient_cash - Insufficient cash: need 186507.00, have 50000.00
2025-07-19 17:44:36,268 - risk_management.risk_engine - WARNING - Risk violation: max_single_position - Position in RELIANCE would be 300.33% of portfolio
2025-07-19 17:44:36,268 - risk_management.risk_engine - WARNING - Risk violation: insufficient_cash - Insufficient cash: need 189210.00, have 50000.00
2025-07-19 17:44:36,268 - risk_management.risk_engine - WARNING - Risk violation: max_single_position - Position in RELIANCE would be 302.10% of portfolio
2025-07-19 17:44:36,268 - risk_management.risk_engine - WARNING - Risk violation: insufficient_cash - Insufficient cash: need 191913.00, have 50000.00
2025-07-19 17:44:36,268 - risk_management.risk_engine - WARNING - Risk violation: max_single_position - Position in RELIANCE would be 303.87% of portfolio
2025-07-19 17:44:36,268 - risk_management.risk_engine - WARNING - Risk violation: insufficient_cash - Insufficient cash: need 194616.00, have 50000.00
2025-07-19 17:44:36,268 - risk_management.risk_engine - WARNING - Risk violation: max_single_position - Position in RELIANCE would be 305.63% of portfolio
2025-07-19 17:44:36,268 - risk_management.risk_engine - WARNING - Risk violation: insufficient_cash - Insufficient cash: need 197319.00, have 50000.00
2025-07-19 17:44:36,268 - risk_management.risk_engine - WARNING - Risk violation: max_single_position - Position in RELIANCE would be 307.40% of portfolio
2025-07-19 17:44:36,268 - risk_management.risk_engine - WARNING - Risk violation: insufficient_cash - Insufficient cash: need 200022.00, have 50000.00
2025-07-19 17:44:36,268 - risk_management.risk_engine - WARNING - Risk violation: max_single_position - Position in RELIANCE would be 309.17% of portfolio
2025-07-19 17:44:36,268 - risk_management.risk_engine - WARNING - Risk violation: insufficient_cash - Insufficient cash: need 202725.00, have 50000.00
2025-07-19 17:44:36,268 - risk_management.risk_engine - WARNING - Risk violation: max_single_position - Position in RELIANCE would be 310.93% of portfolio
2025-07-19 17:44:36,268 - risk_management.risk_engine - WARNING - Risk violation: insufficient_cash - Insufficient cash: need 205428.00, have 50000.00
2025-07-19 17:44:36,268 - risk_management.risk_engine - WARNING - Risk violation: max_single_position - Position in RELIANCE would be 312.70% of portfolio
2025-07-19 17:44:36,268 - risk_management.risk_engine - WARNING - Risk violation: insufficient_cash - Insufficient cash: need 208131.00, have 50000.00
2025-07-19 17:44:36,268 - risk_management.risk_engine - WARNING - Risk violation: max_single_position - Position in RELIANCE would be 314.47% of portfolio
2025-07-19 17:44:36,268 - risk_management.risk_engine - WARNING - Risk violation: insufficient_cash - Insufficient cash: need 210834.00, have 50000.00
2025-07-19 17:44:36,268 - risk_management.risk_engine - WARNING - Risk violation: max_single_position - Position in RELIANCE would be 316.23% of portfolio
2025-07-19 17:44:36,268 - risk_management.risk_engine - WARNING - Risk violation: insufficient_cash - Insufficient cash: need 213537.00, have 50000.00
2025-07-19 17:44:36,268 - risk_management.risk_engine - WARNING - Risk violation: max_single_position - Position in RELIANCE would be 318.00% of portfolio
2025-07-19 17:44:36,268 - risk_management.risk_engine - WARNING - Risk violation: insufficient_cash - Insufficient cash: need 216240.00, have 50000.00
2025-07-19 17:44:36,268 - risk_management.risk_engine - WARNING - Risk violation: max_single_position - Position in RELIANCE would be 319.77% of portfolio
2025-07-19 17:44:36,268 - risk_management.risk_engine - WARNING - Risk violation: insufficient_cash - Insufficient cash: need 218943.00, have 50000.00
2025-07-19 17:44:36,268 - risk_management.risk_engine - WARNING - Risk violation: max_single_position - Position in RELIANCE would be 321.53% of portfolio
2025-07-19 17:44:36,268 - risk_management.risk_engine - WARNING - Risk violation: insufficient_cash - Insufficient cash: need 221646.00, have 50000.00
2025-07-19 17:44:36,268 - risk_management.risk_engine - WARNING - Risk violation: max_single_position - Position in RELIANCE would be 323.30% of portfolio
2025-07-19 17:44:36,268 - risk_management.risk_engine - WARNING - Risk violation: insufficient_cash - Insufficient cash: need 224349.00, have 50000.00
2025-07-19 17:44:36,268 - risk_management.risk_engine - WARNING - Risk violation: max_single_position - Position in RELIANCE would be 325.07% of portfolio
2025-07-19 17:44:36,268 - risk_management.risk_engine - WARNING - Risk violation: insufficient_cash - Insufficient cash: need 227052.00, have 50000.00
2025-07-19 17:44:36,268 - risk_management.risk_engine - WARNING - Risk violation: max_single_position - Position in RELIANCE would be 326.83% of portfolio
2025-07-19 17:44:36,268 - risk_management.risk_engine - WARNING - Risk violation: insufficient_cash - Insufficient cash: need 229755.00, have 50000.00
2025-07-19 17:44:36,268 - risk_management.risk_engine - WARNING - Risk violation: max_single_position - Position in RELIANCE would be 328.60% of portfolio
2025-07-19 17:44:36,268 - risk_management.risk_engine - WARNING - Risk violation: insufficient_cash - Insufficient cash: need 232458.00, have 50000.00
2025-07-19 17:44:36,268 - risk_management.risk_engine - WARNING - Risk violation: max_single_position - Position in RELIANCE would be 330.37% of portfolio
2025-07-19 17:44:36,268 - risk_management.risk_engine - WARNING - Risk violation: insufficient_cash - Insufficient cash: need 235161.00, have 50000.00
2025-07-19 17:44:36,268 - risk_management.risk_engine - WARNING - Risk violation: max_single_position - Position in RELIANCE would be 332.13% of portfolio
2025-07-19 17:44:36,268 - risk_management.risk_engine - WARNING - Risk violation: insufficient_cash - Insufficient cash: need 237864.00, have 50000.00
2025-07-19 17:44:36,268 - risk_management.risk_engine - WARNING - Risk violation: max_single_position - Position in RELIANCE would be 333.90% of portfolio
2025-07-19 17:44:36,268 - risk_management.risk_engine - WARNING - Risk violation: insufficient_cash - Insufficient cash: need 240567.00, have 50000.00
2025-07-19 17:44:36,269 - risk_management.risk_engine - WARNING - Risk violation: max_single_position - Position in RELIANCE would be 335.67% of portfolio
2025-07-19 17:44:36,269 - risk_management.risk_engine - WARNING - Risk violation: insufficient_cash - Insufficient cash: need 243270.00, have 50000.00
2025-07-19 17:44:36,269 - risk_management.risk_engine - WARNING - Risk violation: max_single_position - Position in RELIANCE would be 337.43% of portfolio
2025-07-19 17:44:36,269 - risk_management.risk_engine - WARNING - Risk violation: insufficient_cash - Insufficient cash: need 245973.00, have 50000.00
2025-07-19 17:44:36,269 - risk_management.risk_engine - WARNING - Risk violation: max_single_position - Position in RELIANCE would be 339.20% of portfolio
2025-07-19 17:44:36,269 - risk_management.risk_engine - WARNING - Risk violation: insufficient_cash - Insufficient cash: need 248676.00, have 50000.00
2025-07-19 17:44:36,269 - risk_management.risk_engine - WARNING - Risk violation: max_single_position - Position in RELIANCE would be 340.97% of portfolio
2025-07-19 17:44:36,269 - risk_management.risk_engine - WARNING - Risk violation: insufficient_cash - Insufficient cash: need 251379.00, have 50000.00
2025-07-19 17:44:36,269 - risk_management.risk_engine - WARNING - Risk violation: max_single_position - Position in RELIANCE would be 342.73% of portfolio
2025-07-19 17:44:36,269 - risk_management.risk_engine - WARNING - Risk violation: insufficient_cash - Insufficient cash: need 254082.00, have 50000.00
2025-07-19 17:44:36,269 - risk_management.risk_engine - WARNING - Risk violation: max_single_position - Position in RELIANCE would be 344.50% of portfolio
2025-07-19 17:44:36,269 - risk_management.risk_engine - WARNING - Risk violation: insufficient_cash - Insufficient cash: need 256785.00, have 50000.00
2025-07-19 17:44:36,269 - risk_management.risk_engine - WARNING - Risk violation: max_single_position - Position in RELIANCE would be 346.27% of portfolio
2025-07-19 17:44:36,269 - risk_management.risk_engine - WARNING - Risk violation: insufficient_cash - Insufficient cash: need 259488.00, have 50000.00
2025-07-19 17:44:36,269 - risk_management.risk_engine - WARNING - Risk violation: max_single_position - Position in RELIANCE would be 348.03% of portfolio
2025-07-19 17:44:36,269 - risk_management.risk_engine - WARNING - Risk violation: insufficient_cash - Insufficient cash: need 262191.00, have 50000.00
2025-07-19 17:44:36,269 - risk_management.risk_engine - WARNING - Risk violation: max_single_position - Position in RELIANCE would be 349.80% of portfolio
2025-07-19 17:44:36,269 - risk_management.risk_engine - WARNING - Risk violation: insufficient_cash - Insufficient cash: need 264894.00, have 50000.00
2025-07-19 17:44:36,269 - risk_management.risk_engine - WARNING - Risk violation: max_single_position - Position in RELIANCE would be 351.57% of portfolio
2025-07-19 17:44:36,269 - risk_management.risk_engine - WARNING - Risk violation: insufficient_cash - Insufficient cash: need 267597.00, have 50000.00
2025-07-19 17:44:36,269 - risk_management.risk_engine - WARNING - Risk violation: max_single_position - Position in RELIANCE would be 353.33% of portfolio
2025-07-19 17:44:36,269 - risk_management.risk_engine - WARNING - Risk violation: insufficient_cash - Insufficient cash: need 270300.00, have 50000.00
2025-07-19 17:44:36,269 - risk_management.risk_engine - WARNING - Risk violation: max_single_position - Position in RELIANCE would be 355.10% of portfolio
2025-07-19 17:44:36,269 - risk_management.risk_engine - WARNING - Risk violation: insufficient_cash - Insufficient cash: need 273003.00, have 50000.00
2025-07-19 17:44:36,269 - risk_management.risk_engine - WARNING - Risk violation: max_single_position - Position in RELIANCE would be 356.87% of portfolio
2025-07-19 17:44:36,269 - risk_management.risk_engine - WARNING - Risk violation: insufficient_cash - Insufficient cash: need 275706.00, have 50000.00
2025-07-19 17:44:36,269 - risk_management.risk_engine - WARNING - Risk violation: max_single_position - Position in RELIANCE would be 358.63% of portfolio
2025-07-19 17:44:36,269 - risk_management.risk_engine - WARNING - Risk violation: insufficient_cash - Insufficient cash: need 278409.00, have 50000.00
2025-07-19 17:44:36,269 - risk_management.risk_engine - WARNING - Risk violation: max_single_position - Position in RELIANCE would be 360.40% of portfolio
2025-07-19 17:44:36,269 - risk_management.risk_engine - WARNING - Risk violation: insufficient_cash - Insufficient cash: need 281112.00, have 50000.00
2025-07-19 17:44:36,269 - risk_management.risk_engine - WARNING - Risk violation: max_single_position - Position in RELIANCE would be 362.17% of portfolio
2025-07-19 17:44:36,269 - risk_management.risk_engine - WARNING - Risk violation: insufficient_cash - Insufficient cash: need 283815.00, have 50000.00
2025-07-19 17:44:36,269 - risk_management.risk_engine - WARNING - Risk violation: max_single_position - Position in RELIANCE would be 363.93% of portfolio
2025-07-19 17:44:36,269 - risk_management.risk_engine - WARNING - Risk violation: insufficient_cash - Insufficient cash: need 286518.00, have 50000.00
2025-07-19 17:44:36,269 - risk_management.risk_engine - WARNING - Risk violation: max_single_position - Position in RELIANCE would be 365.70% of portfolio
2025-07-19 17:44:36,269 - risk_management.risk_engine - WARNING - Risk violation: insufficient_cash - Insufficient cash: need 289221.00, have 50000.00
2025-07-19 17:44:36,269 - risk_management.risk_engine - WARNING - Risk violation: max_single_position - Position in RELIANCE would be 367.47% of portfolio
2025-07-19 17:44:36,269 - risk_management.risk_engine - WARNING - Risk violation: insufficient_cash - Insufficient cash: need 291924.00, have 50000.00
2025-07-19 17:44:36,269 - risk_management.risk_engine - WARNING - Risk violation: max_single_position - Position in RELIANCE would be 369.23% of portfolio
2025-07-19 17:44:36,269 - risk_management.risk_engine - WARNING - Risk violation: insufficient_cash - Insufficient cash: need 294627.00, have 50000.00
2025-07-19 17:44:36,270 - data.storage - INFO - Database initialized successfully
2025-07-19 17:44:36,270 - brokers.zerodha_broker - INFO - Zerodha broker initialized in demo mode
2025-07-19 17:44:36,270 - brokers.zerodha_broker - INFO - Connecting to Zerodha API...
2025-07-19 17:44:36,270 - brokers.zerodha_broker - INFO - Running in DEMO mode - using mock broker
2025-07-19 17:44:36,276 - monitoring.dashboard - INFO - Trading dashboard initialized
2025-07-19 17:44:36,276 - controls.manual_override - INFO - Manual override system initialized for SECURITY_TEST
2025-07-19 17:44:36,276 - controls.manual_override - WARNING - User unauthorized_user not authorized for manual override
2025-07-19 17:44:36,276 - controls.manual_override - INFO - User Admin (authorized_user) granted SYSTEM_CONTROL access
2025-07-19 17:44:36,276 - controls.manual_override - INFO - Override session started: OVERRIDE_20250719_174436_9c6aaaaa
2025-07-19 17:44:36,276 - controls.manual_override - INFO - User: Admin (authorized_user)
2025-07-19 17:44:36,276 - controls.manual_override - INFO - Level: PARAMETER_ADJUST
2025-07-19 17:44:36,276 - controls.manual_override - INFO - Reason: Legitimate access
2025-07-19 17:44:36,276 - controls.manual_override - INFO - Session OVERRIDE_20250719_174436_9c6aaaaa level: 2
2025-07-19 17:44:36,276 - controls.manual_override - INFO - Requested action: override_circuit_breaker
2025-07-19 17:44:36,276 - controls.manual_override - INFO - Allowed actions: ['adjust_position_size', 'change_sip_amount']
2025-07-19 17:44:36,276 - controls.manual_override - WARNING - Action override_circuit_breaker not permitted for session OVERRIDE_20250719_174436_9c6aaaaa
2025-07-19 17:44:36,276 - controls.manual_override - INFO - Override session ended: OVERRIDE_20250719_174436_9c6aaaaa
2025-07-19 17:44:36,276 - controls.manual_override - INFO - Duration: 0:00:00.000176
2025-07-19 17:44:36,276 - controls.manual_override - INFO - Actions performed: 0
2025-07-19 17:44:36,276 - controls.manual_override - INFO - Reason: Security test completed
2025-07-19 17:44:36,276 - controls.emergency_stop - INFO - Emergency stop system initialized for SECURITY_TEST
2025-07-19 17:44:36,276 - controls.emergency_stop - CRITICAL - EMERGENCY STOP ACTIVATED - Level: hard_stop
2025-07-19 17:44:36,276 - controls.emergency_stop - CRITICAL - Reason: manual_stop - Security test stop
2025-07-19 17:44:36,276 - controls.emergency_stop - CRITICAL - Initiated by: security_test
2025-07-19 17:44:36,276 - controls.emergency_stop - CRITICAL - Stop ID: f428967b-b187-4bd2-89f2-582c0b5945aa
2025-07-19 17:44:36,276 - controls.emergency_stop - INFO - Recovery initiated by unauthorized: Bypass attempt
2025-07-19 17:44:43,402 - controls.circuit_breaker - INFO - Circuit breaker 'test_breaker' initialized with 2 triggers
2025-07-19 17:44:43,403 - controls.circuit_breaker - CRITICAL - CIRCUIT BREAKER TRIGGERED: test_breaker
2025-07-19 17:44:43,403 - controls.circuit_breaker - CRITICAL - Trigger: portfolio_loss
2025-07-19 17:44:43,404 - controls.circuit_breaker - CRITICAL - Current Value: -0.12
2025-07-19 17:44:43,404 - controls.circuit_breaker - CRITICAL - Threshold: 0.1
2025-07-19 17:44:43,404 - controls.circuit_breaker - CRITICAL - Breach Ratio: 1.20
2025-07-19 17:44:43,405 - controls.circuit_breaker - INFO - Circuit breaker 'test_breaker' entering cooldown until 2025-07-19 18:14:43.403555
2025-07-19 17:44:43,405 - controls.circuit_breaker - INFO - Circuit breaker 'test_breaker' reset from cooling_down to active
2025-07-19 17:44:43,405 - controls.circuit_breaker - INFO - Circuit breaker 'test_breaker' manually reset: Test reset
2025-07-19 17:44:43,405 - controls.emergency_stop - INFO - Emergency stop system initialized for TEST_SYSTEM
2025-07-19 17:44:43,406 - controls.emergency_stop - CRITICAL - EMERGENCY STOP ACTIVATED - Level: soft_stop
2025-07-19 17:44:43,406 - controls.emergency_stop - CRITICAL - Reason: manual_stop - Test soft stop
2025-07-19 17:44:43,406 - controls.emergency_stop - CRITICAL - Initiated by: test_user
2025-07-19 17:44:43,406 - controls.emergency_stop - CRITICAL - Stop ID: ce981380-378a-4a71-b7dc-05e3bf893657
2025-07-19 17:44:43,406 - controls.emergency_stop - INFO - Recovery initiated by test_user: Test recovery
2025-07-19 17:44:43,406 - controls.emergency_stop - INFO - Emergency stop recovery completed
2025-07-19 17:44:43,406 - controls.emergency_stop - INFO - Stop duration: 0:00:00.000504
2025-07-19 17:44:43,406 - controls.emergency_stop - INFO - Recovery notes: Test completed
2025-07-19 17:44:43,406 - controls.manual_override - INFO - Manual override system initialized for TEST_SYSTEM
2025-07-19 17:44:43,406 - controls.manual_override - INFO - User Test User (test_user) granted EMERGENCY_CONTROL access
2025-07-19 17:44:43,407 - controls.manual_override - INFO - Override session started: OVERRIDE_20250719_174443_6d3eac40
2025-07-19 17:44:43,407 - controls.manual_override - INFO - User: Test User (test_user)
2025-07-19 17:44:43,407 - controls.manual_override - INFO - Level: PARAMETER_ADJUST
2025-07-19 17:44:43,407 - controls.manual_override - INFO - Reason: Testing manual override
2025-07-19 17:44:43,407 - controls.manual_override - INFO - Session OVERRIDE_20250719_174443_6d3eac40 level: 2
2025-07-19 17:44:43,407 - controls.manual_override - INFO - Requested action: pause_strategy
2025-07-19 17:44:43,408 - controls.manual_override - INFO - Allowed actions: ['adjust_position_size', 'change_sip_amount']
2025-07-19 17:44:43,408 - controls.manual_override - WARNING - Action pause_strategy not permitted for session OVERRIDE_20250719_174443_6d3eac40
2025-07-19 17:45:49,885 - __main__ - INFO - ============================================================
2025-07-19 17:45:49,885 - __main__ - INFO - SIP Algorithmic Trading System - Starting Up
2025-07-19 17:45:49,885 - __main__ - INFO - ============================================================
2025-07-19 17:45:49,885 - __main__ - INFO - Initializing database...
2025-07-19 17:45:49,887 - data.storage - INFO - Database initialized successfully
2025-07-19 17:45:49,887 - __main__ - INFO - ✓ Database initialized successfully
2025-07-19 17:45:49,887 - __main__ - INFO - Initializing market data provider...
2025-07-19 17:45:49,887 - __main__ - INFO - ✓ Market data provider initialized
2025-07-19 17:45:49,887 - __main__ - INFO - Initializing broker connection...
2025-07-19 17:45:49,887 - brokers.zerodha_broker - INFO - Zerodha broker initialized in demo mode
2025-07-19 17:45:49,887 - brokers.zerodha_broker - INFO - Connecting to Zerodha API...
2025-07-19 17:45:49,887 - brokers.zerodha_broker - INFO - Running in DEMO mode - using mock broker
2025-07-19 17:45:49,887 - __main__ - INFO - ✓ Broker connected successfully
2025-07-19 17:45:49,887 - __main__ - INFO - Initializing order manager...
2025-07-19 17:45:49,887 - __main__ - INFO - ✓ Order manager initialized
2025-07-19 17:45:49,887 - __main__ - INFO - Account balance: ₹100000.00
2025-07-19 17:45:49,887 - __main__ - INFO - Current positions: 2
2025-07-19 17:45:49,887 - __main__ - INFO - ✓ System initialization completed successfully
2025-07-19 17:45:49,887 - __main__ - INFO - Running in demonstration mode...
2025-07-19 17:45:49,887 - __main__ - INFO - Updating market data for 3 symbols...
2025-07-19 17:45:49,887 - __main__ - INFO - Fetching data for NIFTY50...
2025-07-19 17:45:50,693 - data.market_data - WARNING - No data found for symbol NIFTY50
2025-07-19 17:45:50,694 - __main__ - WARNING - ⚠ No data updated for NIFTY50
2025-07-19 17:45:51,198 - __main__ - INFO - Fetching data for RELIANCE...
2025-07-19 17:45:51,638 - data.market_data - WARNING - No data found for symbol RELIANCE
2025-07-19 17:45:51,639 - __main__ - WARNING - ⚠ No data updated for RELIANCE
2025-07-19 17:45:52,144 - __main__ - INFO - Fetching data for TCS...
2025-07-19 17:45:52,478 - data.market_data - WARNING - No data found for symbol TCS
2025-07-19 17:45:52,482 - __main__ - WARNING - ⚠ No data updated for TCS
2025-07-19 17:45:52,991 - __main__ - INFO - ✓ Market data update completed
2025-07-19 17:45:52,991 - __main__ - INFO - Fetching current prices for 3 symbols...
2025-07-19 17:45:53,363 - data.market_data - ERROR - Error getting current price for NIFTY50: 429 Client Error: Too Many Requests for url: https://query2.finance.yahoo.com/v10/finance/quoteSummary/%5ENSEI?modules=summaryProfile%2CfinancialData%2CquoteType%2CdefaultKeyStatistics%2CassetProfile%2CsummaryDetail&ssl=true
2025-07-19 17:45:53,837 - data.market_data - ERROR - Error getting current price for RELIANCE: 429 Client Error: Too Many Requests for url: https://query2.finance.yahoo.com/v10/finance/quoteSummary/RELIANCE.NS?modules=summaryProfile%2CfinancialData%2CquoteType%2CdefaultKeyStatistics%2CassetProfile%2CsummaryDetail&ssl=true
2025-07-19 17:45:54,435 - data.market_data - ERROR - Error getting current price for TCS: 429 Client Error: Too Many Requests for url: https://query2.finance.yahoo.com/v10/finance/quoteSummary/TCS.NS?modules=summaryProfile%2CfinancialData%2CquoteType%2CdefaultKeyStatistics%2CassetProfile%2CsummaryDetail&ssl=true
2025-07-19 17:45:54,542 - __main__ - INFO - Portfolio Summary:
2025-07-19 17:45:54,542 - __main__ - INFO - ----------------------------------------
2025-07-19 17:45:54,543 - __main__ - INFO - Cash Balance: ₹100000.00
2025-07-19 17:45:54,543 - __main__ - INFO - Used Margin: ₹25000.00
2025-07-19 17:45:54,543 - __main__ - INFO - Holdings: 2 positions
2025-07-19 17:45:54,543 - __main__ - INFO -   {'symbol': 'RELIANCE', 'quantity': 10, 'average_price': 2650.0, 'current_price': 2680.0, 'pnl': 300.0}
2025-07-19 17:45:54,544 - __main__ - INFO -   {'symbol': 'TCS', 'quantity': 5, 'average_price': 3500.0, 'current_price': 3520.0, 'pnl': 100.0}
2025-07-19 17:45:54,544 - __main__ - INFO - No active orders
2025-07-19 17:45:54,544 - __main__ - INFO - ✓ System execution completed successfully
2025-07-19 17:45:54,544 - __main__ - INFO - Cleaning up system resources...
2025-07-19 17:45:54,544 - __main__ - INFO - ✓ Cleanup completed
2025-07-19 17:46:32,349 - data.storage - INFO - Database initialized successfully
2025-07-19 17:46:32,349 - brokers.zerodha_broker - INFO - Zerodha broker initialized in demo mode
2025-07-19 17:46:32,349 - brokers.zerodha_broker - INFO - Connecting to Zerodha API...
2025-07-19 17:46:32,349 - brokers.zerodha_broker - INFO - Running in DEMO mode - using mock broker
2025-07-19 17:46:32,367 - __main__ - INFO - Trading dashboard initialized
2025-07-19 17:46:32,367 - __main__ - INFO - Starting dashboard server on http://127.0.0.1:8050
2025-07-19 17:46:32,368 - dash.dash - INFO - Dash is running on http://127.0.0.1:8050/

2025-07-19 17:46:32,372 - werkzeug - INFO - [31m[1mWARNING: This is a development server. Do not use it in a production deployment. Use a production WSGI server instead.[0m
 * Running on http://127.0.0.1:8050
2025-07-19 17:46:32,372 - werkzeug - INFO - [33mPress CTRL+C to quit[0m
2025-07-19 17:46:39,004 - werkzeug - INFO - 127.0.0.1 - - [19/Jul/2025 17:46:39] "GET / HTTP/1.1" 200 -
2025-07-19 17:46:39,970 - werkzeug - INFO - 127.0.0.1 - - [19/Jul/2025 17:46:39] "GET /_dash-layout HTTP/1.1" 200 -
2025-07-19 17:46:39,971 - werkzeug - INFO - 127.0.0.1 - - [19/Jul/2025 17:46:39] "GET /_dash-dependencies HTTP/1.1" 200 -
2025-07-19 17:46:39,972 - werkzeug - INFO - 127.0.0.1 - - [19/Jul/2025 17:46:39] "GET /_favicon.ico?v=3.1.1 HTTP/1.1" 200 -
2025-07-19 17:46:39,977 - werkzeug - INFO - 127.0.0.1 - - [19/Jul/2025 17:46:39] "POST /_dash-update-component HTTP/1.1" 200 -
2025-07-19 17:46:40,010 - werkzeug - INFO - 127.0.0.1 - - [19/Jul/2025 17:46:40] "POST /_dash-update-component HTTP/1.1" 200 -
2025-07-19 17:46:40,014 - werkzeug - INFO - 127.0.0.1 - - [19/Jul/2025 17:46:40] "[36mGET /_dash-component-suites/dash/dcc/async-graph.js HTTP/1.1[0m" 304 -
2025-07-19 17:46:40,016 - werkzeug - INFO - 127.0.0.1 - - [19/Jul/2025 17:46:40] "[36mGET /_dash-component-suites/dash/dash_table/async-highlight.js HTTP/1.1[0m" 304 -
2025-07-19 17:46:40,016 - werkzeug - INFO - 127.0.0.1 - - [19/Jul/2025 17:46:40] "[36mGET /_dash-component-suites/dash/dash_table/async-table.js HTTP/1.1[0m" 304 -
2025-07-19 17:46:40,020 - werkzeug - INFO - 127.0.0.1 - - [19/Jul/2025 17:46:40] "[36mGET /_dash-component-suites/plotly/package_data/plotly.min.js HTTP/1.1[0m" 304 -
2025-07-19 17:46:44,994 - werkzeug - INFO - 127.0.0.1 - - [19/Jul/2025 17:46:44] "POST /_dash-update-component HTTP/1.1" 200 -
2025-07-19 17:46:45,001 - werkzeug - INFO - 127.0.0.1 - - [19/Jul/2025 17:46:45] "POST /_dash-update-component HTTP/1.1" 200 -
2025-07-19 17:46:48,246 - werkzeug - INFO - 127.0.0.1 - - [19/Jul/2025 17:46:48] "GET /.well-known/appspecific/com.chrome.devtools.json HTTP/1.1" 200 -
2025-07-19 17:46:48,566 - werkzeug - INFO - 127.0.0.1 - - [19/Jul/2025 17:46:48] "[36mGET /_dash-component-suites/dash/dcc/async-graph.js.map HTTP/1.1[0m" 304 -
2025-07-19 17:46:48,566 - werkzeug - INFO - 127.0.0.1 - - [19/Jul/2025 17:46:48] "[36mGET /_dash-component-suites/dash/dcc/dash_core_components-shared.js.map HTTP/1.1[0m" 304 -
2025-07-19 17:46:48,569 - werkzeug - INFO - 127.0.0.1 - - [19/Jul/2025 17:46:48] "[36mGET /_dash-component-suites/dash/dash_table/bundle.js.map HTTP/1.1[0m" 304 -
2025-07-19 17:46:48,569 - werkzeug - INFO - 127.0.0.1 - - [19/Jul/2025 17:46:48] "[36mGET /_dash-component-suites/dash/html/dash_html_components.min.js.map HTTP/1.1[0m" 304 -
2025-07-19 17:46:48,570 - werkzeug - INFO - 127.0.0.1 - - [19/Jul/2025 17:46:48] "[36mGET /_dash-component-suites/dash/dash_table/async-highlight.js.map HTTP/1.1[0m" 304 -
2025-07-19 17:46:48,571 - werkzeug - INFO - 127.0.0.1 - - [19/Jul/2025 17:46:48] "[36mGET /_dash-component-suites/dash/dcc/dash_core_components.js.map HTTP/1.1[0m" 304 -
2025-07-19 17:46:48,572 - werkzeug - INFO - 127.0.0.1 - - [19/Jul/2025 17:46:48] "[36mGET /_dash-component-suites/dash/dash_table/async-table.js.map HTTP/1.1[0m" 304 -
2025-07-19 17:46:49,991 - werkzeug - INFO - 127.0.0.1 - - [19/Jul/2025 17:46:49] "POST /_dash-update-component HTTP/1.1" 200 -
2025-07-19 17:46:50,002 - werkzeug - INFO - 127.0.0.1 - - [19/Jul/2025 17:46:50] "POST /_dash-update-component HTTP/1.1" 200 -
2025-07-19 17:46:54,991 - werkzeug - INFO - 127.0.0.1 - - [19/Jul/2025 17:46:54] "POST /_dash-update-component HTTP/1.1" 200 -
2025-07-19 17:46:55,001 - werkzeug - INFO - 127.0.0.1 - - [19/Jul/2025 17:46:55] "POST /_dash-update-component HTTP/1.1" 200 -
2025-07-19 17:46:59,991 - werkzeug - INFO - 127.0.0.1 - - [19/Jul/2025 17:46:59] "POST /_dash-update-component HTTP/1.1" 200 -
2025-07-19 17:46:59,992 - werkzeug - INFO - 127.0.0.1 - - [19/Jul/2025 17:46:59] "POST /_dash-update-component HTTP/1.1" 200 -
2025-07-19 17:47:04,991 - werkzeug - INFO - 127.0.0.1 - - [19/Jul/2025 17:47:04] "POST /_dash-update-component HTTP/1.1" 200 -
2025-07-19 17:47:04,998 - werkzeug - INFO - 127.0.0.1 - - [19/Jul/2025 17:47:04] "POST /_dash-update-component HTTP/1.1" 200 -
2025-07-19 17:47:09,994 - werkzeug - INFO - 127.0.0.1 - - [19/Jul/2025 17:47:09] "POST /_dash-update-component HTTP/1.1" 200 -
2025-07-19 17:47:10,003 - werkzeug - INFO - 127.0.0.1 - - [19/Jul/2025 17:47:10] "POST /_dash-update-component HTTP/1.1" 200 -
2025-07-19 17:47:14,990 - werkzeug - INFO - 127.0.0.1 - - [19/Jul/2025 17:47:14] "POST /_dash-update-component HTTP/1.1" 200 -
2025-07-19 17:47:15,001 - werkzeug - INFO - 127.0.0.1 - - [19/Jul/2025 17:47:15] "POST /_dash-update-component HTTP/1.1" 200 -
2025-07-19 17:47:19,993 - werkzeug - INFO - 127.0.0.1 - - [19/Jul/2025 17:47:19] "POST /_dash-update-component HTTP/1.1" 200 -
2025-07-19 17:47:19,998 - werkzeug - INFO - 127.0.0.1 - - [19/Jul/2025 17:47:19] "POST /_dash-update-component HTTP/1.1" 200 -
2025-07-19 17:47:24,992 - werkzeug - INFO - 127.0.0.1 - - [19/Jul/2025 17:47:24] "POST /_dash-update-component HTTP/1.1" 200 -
2025-07-19 17:47:25,001 - werkzeug - INFO - 127.0.0.1 - - [19/Jul/2025 17:47:25] "POST /_dash-update-component HTTP/1.1" 200 -
2025-07-19 17:47:29,993 - werkzeug - INFO - 127.0.0.1 - - [19/Jul/2025 17:47:29] "POST /_dash-update-component HTTP/1.1" 200 -
2025-07-19 17:47:30,001 - werkzeug - INFO - 127.0.0.1 - - [19/Jul/2025 17:47:30] "POST /_dash-update-component HTTP/1.1" 200 -
2025-07-19 17:47:34,990 - werkzeug - INFO - 127.0.0.1 - - [19/Jul/2025 17:47:34] "POST /_dash-update-component HTTP/1.1" 200 -
2025-07-19 17:47:34,998 - werkzeug - INFO - 127.0.0.1 - - [19/Jul/2025 17:47:34] "POST /_dash-update-component HTTP/1.1" 200 -
2025-07-19 17:47:39,991 - werkzeug - INFO - 127.0.0.1 - - [19/Jul/2025 17:47:39] "POST /_dash-update-component HTTP/1.1" 200 -
2025-07-19 17:47:40,001 - werkzeug - INFO - 127.0.0.1 - - [19/Jul/2025 17:47:40] "POST /_dash-update-component HTTP/1.1" 200 -
2025-07-19 17:47:44,992 - werkzeug - INFO - 127.0.0.1 - - [19/Jul/2025 17:47:44] "POST /_dash-update-component HTTP/1.1" 200 -
2025-07-19 17:47:45,000 - werkzeug - INFO - 127.0.0.1 - - [19/Jul/2025 17:47:45] "POST /_dash-update-component HTTP/1.1" 200 -
2025-07-19 17:47:49,995 - werkzeug - INFO - 127.0.0.1 - - [19/Jul/2025 17:47:49] "POST /_dash-update-component HTTP/1.1" 200 -
2025-07-19 17:47:50,008 - werkzeug - INFO - 127.0.0.1 - - [19/Jul/2025 17:47:50] "POST /_dash-update-component HTTP/1.1" 200 -
2025-07-19 17:47:54,992 - werkzeug - INFO - 127.0.0.1 - - [19/Jul/2025 17:47:54] "POST /_dash-update-component HTTP/1.1" 200 -
2025-07-19 17:47:54,999 - werkzeug - INFO - 127.0.0.1 - - [19/Jul/2025 17:47:54] "POST /_dash-update-component HTTP/1.1" 200 -
2025-07-19 17:47:59,992 - werkzeug - INFO - 127.0.0.1 - - [19/Jul/2025 17:47:59] "POST /_dash-update-component HTTP/1.1" 200 -
2025-07-19 17:47:59,999 - werkzeug - INFO - 127.0.0.1 - - [19/Jul/2025 17:47:59] "POST /_dash-update-component HTTP/1.1" 200 -
2025-07-19 17:48:04,993 - werkzeug - INFO - 127.0.0.1 - - [19/Jul/2025 17:48:04] "POST /_dash-update-component HTTP/1.1" 200 -
2025-07-19 17:48:05,002 - werkzeug - INFO - 127.0.0.1 - - [19/Jul/2025 17:48:05] "POST /_dash-update-component HTTP/1.1" 200 -
2025-07-19 17:48:10,001 - werkzeug - INFO - 127.0.0.1 - - [19/Jul/2025 17:48:10] "POST /_dash-update-component HTTP/1.1" 200 -
2025-07-19 17:48:10,002 - werkzeug - INFO - 127.0.0.1 - - [19/Jul/2025 17:48:10] "POST /_dash-update-component HTTP/1.1" 200 -
2025-07-19 17:48:14,990 - werkzeug - INFO - 127.0.0.1 - - [19/Jul/2025 17:48:14] "POST /_dash-update-component HTTP/1.1" 200 -
2025-07-19 17:48:14,991 - werkzeug - INFO - 127.0.0.1 - - [19/Jul/2025 17:48:14] "POST /_dash-update-component HTTP/1.1" 200 -
2025-07-19 17:48:15,004 - werkzeug - INFO - 127.0.0.1 - - [19/Jul/2025 17:48:15] "POST /_dash-update-component HTTP/1.1" 200 -
2025-07-19 17:48:19,992 - werkzeug - INFO - 127.0.0.1 - - [19/Jul/2025 17:48:19] "POST /_dash-update-component HTTP/1.1" 200 -
2025-07-19 17:48:20,009 - werkzeug - INFO - 127.0.0.1 - - [19/Jul/2025 17:48:20] "POST /_dash-update-component HTTP/1.1" 200 -
2025-07-19 17:48:24,989 - werkzeug - INFO - 127.0.0.1 - - [19/Jul/2025 17:48:24] "POST /_dash-update-component HTTP/1.1" 200 -
2025-07-19 17:48:25,006 - werkzeug - INFO - 127.0.0.1 - - [19/Jul/2025 17:48:25] "POST /_dash-update-component HTTP/1.1" 200 -
2025-07-19 17:48:29,998 - werkzeug - INFO - 127.0.0.1 - - [19/Jul/2025 17:48:29] "POST /_dash-update-component HTTP/1.1" 200 -
2025-07-19 17:48:30,002 - werkzeug - INFO - 127.0.0.1 - - [19/Jul/2025 17:48:30] "POST /_dash-update-component HTTP/1.1" 200 -
2025-07-19 17:48:35,000 - werkzeug - INFO - 127.0.0.1 - - [19/Jul/2025 17:48:35] "POST /_dash-update-component HTTP/1.1" 200 -
2025-07-19 17:48:35,010 - werkzeug - INFO - 127.0.0.1 - - [19/Jul/2025 17:48:35] "POST /_dash-update-component HTTP/1.1" 200 -
2025-07-19 17:48:39,993 - werkzeug - INFO - 127.0.0.1 - - [19/Jul/2025 17:48:39] "POST /_dash-update-component HTTP/1.1" 200 -
2025-07-19 17:48:40,008 - werkzeug - INFO - 127.0.0.1 - - [19/Jul/2025 17:48:40] "POST /_dash-update-component HTTP/1.1" 200 -
2025-07-19 17:48:44,997 - werkzeug - INFO - 127.0.0.1 - - [19/Jul/2025 17:48:44] "POST /_dash-update-component HTTP/1.1" 200 -
2025-07-19 17:48:45,008 - werkzeug - INFO - 127.0.0.1 - - [19/Jul/2025 17:48:45] "POST /_dash-update-component HTTP/1.1" 200 -
2025-07-19 17:48:46,086 - werkzeug - INFO - 127.0.0.1 - - [19/Jul/2025 17:48:46] "POST /_dash-update-component HTTP/1.1" 200 -
2025-07-19 17:48:50,002 - werkzeug - INFO - 127.0.0.1 - - [19/Jul/2025 17:48:50] "POST /_dash-update-component HTTP/1.1" 200 -
2025-07-19 17:48:50,003 - werkzeug - INFO - 127.0.0.1 - - [19/Jul/2025 17:48:50] "POST /_dash-update-component HTTP/1.1" 200 -
2025-07-19 17:48:53,181 - werkzeug - INFO - 127.0.0.1 - - [19/Jul/2025 17:48:53] "POST /_dash-update-component HTTP/1.1" 200 -
2025-07-19 17:48:53,839 - werkzeug - INFO - 127.0.0.1 - - [19/Jul/2025 17:48:53] "POST /_dash-update-component HTTP/1.1" 200 -
2025-07-19 17:48:54,996 - werkzeug - INFO - 127.0.0.1 - - [19/Jul/2025 17:48:54] "POST /_dash-update-component HTTP/1.1" 200 -
2025-07-19 17:48:54,997 - werkzeug - INFO - 127.0.0.1 - - [19/Jul/2025 17:48:54] "POST /_dash-update-component HTTP/1.1" 200 -
2025-07-19 17:48:59,988 - werkzeug - INFO - 127.0.0.1 - - [19/Jul/2025 17:48:59] "POST /_dash-update-component HTTP/1.1" 200 -
2025-07-19 17:48:59,995 - werkzeug - INFO - 127.0.0.1 - - [19/Jul/2025 17:48:59] "POST /_dash-update-component HTTP/1.1" 200 -
2025-07-19 17:49:01,513 - werkzeug - INFO - 127.0.0.1 - - [19/Jul/2025 17:49:01] "POST /_dash-update-component HTTP/1.1" 200 -
2025-07-19 17:49:04,996 - werkzeug - INFO - 127.0.0.1 - - [19/Jul/2025 17:49:04] "POST /_dash-update-component HTTP/1.1" 200 -
2025-07-19 17:49:04,997 - werkzeug - INFO - 127.0.0.1 - - [19/Jul/2025 17:49:04] "POST /_dash-update-component HTTP/1.1" 200 -
2025-07-19 17:49:09,919 - data.market_data - ERROR - Error getting current price for NIFTY50: 429 Client Error: Too Many Requests for url: https://query2.finance.yahoo.com/v10/finance/quoteSummary/%5ENSEI?modules=summaryProfile%2CfinancialData%2CquoteType%2CdefaultKeyStatistics%2CassetProfile%2CsummaryDetail&ssl=true
2025-07-19 17:49:10,041 - werkzeug - INFO - 127.0.0.1 - - [19/Jul/2025 17:49:10] "POST /_dash-update-component HTTP/1.1" 200 -
2025-07-19 17:49:10,271 - data.market_data - ERROR - Error getting current price for RELIANCE: 429 Client Error: Too Many Requests for url: https://query2.finance.yahoo.com/v10/finance/quoteSummary/RELIANCE.NS?modules=summaryProfile%2CfinancialData%2CquoteType%2CdefaultKeyStatistics%2CassetProfile%2CsummaryDetail&ssl=true
2025-07-19 17:49:10,349 - data.market_data - ERROR - Error getting current price for NIFTY50: 429 Client Error: Too Many Requests for url: https://query2.finance.yahoo.com/v10/finance/quoteSummary/%5ENSEI?modules=summaryProfile%2CfinancialData%2CquoteType%2CdefaultKeyStatistics%2CassetProfile%2CsummaryDetail&ssl=true
2025-07-19 17:49:10,590 - data.market_data - ERROR - Error getting current price for TCS: 429 Client Error: Too Many Requests for url: https://query2.finance.yahoo.com/v10/finance/quoteSummary/TCS.NS?modules=summaryProfile%2CfinancialData%2CquoteType%2CdefaultKeyStatistics%2CassetProfile%2CsummaryDetail&ssl=true
2025-07-19 17:49:10,683 - data.market_data - ERROR - Error getting current price for RELIANCE: 429 Client Error: Too Many Requests for url: https://query2.finance.yahoo.com/v10/finance/quoteSummary/RELIANCE.NS?modules=summaryProfile%2CfinancialData%2CquoteType%2CdefaultKeyStatistics%2CassetProfile%2CsummaryDetail&ssl=true
2025-07-19 17:49:10,914 - data.market_data - ERROR - Error getting current price for HDFCBANK: 429 Client Error: Too Many Requests for url: https://query2.finance.yahoo.com/v10/finance/quoteSummary/HDFCBANK.NS?modules=summaryProfile%2CfinancialData%2CquoteType%2CdefaultKeyStatistics%2CassetProfile%2CsummaryDetail&ssl=true
2025-07-19 17:49:10,996 - data.market_data - ERROR - Error getting current price for TCS: 429 Client Error: Too Many Requests for url: https://query2.finance.yahoo.com/v10/finance/quoteSummary/TCS.NS?modules=summaryProfile%2CfinancialData%2CquoteType%2CdefaultKeyStatistics%2CassetProfile%2CsummaryDetail&ssl=true
2025-07-19 17:49:11,232 - data.market_data - ERROR - Error getting current price for INFY: 429 Client Error: Too Many Requests for url: https://query2.finance.yahoo.com/v10/finance/quoteSummary/INFY.NS?modules=summaryProfile%2CfinancialData%2CquoteType%2CdefaultKeyStatistics%2CassetProfile%2CsummaryDetail&ssl=true
2025-07-19 17:49:11,238 - werkzeug - INFO - 127.0.0.1 - - [19/Jul/2025 17:49:11] "POST /_dash-update-component HTTP/1.1" 200 -
2025-07-19 17:49:11,316 - data.market_data - ERROR - Error getting current price for HDFCBANK: 429 Client Error: Too Many Requests for url: https://query2.finance.yahoo.com/v10/finance/quoteSummary/HDFCBANK.NS?modules=summaryProfile%2CfinancialData%2CquoteType%2CdefaultKeyStatistics%2CassetProfile%2CsummaryDetail&ssl=true
2025-07-19 17:49:11,712 - data.market_data - ERROR - Error getting current price for INFY: 429 Client Error: Too Many Requests for url: https://query2.finance.yahoo.com/v10/finance/quoteSummary/INFY.NS?modules=summaryProfile%2CfinancialData%2CquoteType%2CdefaultKeyStatistics%2CassetProfile%2CsummaryDetail&ssl=true
2025-07-19 17:49:11,718 - werkzeug - INFO - 127.0.0.1 - - [19/Jul/2025 17:49:11] "POST /_dash-update-component HTTP/1.1" 200 -
2025-07-19 17:49:14,997 - werkzeug - INFO - 127.0.0.1 - - [19/Jul/2025 17:49:14] "POST /_dash-update-component HTTP/1.1" 200 -
2025-07-19 17:49:15,399 - data.market_data - ERROR - Error getting current price for NIFTY50: 429 Client Error: Too Many Requests for url: https://query2.finance.yahoo.com/v10/finance/quoteSummary/%5ENSEI?modules=summaryProfile%2CfinancialData%2CquoteType%2CdefaultKeyStatistics%2CassetProfile%2CsummaryDetail&ssl=true
2025-07-19 17:49:15,710 - data.market_data - ERROR - Error getting current price for RELIANCE: 429 Client Error: Too Many Requests for url: https://query2.finance.yahoo.com/v10/finance/quoteSummary/RELIANCE.NS?modules=summaryProfile%2CfinancialData%2CquoteType%2CdefaultKeyStatistics%2CassetProfile%2CsummaryDetail&ssl=true
2025-07-19 17:49:16,069 - data.market_data - ERROR - Error getting current price for TCS: 429 Client Error: Too Many Requests for url: https://query2.finance.yahoo.com/v10/finance/quoteSummary/TCS.NS?modules=summaryProfile%2CfinancialData%2CquoteType%2CdefaultKeyStatistics%2CassetProfile%2CsummaryDetail&ssl=true
2025-07-19 17:49:16,440 - data.market_data - ERROR - Error getting current price for HDFCBANK: 429 Client Error: Too Many Requests for url: https://query2.finance.yahoo.com/v10/finance/quoteSummary/HDFCBANK.NS?modules=summaryProfile%2CfinancialData%2CquoteType%2CdefaultKeyStatistics%2CassetProfile%2CsummaryDetail&ssl=true
2025-07-19 17:49:16,799 - data.market_data - ERROR - Error getting current price for INFY: 429 Client Error: Too Many Requests for url: https://query2.finance.yahoo.com/v10/finance/quoteSummary/INFY.NS?modules=summaryProfile%2CfinancialData%2CquoteType%2CdefaultKeyStatistics%2CassetProfile%2CsummaryDetail&ssl=true
2025-07-19 17:49:16,804 - werkzeug - INFO - 127.0.0.1 - - [19/Jul/2025 17:49:16] "POST /_dash-update-component HTTP/1.1" 200 -
2025-07-19 17:49:19,994 - werkzeug - INFO - 127.0.0.1 - - [19/Jul/2025 17:49:19] "POST /_dash-update-component HTTP/1.1" 200 -
2025-07-19 17:49:20,403 - data.market_data - ERROR - Error getting current price for NIFTY50: 429 Client Error: Too Many Requests for url: https://query2.finance.yahoo.com/v10/finance/quoteSummary/%5ENSEI?modules=summaryProfile%2CfinancialData%2CquoteType%2CdefaultKeyStatistics%2CassetProfile%2CsummaryDetail&ssl=true
2025-07-19 17:49:20,713 - data.market_data - ERROR - Error getting current price for RELIANCE: 429 Client Error: Too Many Requests for url: https://query2.finance.yahoo.com/v10/finance/quoteSummary/RELIANCE.NS?modules=summaryProfile%2CfinancialData%2CquoteType%2CdefaultKeyStatistics%2CassetProfile%2CsummaryDetail&ssl=true
2025-07-19 17:49:21,116 - data.market_data - ERROR - Error getting current price for TCS: 429 Client Error: Too Many Requests for url: https://query2.finance.yahoo.com/v10/finance/quoteSummary/TCS.NS?modules=summaryProfile%2CfinancialData%2CquoteType%2CdefaultKeyStatistics%2CassetProfile%2CsummaryDetail&ssl=true
2025-07-19 17:49:21,431 - data.market_data - ERROR - Error getting current price for HDFCBANK: 429 Client Error: Too Many Requests for url: https://query2.finance.yahoo.com/v10/finance/quoteSummary/HDFCBANK.NS?modules=summaryProfile%2CfinancialData%2CquoteType%2CdefaultKeyStatistics%2CassetProfile%2CsummaryDetail&ssl=true
2025-07-19 17:49:21,838 - data.market_data - ERROR - Error getting current price for INFY: 429 Client Error: Too Many Requests for url: https://query2.finance.yahoo.com/v10/finance/quoteSummary/INFY.NS?modules=summaryProfile%2CfinancialData%2CquoteType%2CdefaultKeyStatistics%2CassetProfile%2CsummaryDetail&ssl=true
2025-07-19 17:49:21,844 - werkzeug - INFO - 127.0.0.1 - - [19/Jul/2025 17:49:21] "POST /_dash-update-component HTTP/1.1" 200 -
2025-07-19 17:49:24,996 - werkzeug - INFO - 127.0.0.1 - - [19/Jul/2025 17:49:24] "POST /_dash-update-component HTTP/1.1" 200 -
2025-07-19 17:49:25,316 - data.market_data - ERROR - Error getting current price for NIFTY50: 429 Client Error: Too Many Requests for url: https://query2.finance.yahoo.com/v10/finance/quoteSummary/%5ENSEI?modules=summaryProfile%2CfinancialData%2CquoteType%2CdefaultKeyStatistics%2CassetProfile%2CsummaryDetail&ssl=true
2025-07-19 17:49:25,750 - data.market_data - ERROR - Error getting current price for RELIANCE: 429 Client Error: Too Many Requests for url: https://query2.finance.yahoo.com/v10/finance/quoteSummary/RELIANCE.NS?modules=summaryProfile%2CfinancialData%2CquoteType%2CdefaultKeyStatistics%2CassetProfile%2CsummaryDetail&ssl=true
2025-07-19 17:49:26,068 - data.market_data - ERROR - Error getting current price for TCS: 429 Client Error: Too Many Requests for url: https://query2.finance.yahoo.com/v10/finance/quoteSummary/TCS.NS?modules=summaryProfile%2CfinancialData%2CquoteType%2CdefaultKeyStatistics%2CassetProfile%2CsummaryDetail&ssl=true
2025-07-19 17:49:26,372 - data.market_data - ERROR - Error getting current price for HDFCBANK: 429 Client Error: Too Many Requests for url: https://query2.finance.yahoo.com/v10/finance/quoteSummary/HDFCBANK.NS?modules=summaryProfile%2CfinancialData%2CquoteType%2CdefaultKeyStatistics%2CassetProfile%2CsummaryDetail&ssl=true
2025-07-19 17:49:26,702 - data.market_data - ERROR - Error getting current price for INFY: 429 Client Error: Too Many Requests for url: https://query2.finance.yahoo.com/v10/finance/quoteSummary/INFY.NS?modules=summaryProfile%2CfinancialData%2CquoteType%2CdefaultKeyStatistics%2CassetProfile%2CsummaryDetail&ssl=true
2025-07-19 17:49:26,707 - werkzeug - INFO - 127.0.0.1 - - [19/Jul/2025 17:49:26] "POST /_dash-update-component HTTP/1.1" 200 -
2025-07-19 17:49:29,995 - werkzeug - INFO - 127.0.0.1 - - [19/Jul/2025 17:49:29] "POST /_dash-update-component HTTP/1.1" 200 -
2025-07-19 17:49:30,315 - data.market_data - ERROR - Error getting current price for NIFTY50: 429 Client Error: Too Many Requests for url: https://query2.finance.yahoo.com/v10/finance/quoteSummary/%5ENSEI?modules=summaryProfile%2CfinancialData%2CquoteType%2CdefaultKeyStatistics%2CassetProfile%2CsummaryDetail&ssl=true
2025-07-19 17:49:30,628 - data.market_data - ERROR - Error getting current price for RELIANCE: 429 Client Error: Too Many Requests for url: https://query2.finance.yahoo.com/v10/finance/quoteSummary/RELIANCE.NS?modules=summaryProfile%2CfinancialData%2CquoteType%2CdefaultKeyStatistics%2CassetProfile%2CsummaryDetail&ssl=true
2025-07-19 17:49:30,956 - data.market_data - ERROR - Error getting current price for TCS: 429 Client Error: Too Many Requests for url: https://query2.finance.yahoo.com/v10/finance/quoteSummary/TCS.NS?modules=summaryProfile%2CfinancialData%2CquoteType%2CdefaultKeyStatistics%2CassetProfile%2CsummaryDetail&ssl=true
2025-07-19 17:49:31,302 - data.market_data - ERROR - Error getting current price for HDFCBANK: 429 Client Error: Too Many Requests for url: https://query2.finance.yahoo.com/v10/finance/quoteSummary/HDFCBANK.NS?modules=summaryProfile%2CfinancialData%2CquoteType%2CdefaultKeyStatistics%2CassetProfile%2CsummaryDetail&ssl=true
2025-07-19 17:49:31,668 - data.market_data - ERROR - Error getting current price for INFY: 429 Client Error: Too Many Requests for url: https://query2.finance.yahoo.com/v10/finance/quoteSummary/INFY.NS?modules=summaryProfile%2CfinancialData%2CquoteType%2CdefaultKeyStatistics%2CassetProfile%2CsummaryDetail&ssl=true
2025-07-19 17:49:31,673 - werkzeug - INFO - 127.0.0.1 - - [19/Jul/2025 17:49:31] "POST /_dash-update-component HTTP/1.1" 200 -
2025-07-19 17:49:34,995 - werkzeug - INFO - 127.0.0.1 - - [19/Jul/2025 17:49:34] "POST /_dash-update-component HTTP/1.1" 200 -
2025-07-19 17:49:35,315 - data.market_data - ERROR - Error getting current price for NIFTY50: 429 Client Error: Too Many Requests for url: https://query2.finance.yahoo.com/v10/finance/quoteSummary/%5ENSEI?modules=summaryProfile%2CfinancialData%2CquoteType%2CdefaultKeyStatistics%2CassetProfile%2CsummaryDetail&ssl=true
2025-07-19 17:49:35,670 - data.market_data - ERROR - Error getting current price for RELIANCE: 429 Client Error: Too Many Requests for url: https://query2.finance.yahoo.com/v10/finance/quoteSummary/RELIANCE.NS?modules=summaryProfile%2CfinancialData%2CquoteType%2CdefaultKeyStatistics%2CassetProfile%2CsummaryDetail&ssl=true
2025-07-19 17:49:36,005 - data.market_data - ERROR - Error getting current price for TCS: 429 Client Error: Too Many Requests for url: https://query2.finance.yahoo.com/v10/finance/quoteSummary/TCS.NS?modules=summaryProfile%2CfinancialData%2CquoteType%2CdefaultKeyStatistics%2CassetProfile%2CsummaryDetail&ssl=true
2025-07-19 17:49:36,399 - data.market_data - ERROR - Error getting current price for HDFCBANK: 429 Client Error: Too Many Requests for url: https://query2.finance.yahoo.com/v10/finance/quoteSummary/HDFCBANK.NS?modules=summaryProfile%2CfinancialData%2CquoteType%2CdefaultKeyStatistics%2CassetProfile%2CsummaryDetail&ssl=true
2025-07-19 17:49:36,723 - data.market_data - ERROR - Error getting current price for INFY: 429 Client Error: Too Many Requests for url: https://query2.finance.yahoo.com/v10/finance/quoteSummary/INFY.NS?modules=summaryProfile%2CfinancialData%2CquoteType%2CdefaultKeyStatistics%2CassetProfile%2CsummaryDetail&ssl=true
2025-07-19 17:49:36,728 - werkzeug - INFO - 127.0.0.1 - - [19/Jul/2025 17:49:36] "POST /_dash-update-component HTTP/1.1" 200 -
2025-07-19 17:49:39,992 - werkzeug - INFO - 127.0.0.1 - - [19/Jul/2025 17:49:39] "POST /_dash-update-component HTTP/1.1" 200 -
2025-07-19 17:49:40,475 - data.market_data - ERROR - Error getting current price for NIFTY50: 429 Client Error: Too Many Requests for url: https://query2.finance.yahoo.com/v10/finance/quoteSummary/%5ENSEI?modules=summaryProfile%2CfinancialData%2CquoteType%2CdefaultKeyStatistics%2CassetProfile%2CsummaryDetail&ssl=true
2025-07-19 17:49:40,793 - data.market_data - ERROR - Error getting current price for RELIANCE: 429 Client Error: Too Many Requests for url: https://query2.finance.yahoo.com/v10/finance/quoteSummary/RELIANCE.NS?modules=summaryProfile%2CfinancialData%2CquoteType%2CdefaultKeyStatistics%2CassetProfile%2CsummaryDetail&ssl=true
2025-07-19 17:49:41,119 - data.market_data - ERROR - Error getting current price for TCS: 429 Client Error: Too Many Requests for url: https://query2.finance.yahoo.com/v10/finance/quoteSummary/TCS.NS?modules=summaryProfile%2CfinancialData%2CquoteType%2CdefaultKeyStatistics%2CassetProfile%2CsummaryDetail&ssl=true
2025-07-19 17:49:41,471 - data.market_data - ERROR - Error getting current price for HDFCBANK: 429 Client Error: Too Many Requests for url: https://query2.finance.yahoo.com/v10/finance/quoteSummary/HDFCBANK.NS?modules=summaryProfile%2CfinancialData%2CquoteType%2CdefaultKeyStatistics%2CassetProfile%2CsummaryDetail&ssl=true
2025-07-19 17:49:41,813 - data.market_data - ERROR - Error getting current price for INFY: 429 Client Error: Too Many Requests for url: https://query2.finance.yahoo.com/v10/finance/quoteSummary/INFY.NS?modules=summaryProfile%2CfinancialData%2CquoteType%2CdefaultKeyStatistics%2CassetProfile%2CsummaryDetail&ssl=true
2025-07-19 17:49:41,821 - werkzeug - INFO - 127.0.0.1 - - [19/Jul/2025 17:49:41] "POST /_dash-update-component HTTP/1.1" 200 -
2025-07-19 17:49:44,996 - werkzeug - INFO - 127.0.0.1 - - [19/Jul/2025 17:49:44] "POST /_dash-update-component HTTP/1.1" 200 -
2025-07-19 17:49:45,356 - data.market_data - ERROR - Error getting current price for NIFTY50: 429 Client Error: Too Many Requests for url: https://query2.finance.yahoo.com/v10/finance/quoteSummary/%5ENSEI?modules=summaryProfile%2CfinancialData%2CquoteType%2CdefaultKeyStatistics%2CassetProfile%2CsummaryDetail&ssl=true
2025-07-19 17:49:45,825 - data.market_data - ERROR - Error getting current price for RELIANCE: 429 Client Error: Too Many Requests for url: https://query2.finance.yahoo.com/v10/finance/quoteSummary/RELIANCE.NS?modules=summaryProfile%2CfinancialData%2CquoteType%2CdefaultKeyStatistics%2CassetProfile%2CsummaryDetail&ssl=true
2025-07-19 17:49:46,159 - data.market_data - ERROR - Error getting current price for TCS: 429 Client Error: Too Many Requests for url: https://query2.finance.yahoo.com/v10/finance/quoteSummary/TCS.NS?modules=summaryProfile%2CfinancialData%2CquoteType%2CdefaultKeyStatistics%2CassetProfile%2CsummaryDetail&ssl=true
2025-07-19 17:49:46,561 - data.market_data - ERROR - Error getting current price for HDFCBANK: 429 Client Error: Too Many Requests for url: https://query2.finance.yahoo.com/v10/finance/quoteSummary/HDFCBANK.NS?modules=summaryProfile%2CfinancialData%2CquoteType%2CdefaultKeyStatistics%2CassetProfile%2CsummaryDetail&ssl=true
2025-07-19 17:49:46,875 - data.market_data - ERROR - Error getting current price for INFY: 429 Client Error: Too Many Requests for url: https://query2.finance.yahoo.com/v10/finance/quoteSummary/INFY.NS?modules=summaryProfile%2CfinancialData%2CquoteType%2CdefaultKeyStatistics%2CassetProfile%2CsummaryDetail&ssl=true
2025-07-19 17:49:46,883 - werkzeug - INFO - 127.0.0.1 - - [19/Jul/2025 17:49:46] "POST /_dash-update-component HTTP/1.1" 200 -
2025-07-19 17:49:49,995 - werkzeug - INFO - 127.0.0.1 - - [19/Jul/2025 17:49:49] "POST /_dash-update-component HTTP/1.1" 200 -
2025-07-19 17:49:50,343 - data.market_data - ERROR - Error getting current price for NIFTY50: 429 Client Error: Too Many Requests for url: https://query2.finance.yahoo.com/v10/finance/quoteSummary/%5ENSEI?modules=summaryProfile%2CfinancialData%2CquoteType%2CdefaultKeyStatistics%2CassetProfile%2CsummaryDetail&ssl=true
2025-07-19 17:49:50,759 - data.market_data - ERROR - Error getting current price for RELIANCE: 429 Client Error: Too Many Requests for url: https://query2.finance.yahoo.com/v10/finance/quoteSummary/RELIANCE.NS?modules=summaryProfile%2CfinancialData%2CquoteType%2CdefaultKeyStatistics%2CassetProfile%2CsummaryDetail&ssl=true
2025-07-19 17:49:51,070 - data.market_data - ERROR - Error getting current price for TCS: 429 Client Error: Too Many Requests for url: https://query2.finance.yahoo.com/v10/finance/quoteSummary/TCS.NS?modules=summaryProfile%2CfinancialData%2CquoteType%2CdefaultKeyStatistics%2CassetProfile%2CsummaryDetail&ssl=true
2025-07-19 17:49:51,431 - data.market_data - ERROR - Error getting current price for HDFCBANK: 429 Client Error: Too Many Requests for url: https://query2.finance.yahoo.com/v10/finance/quoteSummary/HDFCBANK.NS?modules=summaryProfile%2CfinancialData%2CquoteType%2CdefaultKeyStatistics%2CassetProfile%2CsummaryDetail&ssl=true
2025-07-19 17:49:51,755 - data.market_data - ERROR - Error getting current price for INFY: 429 Client Error: Too Many Requests for url: https://query2.finance.yahoo.com/v10/finance/quoteSummary/INFY.NS?modules=summaryProfile%2CfinancialData%2CquoteType%2CdefaultKeyStatistics%2CassetProfile%2CsummaryDetail&ssl=true
2025-07-19 17:49:51,760 - werkzeug - INFO - 127.0.0.1 - - [19/Jul/2025 17:49:51] "POST /_dash-update-component HTTP/1.1" 200 -
2025-07-19 17:49:54,995 - werkzeug - INFO - 127.0.0.1 - - [19/Jul/2025 17:49:54] "POST /_dash-update-component HTTP/1.1" 200 -
2025-07-19 17:49:55,355 - data.market_data - ERROR - Error getting current price for NIFTY50: 429 Client Error: Too Many Requests for url: https://query2.finance.yahoo.com/v10/finance/quoteSummary/%5ENSEI?modules=summaryProfile%2CfinancialData%2CquoteType%2CdefaultKeyStatistics%2CassetProfile%2CsummaryDetail&ssl=true
2025-07-19 17:49:55,710 - data.market_data - ERROR - Error getting current price for RELIANCE: 429 Client Error: Too Many Requests for url: https://query2.finance.yahoo.com/v10/finance/quoteSummary/RELIANCE.NS?modules=summaryProfile%2CfinancialData%2CquoteType%2CdefaultKeyStatistics%2CassetProfile%2CsummaryDetail&ssl=true
2025-07-19 17:49:56,078 - data.market_data - ERROR - Error getting current price for TCS: 429 Client Error: Too Many Requests for url: https://query2.finance.yahoo.com/v10/finance/quoteSummary/TCS.NS?modules=summaryProfile%2CfinancialData%2CquoteType%2CdefaultKeyStatistics%2CassetProfile%2CsummaryDetail&ssl=true
2025-07-19 17:49:56,391 - data.market_data - ERROR - Error getting current price for HDFCBANK: 429 Client Error: Too Many Requests for url: https://query2.finance.yahoo.com/v10/finance/quoteSummary/HDFCBANK.NS?modules=summaryProfile%2CfinancialData%2CquoteType%2CdefaultKeyStatistics%2CassetProfile%2CsummaryDetail&ssl=true
2025-07-19 17:49:56,758 - data.market_data - ERROR - Error getting current price for INFY: 429 Client Error: Too Many Requests for url: https://query2.finance.yahoo.com/v10/finance/quoteSummary/INFY.NS?modules=summaryProfile%2CfinancialData%2CquoteType%2CdefaultKeyStatistics%2CassetProfile%2CsummaryDetail&ssl=true
2025-07-19 17:49:56,765 - werkzeug - INFO - 127.0.0.1 - - [19/Jul/2025 17:49:56] "POST /_dash-update-component HTTP/1.1" 200 -
2025-07-19 17:49:59,995 - werkzeug - INFO - 127.0.0.1 - - [19/Jul/2025 17:49:59] "POST /_dash-update-component HTTP/1.1" 200 -
2025-07-19 17:50:00,398 - data.market_data - ERROR - Error getting current price for NIFTY50: 429 Client Error: Too Many Requests for url: https://query2.finance.yahoo.com/v10/finance/quoteSummary/%5ENSEI?modules=summaryProfile%2CfinancialData%2CquoteType%2CdefaultKeyStatistics%2CassetProfile%2CsummaryDetail&ssl=true
2025-07-19 17:50:00,753 - data.market_data - ERROR - Error getting current price for RELIANCE: 429 Client Error: Too Many Requests for url: https://query2.finance.yahoo.com/v10/finance/quoteSummary/RELIANCE.NS?modules=summaryProfile%2CfinancialData%2CquoteType%2CdefaultKeyStatistics%2CassetProfile%2CsummaryDetail&ssl=true
2025-07-19 17:50:01,071 - data.market_data - ERROR - Error getting current price for TCS: 429 Client Error: Too Many Requests for url: https://query2.finance.yahoo.com/v10/finance/quoteSummary/TCS.NS?modules=summaryProfile%2CfinancialData%2CquoteType%2CdefaultKeyStatistics%2CassetProfile%2CsummaryDetail&ssl=true
2025-07-19 17:50:01,396 - data.market_data - ERROR - Error getting current price for HDFCBANK: 429 Client Error: Too Many Requests for url: https://query2.finance.yahoo.com/v10/finance/quoteSummary/HDFCBANK.NS?modules=summaryProfile%2CfinancialData%2CquoteType%2CdefaultKeyStatistics%2CassetProfile%2CsummaryDetail&ssl=true
2025-07-19 17:50:01,715 - data.market_data - ERROR - Error getting current price for INFY: 429 Client Error: Too Many Requests for url: https://query2.finance.yahoo.com/v10/finance/quoteSummary/INFY.NS?modules=summaryProfile%2CfinancialData%2CquoteType%2CdefaultKeyStatistics%2CassetProfile%2CsummaryDetail&ssl=true
2025-07-19 17:50:01,721 - werkzeug - INFO - 127.0.0.1 - - [19/Jul/2025 17:50:01] "POST /_dash-update-component HTTP/1.1" 200 -
2025-07-19 17:50:04,990 - werkzeug - INFO - 127.0.0.1 - - [19/Jul/2025 17:50:04] "POST /_dash-update-component HTTP/1.1" 200 -
2025-07-19 17:50:05,321 - data.market_data - ERROR - Error getting current price for NIFTY50: 429 Client Error: Too Many Requests for url: https://query2.finance.yahoo.com/v10/finance/quoteSummary/%5ENSEI?modules=summaryProfile%2CfinancialData%2CquoteType%2CdefaultKeyStatistics%2CassetProfile%2CsummaryDetail&ssl=true
2025-07-19 17:50:05,671 - data.market_data - ERROR - Error getting current price for RELIANCE: 429 Client Error: Too Many Requests for url: https://query2.finance.yahoo.com/v10/finance/quoteSummary/RELIANCE.NS?modules=summaryProfile%2CfinancialData%2CquoteType%2CdefaultKeyStatistics%2CassetProfile%2CsummaryDetail&ssl=true
2025-07-19 17:50:05,993 - data.market_data - ERROR - Error getting current price for TCS: 429 Client Error: Too Many Requests for url: https://query2.finance.yahoo.com/v10/finance/quoteSummary/TCS.NS?modules=summaryProfile%2CfinancialData%2CquoteType%2CdefaultKeyStatistics%2CassetProfile%2CsummaryDetail&ssl=true
2025-07-19 17:50:06,392 - data.market_data - ERROR - Error getting current price for HDFCBANK: 429 Client Error: Too Many Requests for url: https://query2.finance.yahoo.com/v10/finance/quoteSummary/HDFCBANK.NS?modules=summaryProfile%2CfinancialData%2CquoteType%2CdefaultKeyStatistics%2CassetProfile%2CsummaryDetail&ssl=true
2025-07-19 17:50:06,882 - data.market_data - ERROR - Error getting current price for INFY: 429 Client Error: Too Many Requests for url: https://query2.finance.yahoo.com/v10/finance/quoteSummary/INFY.NS?modules=summaryProfile%2CfinancialData%2CquoteType%2CdefaultKeyStatistics%2CassetProfile%2CsummaryDetail&ssl=true
2025-07-19 17:50:06,888 - werkzeug - INFO - 127.0.0.1 - - [19/Jul/2025 17:50:06] "POST /_dash-update-component HTTP/1.1" 200 -
2025-07-19 17:50:09,996 - werkzeug - INFO - 127.0.0.1 - - [19/Jul/2025 17:50:09] "POST /_dash-update-component HTTP/1.1" 200 -
2025-07-19 17:50:10,363 - data.market_data - ERROR - Error getting current price for NIFTY50: 429 Client Error: Too Many Requests for url: https://query2.finance.yahoo.com/v10/finance/quoteSummary/%5ENSEI?modules=summaryProfile%2CfinancialData%2CquoteType%2CdefaultKeyStatistics%2CassetProfile%2CsummaryDetail&ssl=true
2025-07-19 17:50:10,681 - data.market_data - ERROR - Error getting current price for RELIANCE: 429 Client Error: Too Many Requests for url: https://query2.finance.yahoo.com/v10/finance/quoteSummary/RELIANCE.NS?modules=summaryProfile%2CfinancialData%2CquoteType%2CdefaultKeyStatistics%2CassetProfile%2CsummaryDetail&ssl=true
2025-07-19 17:50:11,032 - data.market_data - ERROR - Error getting current price for TCS: 429 Client Error: Too Many Requests for url: https://query2.finance.yahoo.com/v10/finance/quoteSummary/TCS.NS?modules=summaryProfile%2CfinancialData%2CquoteType%2CdefaultKeyStatistics%2CassetProfile%2CsummaryDetail&ssl=true
2025-07-19 17:50:11,403 - data.market_data - ERROR - Error getting current price for HDFCBANK: 429 Client Error: Too Many Requests for url: https://query2.finance.yahoo.com/v10/finance/quoteSummary/HDFCBANK.NS?modules=summaryProfile%2CfinancialData%2CquoteType%2CdefaultKeyStatistics%2CassetProfile%2CsummaryDetail&ssl=true
2025-07-19 17:50:11,724 - data.market_data - ERROR - Error getting current price for INFY: 429 Client Error: Too Many Requests for url: https://query2.finance.yahoo.com/v10/finance/quoteSummary/INFY.NS?modules=summaryProfile%2CfinancialData%2CquoteType%2CdefaultKeyStatistics%2CassetProfile%2CsummaryDetail&ssl=true
2025-07-19 17:50:11,732 - werkzeug - INFO - 127.0.0.1 - - [19/Jul/2025 17:50:11] "POST /_dash-update-component HTTP/1.1" 200 -
2025-07-19 17:50:14,994 - werkzeug - INFO - 127.0.0.1 - - [19/Jul/2025 17:50:14] "POST /_dash-update-component HTTP/1.1" 200 -
2025-07-19 17:50:15,353 - data.market_data - ERROR - Error getting current price for NIFTY50: 429 Client Error: Too Many Requests for url: https://query2.finance.yahoo.com/v10/finance/quoteSummary/%5ENSEI?modules=summaryProfile%2CfinancialData%2CquoteType%2CdefaultKeyStatistics%2CassetProfile%2CsummaryDetail&ssl=true
2025-07-19 17:50:15,711 - data.market_data - ERROR - Error getting current price for RELIANCE: 429 Client Error: Too Many Requests for url: https://query2.finance.yahoo.com/v10/finance/quoteSummary/RELIANCE.NS?modules=summaryProfile%2CfinancialData%2CquoteType%2CdefaultKeyStatistics%2CassetProfile%2CsummaryDetail&ssl=true
2025-07-19 17:50:16,091 - data.market_data - ERROR - Error getting current price for TCS: 429 Client Error: Too Many Requests for url: https://query2.finance.yahoo.com/v10/finance/quoteSummary/TCS.NS?modules=summaryProfile%2CfinancialData%2CquoteType%2CdefaultKeyStatistics%2CassetProfile%2CsummaryDetail&ssl=true
2025-07-19 17:50:16,480 - data.market_data - ERROR - Error getting current price for HDFCBANK: 429 Client Error: Too Many Requests for url: https://query2.finance.yahoo.com/v10/finance/quoteSummary/HDFCBANK.NS?modules=summaryProfile%2CfinancialData%2CquoteType%2CdefaultKeyStatistics%2CassetProfile%2CsummaryDetail&ssl=true
2025-07-19 17:50:16,837 - data.market_data - ERROR - Error getting current price for INFY: 429 Client Error: Too Many Requests for url: https://query2.finance.yahoo.com/v10/finance/quoteSummary/INFY.NS?modules=summaryProfile%2CfinancialData%2CquoteType%2CdefaultKeyStatistics%2CassetProfile%2CsummaryDetail&ssl=true
2025-07-19 17:50:16,843 - werkzeug - INFO - 127.0.0.1 - - [19/Jul/2025 17:50:16] "POST /_dash-update-component HTTP/1.1" 200 -
2025-07-19 17:50:17,226 - werkzeug - INFO - 127.0.0.1 - - [19/Jul/2025 17:50:17] "POST /_dash-update-component HTTP/1.1" 200 -
2025-07-19 17:50:18,021 - werkzeug - INFO - 127.0.0.1 - - [19/Jul/2025 17:50:18] "POST /_dash-update-component HTTP/1.1" 200 -
2025-07-19 17:50:18,728 - werkzeug - INFO - 127.0.0.1 - - [19/Jul/2025 17:50:18] "POST /_dash-update-component HTTP/1.1" 200 -
2025-07-19 17:50:19,449 - werkzeug - INFO - 127.0.0.1 - - [19/Jul/2025 17:50:19] "POST /_dash-update-component HTTP/1.1" 200 -
2025-07-19 17:50:19,997 - werkzeug - INFO - 127.0.0.1 - - [19/Jul/2025 17:50:19] "POST /_dash-update-component HTTP/1.1" 200 -
2025-07-19 17:50:20,007 - werkzeug - INFO - 127.0.0.1 - - [19/Jul/2025 17:50:20] "POST /_dash-update-component HTTP/1.1" 200 -
2025-07-19 17:50:20,244 - werkzeug - INFO - 127.0.0.1 - - [19/Jul/2025 17:50:20] "POST /_dash-update-component HTTP/1.1" 200 -
2025-07-19 17:50:24,995 - werkzeug - INFO - 127.0.0.1 - - [19/Jul/2025 17:50:24] "POST /_dash-update-component HTTP/1.1" 200 -
2025-07-19 17:50:25,005 - werkzeug - INFO - 127.0.0.1 - - [19/Jul/2025 17:50:25] "POST /_dash-update-component HTTP/1.1" 200 -
2025-07-19 17:50:29,994 - werkzeug - INFO - 127.0.0.1 - - [19/Jul/2025 17:50:29] "POST /_dash-update-component HTTP/1.1" 200 -
2025-07-19 17:50:30,002 - werkzeug - INFO - 127.0.0.1 - - [19/Jul/2025 17:50:30] "POST /_dash-update-component HTTP/1.1" 200 -
2025-07-19 17:50:34,991 - werkzeug - INFO - 127.0.0.1 - - [19/Jul/2025 17:50:34] "POST /_dash-update-component HTTP/1.1" 200 -
2025-07-19 17:50:35,000 - werkzeug - INFO - 127.0.0.1 - - [19/Jul/2025 17:50:35] "POST /_dash-update-component HTTP/1.1" 200 -
2025-07-19 17:50:39,996 - werkzeug - INFO - 127.0.0.1 - - [19/Jul/2025 17:50:39] "POST /_dash-update-component HTTP/1.1" 200 -
2025-07-19 17:50:40,005 - werkzeug - INFO - 127.0.0.1 - - [19/Jul/2025 17:50:40] "POST /_dash-update-component HTTP/1.1" 200 -
2025-07-19 17:50:45,000 - werkzeug - INFO - 127.0.0.1 - - [19/Jul/2025 17:50:45] "POST /_dash-update-component HTTP/1.1" 200 -
2025-07-19 17:50:45,001 - werkzeug - INFO - 127.0.0.1 - - [19/Jul/2025 17:50:45] "POST /_dash-update-component HTTP/1.1" 200 -
2025-07-19 17:50:49,993 - werkzeug - INFO - 127.0.0.1 - - [19/Jul/2025 17:50:49] "POST /_dash-update-component HTTP/1.1" 200 -
2025-07-19 17:50:50,001 - werkzeug - INFO - 127.0.0.1 - - [19/Jul/2025 17:50:50] "POST /_dash-update-component HTTP/1.1" 200 -
2025-07-19 17:50:54,995 - werkzeug - INFO - 127.0.0.1 - - [19/Jul/2025 17:50:54] "POST /_dash-update-component HTTP/1.1" 200 -
2025-07-19 17:50:55,004 - werkzeug - INFO - 127.0.0.1 - - [19/Jul/2025 17:50:55] "POST /_dash-update-component HTTP/1.1" 200 -
2025-07-19 17:50:59,993 - werkzeug - INFO - 127.0.0.1 - - [19/Jul/2025 17:50:59] "POST /_dash-update-component HTTP/1.1" 200 -
2025-07-19 17:51:00,001 - werkzeug - INFO - 127.0.0.1 - - [19/Jul/2025 17:51:00] "POST /_dash-update-component HTTP/1.1" 200 -
2025-07-19 17:51:04,992 - werkzeug - INFO - 127.0.0.1 - - [19/Jul/2025 17:51:04] "POST /_dash-update-component HTTP/1.1" 200 -
2025-07-19 17:51:05,002 - werkzeug - INFO - 127.0.0.1 - - [19/Jul/2025 17:51:05] "POST /_dash-update-component HTTP/1.1" 200 -
2025-07-19 17:51:10,003 - werkzeug - INFO - 127.0.0.1 - - [19/Jul/2025 17:51:10] "POST /_dash-update-component HTTP/1.1" 200 -
2025-07-19 17:51:10,004 - werkzeug - INFO - 127.0.0.1 - - [19/Jul/2025 17:51:10] "POST /_dash-update-component HTTP/1.1" 200 -
2025-07-19 17:51:14,997 - werkzeug - INFO - 127.0.0.1 - - [19/Jul/2025 17:51:14] "POST /_dash-update-component HTTP/1.1" 200 -
2025-07-19 17:51:15,004 - werkzeug - INFO - 127.0.0.1 - - [19/Jul/2025 17:51:15] "POST /_dash-update-component HTTP/1.1" 200 -
2025-07-19 17:51:19,994 - werkzeug - INFO - 127.0.0.1 - - [19/Jul/2025 17:51:19] "POST /_dash-update-component HTTP/1.1" 200 -
2025-07-19 17:51:20,002 - werkzeug - INFO - 127.0.0.1 - - [19/Jul/2025 17:51:20] "POST /_dash-update-component HTTP/1.1" 200 -
2025-07-19 17:51:24,995 - werkzeug - INFO - 127.0.0.1 - - [19/Jul/2025 17:51:24] "POST /_dash-update-component HTTP/1.1" 200 -
2025-07-19 17:51:25,003 - werkzeug - INFO - 127.0.0.1 - - [19/Jul/2025 17:51:25] "POST /_dash-update-component HTTP/1.1" 200 -
2025-07-19 17:51:29,995 - werkzeug - INFO - 127.0.0.1 - - [19/Jul/2025 17:51:29] "POST /_dash-update-component HTTP/1.1" 200 -
2025-07-19 17:51:30,003 - werkzeug - INFO - 127.0.0.1 - - [19/Jul/2025 17:51:30] "POST /_dash-update-component HTTP/1.1" 200 -
2025-07-19 17:51:34,997 - werkzeug - INFO - 127.0.0.1 - - [19/Jul/2025 17:51:34] "POST /_dash-update-component HTTP/1.1" 200 -
2025-07-19 17:51:35,004 - werkzeug - INFO - 127.0.0.1 - - [19/Jul/2025 17:51:35] "POST /_dash-update-component HTTP/1.1" 200 -
2025-07-19 17:51:39,994 - werkzeug - INFO - 127.0.0.1 - - [19/Jul/2025 17:51:39] "POST /_dash-update-component HTTP/1.1" 200 -
2025-07-19 17:51:40,003 - werkzeug - INFO - 127.0.0.1 - - [19/Jul/2025 17:51:40] "POST /_dash-update-component HTTP/1.1" 200 -
2025-07-19 17:51:44,995 - werkzeug - INFO - 127.0.0.1 - - [19/Jul/2025 17:51:44] "POST /_dash-update-component HTTP/1.1" 200 -
2025-07-19 17:51:45,003 - werkzeug - INFO - 127.0.0.1 - - [19/Jul/2025 17:51:45] "POST /_dash-update-component HTTP/1.1" 200 -
2025-07-19 17:51:49,993 - werkzeug - INFO - 127.0.0.1 - - [19/Jul/2025 17:51:49] "POST /_dash-update-component HTTP/1.1" 200 -
2025-07-19 17:51:50,002 - werkzeug - INFO - 127.0.0.1 - - [19/Jul/2025 17:51:50] "POST /_dash-update-component HTTP/1.1" 200 -
2025-07-19 17:51:56,203 - werkzeug - INFO - 127.0.0.1 - - [19/Jul/2025 17:51:56] "POST /_dash-update-component HTTP/1.1" 200 -
2025-07-19 17:51:56,211 - werkzeug - INFO - 127.0.0.1 - - [19/Jul/2025 17:51:56] "POST /_dash-update-component HTTP/1.1" 200 -
2025-07-19 17:52:01,217 - werkzeug - INFO - 127.0.0.1 - - [19/Jul/2025 17:52:01] "POST /_dash-update-component HTTP/1.1" 200 -
2025-07-19 17:52:01,218 - werkzeug - INFO - 127.0.0.1 - - [19/Jul/2025 17:52:01] "POST /_dash-update-component HTTP/1.1" 200 -
2025-07-19 17:52:06,204 - werkzeug - INFO - 127.0.0.1 - - [19/Jul/2025 17:52:06] "POST /_dash-update-component HTTP/1.1" 200 -
2025-07-19 17:52:06,219 - werkzeug - INFO - 127.0.0.1 - - [19/Jul/2025 17:52:06] "POST /_dash-update-component HTTP/1.1" 200 -
2025-07-19 17:52:11,217 - werkzeug - INFO - 127.0.0.1 - - [19/Jul/2025 17:52:11] "POST /_dash-update-component HTTP/1.1" 200 -
2025-07-19 17:52:11,218 - werkzeug - INFO - 127.0.0.1 - - [19/Jul/2025 17:52:11] "POST /_dash-update-component HTTP/1.1" 200 -
2025-07-19 17:52:16,204 - werkzeug - INFO - 127.0.0.1 - - [19/Jul/2025 17:52:16] "POST /_dash-update-component HTTP/1.1" 200 -
2025-07-19 17:52:16,217 - werkzeug - INFO - 127.0.0.1 - - [19/Jul/2025 17:52:16] "POST /_dash-update-component HTTP/1.1" 200 -
2025-07-19 17:52:21,205 - werkzeug - INFO - 127.0.0.1 - - [19/Jul/2025 17:52:21] "POST /_dash-update-component HTTP/1.1" 200 -
2025-07-19 17:52:21,218 - werkzeug - INFO - 127.0.0.1 - - [19/Jul/2025 17:52:21] "POST /_dash-update-component HTTP/1.1" 200 -
2025-07-19 17:52:26,204 - werkzeug - INFO - 127.0.0.1 - - [19/Jul/2025 17:52:26] "POST /_dash-update-component HTTP/1.1" 200 -
2025-07-19 17:52:26,217 - werkzeug - INFO - 127.0.0.1 - - [19/Jul/2025 17:52:26] "POST /_dash-update-component HTTP/1.1" 200 -
2025-07-19 17:52:31,202 - werkzeug - INFO - 127.0.0.1 - - [19/Jul/2025 17:52:31] "POST /_dash-update-component HTTP/1.1" 200 -
2025-07-19 17:52:31,209 - werkzeug - INFO - 127.0.0.1 - - [19/Jul/2025 17:52:31] "POST /_dash-update-component HTTP/1.1" 200 -
2025-07-19 17:52:36,205 - werkzeug - INFO - 127.0.0.1 - - [19/Jul/2025 17:52:36] "POST /_dash-update-component HTTP/1.1" 200 -
2025-07-19 17:52:36,218 - werkzeug - INFO - 127.0.0.1 - - [19/Jul/2025 17:52:36] "POST /_dash-update-component HTTP/1.1" 200 -
2025-07-19 17:52:41,209 - werkzeug - INFO - 127.0.0.1 - - [19/Jul/2025 17:52:41] "POST /_dash-update-component HTTP/1.1" 200 -
2025-07-19 17:52:41,217 - werkzeug - INFO - 127.0.0.1 - - [19/Jul/2025 17:52:41] "POST /_dash-update-component HTTP/1.1" 200 -
2025-07-19 17:52:46,211 - werkzeug - INFO - 127.0.0.1 - - [19/Jul/2025 17:52:46] "POST /_dash-update-component HTTP/1.1" 200 -
2025-07-19 17:52:46,219 - werkzeug - INFO - 127.0.0.1 - - [19/Jul/2025 17:52:46] "POST /_dash-update-component HTTP/1.1" 200 -
2025-07-19 17:52:51,212 - werkzeug - INFO - 127.0.0.1 - - [19/Jul/2025 17:52:51] "POST /_dash-update-component HTTP/1.1" 200 -
2025-07-19 17:52:51,220 - werkzeug - INFO - 127.0.0.1 - - [19/Jul/2025 17:52:51] "POST /_dash-update-component HTTP/1.1" 200 -
2025-07-19 17:53:06,207 - werkzeug - INFO - 127.0.0.1 - - [19/Jul/2025 17:53:06] "POST /_dash-update-component HTTP/1.1" 200 -
2025-07-19 17:53:06,216 - werkzeug - INFO - 127.0.0.1 - - [19/Jul/2025 17:53:06] "POST /_dash-update-component HTTP/1.1" 200 -
2025-07-19 17:54:06,202 - werkzeug - INFO - 127.0.0.1 - - [19/Jul/2025 17:54:06] "POST /_dash-update-component HTTP/1.1" 200 -
2025-07-19 17:54:06,207 - werkzeug - INFO - 127.0.0.1 - - [19/Jul/2025 17:54:06] "POST /_dash-update-component HTTP/1.1" 200 -
2025-07-19 17:54:12,314 - werkzeug - INFO - 127.0.0.1 - - [19/Jul/2025 17:54:12] "POST /_dash-update-component HTTP/1.1" 200 -
2025-07-19 17:54:12,318 - werkzeug - INFO - 127.0.0.1 - - [19/Jul/2025 17:54:12] "POST /_dash-update-component HTTP/1.1" 200 -
2025-07-19 17:54:14,995 - werkzeug - INFO - 127.0.0.1 - - [19/Jul/2025 17:54:14] "POST /_dash-update-component HTTP/1.1" 200 -
2025-07-19 17:54:15,004 - werkzeug - INFO - 127.0.0.1 - - [19/Jul/2025 17:54:15] "POST /_dash-update-component HTTP/1.1" 200 -
2025-07-19 17:54:19,996 - werkzeug - INFO - 127.0.0.1 - - [19/Jul/2025 17:54:19] "POST /_dash-update-component HTTP/1.1" 200 -
2025-07-19 17:54:20,004 - werkzeug - INFO - 127.0.0.1 - - [19/Jul/2025 17:54:20] "POST /_dash-update-component HTTP/1.1" 200 -
2025-07-19 17:54:26,217 - werkzeug - INFO - 127.0.0.1 - - [19/Jul/2025 17:54:26] "POST /_dash-update-component HTTP/1.1" 200 -
2025-07-19 17:54:26,218 - werkzeug - INFO - 127.0.0.1 - - [19/Jul/2025 17:54:26] "POST /_dash-update-component HTTP/1.1" 200 -
2025-07-19 17:54:31,210 - werkzeug - INFO - 127.0.0.1 - - [19/Jul/2025 17:54:31] "POST /_dash-update-component HTTP/1.1" 200 -
2025-07-19 17:54:31,218 - werkzeug - INFO - 127.0.0.1 - - [19/Jul/2025 17:54:31] "POST /_dash-update-component HTTP/1.1" 200 -
2025-07-19 17:54:36,203 - werkzeug - INFO - 127.0.0.1 - - [19/Jul/2025 17:54:36] "POST /_dash-update-component HTTP/1.1" 200 -
2025-07-19 17:54:36,208 - werkzeug - INFO - 127.0.0.1 - - [19/Jul/2025 17:54:36] "POST /_dash-update-component HTTP/1.1" 200 -
2025-07-19 17:54:41,213 - werkzeug - INFO - 127.0.0.1 - - [19/Jul/2025 17:54:41] "POST /_dash-update-component HTTP/1.1" 200 -
2025-07-19 17:54:41,220 - werkzeug - INFO - 127.0.0.1 - - [19/Jul/2025 17:54:41] "POST /_dash-update-component HTTP/1.1" 200 -
2025-07-19 17:54:46,211 - werkzeug - INFO - 127.0.0.1 - - [19/Jul/2025 17:54:46] "POST /_dash-update-component HTTP/1.1" 200 -
2025-07-19 17:54:46,218 - werkzeug - INFO - 127.0.0.1 - - [19/Jul/2025 17:54:46] "POST /_dash-update-component HTTP/1.1" 200 -
2025-07-19 17:54:49,997 - werkzeug - INFO - 127.0.0.1 - - [19/Jul/2025 17:54:49] "POST /_dash-update-component HTTP/1.1" 200 -
2025-07-19 17:54:50,005 - werkzeug - INFO - 127.0.0.1 - - [19/Jul/2025 17:54:50] "POST /_dash-update-component HTTP/1.1" 200 -
2025-07-19 17:54:53,434 - werkzeug - INFO - 127.0.0.1 - - [19/Jul/2025 17:54:53] "GET / HTTP/1.1" 200 -
2025-07-19 17:54:54,369 - werkzeug - INFO - 127.0.0.1 - - [19/Jul/2025 17:54:54] "GET /_dash-layout HTTP/1.1" 200 -
2025-07-19 17:54:54,371 - werkzeug - INFO - 127.0.0.1 - - [19/Jul/2025 17:54:54] "GET /_dash-dependencies HTTP/1.1" 200 -
2025-07-19 17:54:54,372 - werkzeug - INFO - 127.0.0.1 - - [19/Jul/2025 17:54:54] "GET /_favicon.ico?v=3.1.1 HTTP/1.1" 200 -
2025-07-19 17:54:54,377 - werkzeug - INFO - 127.0.0.1 - - [19/Jul/2025 17:54:54] "POST /_dash-update-component HTTP/1.1" 200 -
2025-07-19 17:54:54,388 - werkzeug - INFO - 127.0.0.1 - - [19/Jul/2025 17:54:54] "POST /_dash-update-component HTTP/1.1" 200 -
2025-07-19 17:54:54,394 - werkzeug - INFO - 127.0.0.1 - - [19/Jul/2025 17:54:54] "[36mGET /_dash-component-suites/dash/dcc/async-graph.js HTTP/1.1[0m" 304 -
2025-07-19 17:54:54,395 - werkzeug - INFO - 127.0.0.1 - - [19/Jul/2025 17:54:54] "[36mGET /_dash-component-suites/dash/dash_table/async-highlight.js HTTP/1.1[0m" 304 -
2025-07-19 17:54:54,396 - werkzeug - INFO - 127.0.0.1 - - [19/Jul/2025 17:54:54] "[36mGET /_dash-component-suites/dash/dash_table/async-table.js HTTP/1.1[0m" 304 -
2025-07-19 17:54:54,400 - werkzeug - INFO - 127.0.0.1 - - [19/Jul/2025 17:54:54] "[36mGET /_dash-component-suites/plotly/package_data/plotly.min.js HTTP/1.1[0m" 304 -
2025-07-19 17:54:59,392 - werkzeug - INFO - 127.0.0.1 - - [19/Jul/2025 17:54:59] "POST /_dash-update-component HTTP/1.1" 200 -
2025-07-19 17:54:59,400 - werkzeug - INFO - 127.0.0.1 - - [19/Jul/2025 17:54:59] "POST /_dash-update-component HTTP/1.1" 200 -
2025-07-19 17:55:04,391 - werkzeug - INFO - 127.0.0.1 - - [19/Jul/2025 17:55:04] "POST /_dash-update-component HTTP/1.1" 200 -
2025-07-19 17:55:04,400 - werkzeug - INFO - 127.0.0.1 - - [19/Jul/2025 17:55:04] "POST /_dash-update-component HTTP/1.1" 200 -
2025-07-19 17:55:09,391 - werkzeug - INFO - 127.0.0.1 - - [19/Jul/2025 17:55:09] "POST /_dash-update-component HTTP/1.1" 200 -
2025-07-19 17:55:09,400 - werkzeug - INFO - 127.0.0.1 - - [19/Jul/2025 17:55:09] "POST /_dash-update-component HTTP/1.1" 200 -
2025-07-19 17:55:14,387 - werkzeug - INFO - 127.0.0.1 - - [19/Jul/2025 17:55:14] "POST /_dash-update-component HTTP/1.1" 200 -
2025-07-19 17:55:14,396 - werkzeug - INFO - 127.0.0.1 - - [19/Jul/2025 17:55:14] "POST /_dash-update-component HTTP/1.1" 200 -
2025-07-19 17:55:19,397 - werkzeug - INFO - 127.0.0.1 - - [19/Jul/2025 17:55:19] "POST /_dash-update-component HTTP/1.1" 200 -
2025-07-19 17:55:19,398 - werkzeug - INFO - 127.0.0.1 - - [19/Jul/2025 17:55:19] "POST /_dash-update-component HTTP/1.1" 200 -
2025-07-19 17:55:24,393 - werkzeug - INFO - 127.0.0.1 - - [19/Jul/2025 17:55:24] "POST /_dash-update-component HTTP/1.1" 200 -
2025-07-19 17:55:24,400 - werkzeug - INFO - 127.0.0.1 - - [19/Jul/2025 17:55:24] "POST /_dash-update-component HTTP/1.1" 200 -
2025-07-19 17:55:29,394 - werkzeug - INFO - 127.0.0.1 - - [19/Jul/2025 17:55:29] "POST /_dash-update-component HTTP/1.1" 200 -
2025-07-19 17:55:29,404 - werkzeug - INFO - 127.0.0.1 - - [19/Jul/2025 17:55:29] "POST /_dash-update-component HTTP/1.1" 200 -
2025-07-19 17:55:34,397 - werkzeug - INFO - 127.0.0.1 - - [19/Jul/2025 17:55:34] "POST /_dash-update-component HTTP/1.1" 200 -
2025-07-19 17:55:34,398 - werkzeug - INFO - 127.0.0.1 - - [19/Jul/2025 17:55:34] "POST /_dash-update-component HTTP/1.1" 200 -
2025-07-19 17:55:39,393 - werkzeug - INFO - 127.0.0.1 - - [19/Jul/2025 17:55:39] "POST /_dash-update-component HTTP/1.1" 200 -
2025-07-19 17:55:39,400 - werkzeug - INFO - 127.0.0.1 - - [19/Jul/2025 17:55:39] "POST /_dash-update-component HTTP/1.1" 200 -
2025-07-19 17:55:44,391 - werkzeug - INFO - 127.0.0.1 - - [19/Jul/2025 17:55:44] "POST /_dash-update-component HTTP/1.1" 200 -
2025-07-19 17:55:44,400 - werkzeug - INFO - 127.0.0.1 - - [19/Jul/2025 17:55:44] "POST /_dash-update-component HTTP/1.1" 200 -
2025-07-19 17:55:49,390 - werkzeug - INFO - 127.0.0.1 - - [19/Jul/2025 17:55:49] "POST /_dash-update-component HTTP/1.1" 200 -
2025-07-19 17:55:49,403 - werkzeug - INFO - 127.0.0.1 - - [19/Jul/2025 17:55:49] "POST /_dash-update-component HTTP/1.1" 200 -
2025-07-19 17:55:54,389 - werkzeug - INFO - 127.0.0.1 - - [19/Jul/2025 17:55:54] "POST /_dash-update-component HTTP/1.1" 200 -
2025-07-19 17:55:54,397 - werkzeug - INFO - 127.0.0.1 - - [19/Jul/2025 17:55:54] "POST /_dash-update-component HTTP/1.1" 200 -
2025-07-19 17:55:59,393 - werkzeug - INFO - 127.0.0.1 - - [19/Jul/2025 17:55:59] "POST /_dash-update-component HTTP/1.1" 200 -
2025-07-19 17:55:59,402 - werkzeug - INFO - 127.0.0.1 - - [19/Jul/2025 17:55:59] "POST /_dash-update-component HTTP/1.1" 200 -
2025-07-19 17:56:04,402 - werkzeug - INFO - 127.0.0.1 - - [19/Jul/2025 17:56:04] "POST /_dash-update-component HTTP/1.1" 200 -
2025-07-19 17:56:04,403 - werkzeug - INFO - 127.0.0.1 - - [19/Jul/2025 17:56:04] "POST /_dash-update-component HTTP/1.1" 200 -
2025-07-19 17:56:09,391 - werkzeug - INFO - 127.0.0.1 - - [19/Jul/2025 17:56:09] "POST /_dash-update-component HTTP/1.1" 200 -
2025-07-19 17:56:09,398 - werkzeug - INFO - 127.0.0.1 - - [19/Jul/2025 17:56:09] "POST /_dash-update-component HTTP/1.1" 200 -
2025-07-19 17:56:14,399 - werkzeug - INFO - 127.0.0.1 - - [19/Jul/2025 17:56:14] "POST /_dash-update-component HTTP/1.1" 200 -
2025-07-19 17:56:14,400 - werkzeug - INFO - 127.0.0.1 - - [19/Jul/2025 17:56:14] "POST /_dash-update-component HTTP/1.1" 200 -
2025-07-19 17:56:19,392 - werkzeug - INFO - 127.0.0.1 - - [19/Jul/2025 17:56:19] "POST /_dash-update-component HTTP/1.1" 200 -
2025-07-19 17:56:19,401 - werkzeug - INFO - 127.0.0.1 - - [19/Jul/2025 17:56:19] "POST /_dash-update-component HTTP/1.1" 200 -
2025-07-19 17:56:24,392 - werkzeug - INFO - 127.0.0.1 - - [19/Jul/2025 17:56:24] "POST /_dash-update-component HTTP/1.1" 200 -
2025-07-19 17:56:24,401 - werkzeug - INFO - 127.0.0.1 - - [19/Jul/2025 17:56:24] "POST /_dash-update-component HTTP/1.1" 200 -
2025-07-19 17:56:29,393 - werkzeug - INFO - 127.0.0.1 - - [19/Jul/2025 17:56:29] "POST /_dash-update-component HTTP/1.1" 200 -
2025-07-19 17:56:29,401 - werkzeug - INFO - 127.0.0.1 - - [19/Jul/2025 17:56:29] "POST /_dash-update-component HTTP/1.1" 200 -
2025-07-19 17:56:34,393 - werkzeug - INFO - 127.0.0.1 - - [19/Jul/2025 17:56:34] "POST /_dash-update-component HTTP/1.1" 200 -
2025-07-19 17:56:34,402 - werkzeug - INFO - 127.0.0.1 - - [19/Jul/2025 17:56:34] "POST /_dash-update-component HTTP/1.1" 200 -
